ISO-10303-21;
HEADER;
FILE_DESCRIPTION(('FreeCAD Model'),'2;1');
FILE_NAME('Open CASCADE Shape Model','2026-06-15T22:10:16',('Author'),(
    ''),'Open CASCADE STEP processor 7.8','FreeCAD','Unknown');
FILE_SCHEMA(('AUTOMOTIVE_DESIGN { 1 0 10303 214 1 1 1 1 }'));
ENDSEC;
DATA;
#1 = APPLICATION_PROTOCOL_DEFINITION('international standard',
  'automotive_design',2000,#2);
#2 = APPLICATION_CONTEXT(
  'core data for automotive mechanical design processes');
#3 = SHAPE_DEFINITION_REPRESENTATION(#4,#10);
#4 = PRODUCT_DEFINITION_SHAPE('','',#5);
#5 = PRODUCT_DEFINITION('design','',#6,#9);
#6 = PRODUCT_DEFINITION_FORMATION('','',#7);
#7 = PRODUCT('Body','Body','',(#8));
#8 = PRODUCT_CONTEXT('',#2,'mechanical');
#9 = PRODUCT_DEFINITION_CONTEXT('part definition',#2,'design');
#10 = ADVANCED_BREP_SHAPE_REPRESENTATION('',(#11,#15),#7406);
#11 = AXIS2_PLACEMENT_3D('',#12,#13,#14);
#12 = CARTESIAN_POINT('',(0.,0.,0.));
#13 = DIRECTION('',(0.,0.,1.));
#14 = DIRECTION('',(1.,0.,-0.));
#15 = MANIFOLD_SOLID_BREP('',#16);
#16 = CLOSED_SHELL('',(#17,#105,#154,#179,#204,#274,#344,#390,#436,#469,
    #486,#526,#538,#563,#691,#716,#741,#799,#824,#849,#895,#921,#947,
    #992,#1018,#1053,#1090,#1115,#1185,#1231,#1256,#1287,#1312,#1336,
    #1361,#1385,#1410,#1434,#1452,#1461,#1486,#1556,#1602,#1627,#1636,
    #1680,#1715,#1759,#1794,#1811,#1846,#1870,#1895,#1930,#1955,#1989,
    #2032,#2044,#2130,#2154,#2172,#2197,#2215,#2260,#2286,#2311,#2343,
    #2379,#2411,#2436,#2472,#2489,#2503,#2520,#2529,#2548,#2607,#2631,
    #2655,#2707,#2732,#2756,#2780,#2798,#2807,#2844,#2878,#2895,#2920,
    #2954,#2978,#3003,#3020,#3049,#4143,#4160,#4178,#4196,#4214,#4226,
    #4257,#4282,#4307,#4331,#4355,#4380,#4405,#4422,#4454,#4478,#4503,
    #4527,#4552,#4576,#4601,#4618,#4650,#4674,#4699,#4723,#4748,#4772,
    #4797,#4814,#4845,#4870,#4895,#4919,#4943,#4968,#4993,#5010,#5042,
    #5066,#5091,#5115,#5140,#5164,#5189,#5206,#5238,#5262,#5287,#5311,
    #5336,#5360,#5385,#5402,#5434,#5458,#5483,#5507,#5532,#5556,#5581,
    #5598,#5630,#5654,#5679,#5703,#5728,#5752,#5777,#5794,#5825,#5850,
    #5875,#5899,#5923,#5948,#5973,#5990,#6022,#6046,#6071,#6095,#6120,
    #6144,#6169,#6186,#6218,#6242,#6267,#6291,#6316,#6340,#6365,#6382,
    #6414,#6438,#6463,#6487,#6512,#6536,#6561,#6578,#6610,#6634,#6659,
    #6683,#6708,#6732,#6757,#6774,#6806,#6830,#6855,#6879,#6904,#6928,
    #6953,#6970,#7001,#7026,#7051,#7075,#7099,#7124,#7149,#7166,#7182,
    #7198,#7214,#7230,#7246,#7262,#7278,#7294,#7310,#7326,#7342,#7358,
    #7374,#7390));
#17 = ADVANCED_FACE('',(#18),#100,.T.);
#18 = FACE_BOUND('',#19,.T.);
#19 = EDGE_LOOP('',(#20,#30,#38,#46,#54,#62,#70,#78,#86,#94));
#20 = ORIENTED_EDGE('',*,*,#21,.F.);
#21 = EDGE_CURVE('',#22,#24,#26,.T.);
#22 = VERTEX_POINT('',#23);
#23 = CARTESIAN_POINT('',(0.,-11.,7.8));
#24 = VERTEX_POINT('',#25);
#25 = CARTESIAN_POINT('',(0.,-66.1,7.8));
#26 = LINE('',#27,#28);
#27 = CARTESIAN_POINT('',(0.,-33.55,7.8));
#28 = VECTOR('',#29,1.);
#29 = DIRECTION('',(0.,-1.,0.));
#30 = ORIENTED_EDGE('',*,*,#31,.F.);
#31 = EDGE_CURVE('',#32,#22,#34,.T.);
#32 = VERTEX_POINT('',#33);
#33 = CARTESIAN_POINT('',(0.,-11.,10.7));
#34 = LINE('',#35,#36);
#35 = CARTESIAN_POINT('',(-2.2E-16,-11.,10.7));
#36 = VECTOR('',#37,1.);
#37 = DIRECTION('',(0.,0.,-1.));
#38 = ORIENTED_EDGE('',*,*,#39,.F.);
#39 = EDGE_CURVE('',#40,#32,#42,.T.);
#40 = VERTEX_POINT('',#41);
#41 = CARTESIAN_POINT('',(0.,-10.,10.7));
#42 = LINE('',#43,#44);
#43 = CARTESIAN_POINT('',(0.,-5.,10.7));
#44 = VECTOR('',#45,1.);
#45 = DIRECTION('',(0.,-1.,0.));
#46 = ORIENTED_EDGE('',*,*,#47,.F.);
#47 = EDGE_CURVE('',#48,#40,#50,.T.);
#48 = VERTEX_POINT('',#49);
#49 = CARTESIAN_POINT('',(0.,-1.5,10.7));
#50 = LINE('',#51,#52);
#51 = CARTESIAN_POINT('',(0.,-5.,10.7));
#52 = VECTOR('',#53,1.);
#53 = DIRECTION('',(0.,-1.,0.));
#54 = ORIENTED_EDGE('',*,*,#55,.T.);
#55 = EDGE_CURVE('',#48,#56,#58,.T.);
#56 = VERTEX_POINT('',#57);
#57 = CARTESIAN_POINT('',(0.,-1.5,13.5));
#58 = LINE('',#59,#60);
#59 = CARTESIAN_POINT('',(-2.2E-16,-1.5,10.7));
#60 = VECTOR('',#61,1.);
#61 = DIRECTION('',(0.,0.,1.));
#62 = ORIENTED_EDGE('',*,*,#63,.T.);
#63 = EDGE_CURVE('',#56,#64,#66,.T.);
#64 = VERTEX_POINT('',#65);
#65 = CARTESIAN_POINT('',(0.,-75.6,13.5));
#66 = LINE('',#67,#68);
#67 = CARTESIAN_POINT('',(1.1E-16,-1.5,13.5));
#68 = VECTOR('',#69,1.);
#69 = DIRECTION('',(0.,-1.,0.));
#70 = ORIENTED_EDGE('',*,*,#71,.F.);
#71 = EDGE_CURVE('',#72,#64,#74,.T.);
#72 = VERTEX_POINT('',#73);
#73 = CARTESIAN_POINT('',(0.,-75.6,10.7));
#74 = LINE('',#75,#76);
#75 = CARTESIAN_POINT('',(-2.2E-16,-75.6,10.7));
#76 = VECTOR('',#77,1.);
#77 = DIRECTION('',(0.,0.,1.));
#78 = ORIENTED_EDGE('',*,*,#79,.F.);
#79 = EDGE_CURVE('',#80,#72,#82,.T.);
#80 = VERTEX_POINT('',#81);
#81 = CARTESIAN_POINT('',(0.,-67.1,10.7));
#82 = LINE('',#83,#84);
#83 = CARTESIAN_POINT('',(0.,-40.05,10.7));
#84 = VECTOR('',#85,1.);
#85 = DIRECTION('',(0.,-1.,0.));
#86 = ORIENTED_EDGE('',*,*,#87,.T.);
#87 = EDGE_CURVE('',#80,#88,#90,.T.);
#88 = VERTEX_POINT('',#89);
#89 = CARTESIAN_POINT('',(0.,-66.1,10.7));
#90 = LINE('',#91,#92);
#91 = CARTESIAN_POINT('',(0.,-40.05,10.7));
#92 = VECTOR('',#93,1.);
#93 = DIRECTION('',(0.,1.,0.));
#94 = ORIENTED_EDGE('',*,*,#95,.F.);
#95 = EDGE_CURVE('',#24,#88,#96,.T.);
#96 = LINE('',#97,#98);
#97 = CARTESIAN_POINT('',(-2.2E-16,-66.1,7.8));
#98 = VECTOR('',#99,1.);
#99 = DIRECTION('',(0.,0.,1.));
#100 = PLANE('',#101);
#101 = AXIS2_PLACEMENT_3D('',#102,#103,#104);
#102 = CARTESIAN_POINT('',(0.,0.,0.));
#103 = DIRECTION('',(1.,0.,0.));
#104 = DIRECTION('',(0.,-1.,0.));
#105 = ADVANCED_FACE('',(#106),#149,.T.);
#106 = FACE_BOUND('',#107,.T.);
#107 = EDGE_LOOP('',(#108,#118,#125,#126,#135,#143));
#108 = ORIENTED_EDGE('',*,*,#109,.F.);
#109 = EDGE_CURVE('',#110,#112,#114,.T.);
#110 = VERTEX_POINT('',#111);
#111 = CARTESIAN_POINT('',(1.,-10.,7.8));
#112 = VERTEX_POINT('',#113);
#113 = CARTESIAN_POINT('',(4.3,-10.,7.8));
#114 = LINE('',#115,#116);
#115 = CARTESIAN_POINT('',(-3.,-10.,7.8));
#116 = VECTOR('',#117,1.);
#117 = DIRECTION('',(1.,0.,0.));
#118 = ORIENTED_EDGE('',*,*,#119,.F.);
#119 = EDGE_CURVE('',#22,#110,#120,.T.);
#120 = CIRCLE('',#121,1.);
#121 = AXIS2_PLACEMENT_3D('',#122,#123,#124);
#122 = CARTESIAN_POINT('',(1.,-11.,7.8));
#123 = DIRECTION('',(0.,0.,-1.));
#124 = DIRECTION('',(0.,1.,0.));
#125 = ORIENTED_EDGE('',*,*,#21,.T.);
#126 = ORIENTED_EDGE('',*,*,#127,.T.);
#127 = EDGE_CURVE('',#24,#128,#130,.T.);
#128 = VERTEX_POINT('',#129);
#129 = CARTESIAN_POINT('',(1.,-67.1,7.8));
#130 = CIRCLE('',#131,1.);
#131 = AXIS2_PLACEMENT_3D('',#132,#133,#134);
#132 = CARTESIAN_POINT('',(1.,-66.1,7.8));
#133 = DIRECTION('',(-0.,0.,1.));
#134 = DIRECTION('',(0.,-1.,0.));
#135 = ORIENTED_EDGE('',*,*,#136,.T.);
#136 = EDGE_CURVE('',#128,#137,#139,.T.);
#137 = VERTEX_POINT('',#138);
#138 = CARTESIAN_POINT('',(4.3,-67.1,7.8));
#139 = LINE('',#140,#141);
#140 = CARTESIAN_POINT('',(-3.,-67.1,7.8));
#141 = VECTOR('',#142,1.);
#142 = DIRECTION('',(1.,0.,0.));
#143 = ORIENTED_EDGE('',*,*,#144,.T.);
#144 = EDGE_CURVE('',#137,#112,#145,.T.);
#145 = LINE('',#146,#147);
#146 = CARTESIAN_POINT('',(4.3,-67.1,7.8));
#147 = VECTOR('',#148,1.);
#148 = DIRECTION('',(0.,1.,0.));
#149 = PLANE('',#150);
#150 = AXIS2_PLACEMENT_3D('',#151,#152,#153);
#151 = CARTESIAN_POINT('',(-3.,-67.1,7.8));
#152 = DIRECTION('',(0.,0.,1.));
#153 = DIRECTION('',(0.,1.,0.));
#154 = ADVANCED_FACE('',(#155),#174,.F.);
#155 = FACE_BOUND('',#156,.F.);
#156 = EDGE_LOOP('',(#157,#166,#172,#173));
#157 = ORIENTED_EDGE('',*,*,#158,.T.);
#158 = EDGE_CURVE('',#32,#159,#161,.T.);
#159 = VERTEX_POINT('',#160);
#160 = CARTESIAN_POINT('',(1.,-10.,10.7));
#161 = CIRCLE('',#162,1.);
#162 = AXIS2_PLACEMENT_3D('',#163,#164,#165);
#163 = CARTESIAN_POINT('',(1.,-11.,10.7));
#164 = DIRECTION('',(0.,0.,-1.));
#165 = DIRECTION('',(0.,1.,0.));
#166 = ORIENTED_EDGE('',*,*,#167,.T.);
#167 = EDGE_CURVE('',#159,#110,#168,.T.);
#168 = LINE('',#169,#170);
#169 = CARTESIAN_POINT('',(1.,-10.,10.7));
#170 = VECTOR('',#171,1.);
#171 = DIRECTION('',(0.,0.,-1.));
#172 = ORIENTED_EDGE('',*,*,#119,.F.);
#173 = ORIENTED_EDGE('',*,*,#31,.F.);
#174 = CYLINDRICAL_SURFACE('',#175,1.);
#175 = AXIS2_PLACEMENT_3D('',#176,#177,#178);
#176 = CARTESIAN_POINT('',(1.,-11.,10.7));
#177 = DIRECTION('',(0.,0.,-1.));
#178 = DIRECTION('',(-1.,-0.,-0.));
#179 = ADVANCED_FACE('',(#180),#199,.F.);
#180 = FACE_BOUND('',#181,.F.);
#181 = EDGE_LOOP('',(#182,#183,#191,#198));
#182 = ORIENTED_EDGE('',*,*,#127,.T.);
#183 = ORIENTED_EDGE('',*,*,#184,.T.);
#184 = EDGE_CURVE('',#128,#185,#187,.T.);
#185 = VERTEX_POINT('',#186);
#186 = CARTESIAN_POINT('',(1.,-67.1,10.7));
#187 = LINE('',#188,#189);
#188 = CARTESIAN_POINT('',(1.,-67.1,7.8));
#189 = VECTOR('',#190,1.);
#190 = DIRECTION('',(0.,0.,1.));
#191 = ORIENTED_EDGE('',*,*,#192,.F.);
#192 = EDGE_CURVE('',#88,#185,#193,.T.);
#193 = CIRCLE('',#194,1.);
#194 = AXIS2_PLACEMENT_3D('',#195,#196,#197);
#195 = CARTESIAN_POINT('',(1.,-66.1,10.7));
#196 = DIRECTION('',(-0.,0.,1.));
#197 = DIRECTION('',(0.,-1.,0.));
#198 = ORIENTED_EDGE('',*,*,#95,.F.);
#199 = CYLINDRICAL_SURFACE('',#200,1.);
#200 = AXIS2_PLACEMENT_3D('',#201,#202,#203);
#201 = CARTESIAN_POINT('',(1.,-66.1,7.8));
#202 = DIRECTION('',(0.,0.,1.));
#203 = DIRECTION('',(-1.,0.,0.));
#204 = ADVANCED_FACE('',(#205,#258),#269,.T.);
#205 = FACE_BOUND('',#206,.T.);
#206 = EDGE_LOOP('',(#207,#215,#223,#232,#240,#248,#255,#256,#257));
#207 = ORIENTED_EDGE('',*,*,#208,.T.);
#208 = EDGE_CURVE('',#159,#209,#211,.T.);
#209 = VERTEX_POINT('',#210);
#210 = CARTESIAN_POINT('',(4.3,-10.,10.7));
#211 = LINE('',#212,#213);
#212 = CARTESIAN_POINT('',(-3.,-10.,10.7));
#213 = VECTOR('',#214,1.);
#214 = DIRECTION('',(1.,0.,0.));
#215 = ORIENTED_EDGE('',*,*,#216,.T.);
#216 = EDGE_CURVE('',#209,#217,#219,.T.);
#217 = VERTEX_POINT('',#218);
#218 = CARTESIAN_POINT('',(4.3,-1.,10.7));
#219 = LINE('',#220,#221);
#220 = CARTESIAN_POINT('',(4.3,-10.,10.7));
#221 = VECTOR('',#222,1.);
#222 = DIRECTION('',(0.,1.,0.));
#223 = ORIENTED_EDGE('',*,*,#224,.F.);
#224 = EDGE_CURVE('',#225,#217,#227,.T.);
#225 = VERTEX_POINT('',#226);
#226 = CARTESIAN_POINT('',(5.3,0.,10.7));
#227 = CIRCLE('',#228,1.);
#228 = AXIS2_PLACEMENT_3D('',#229,#230,#231);
#229 = CARTESIAN_POINT('',(5.3,-1.,10.7));
#230 = DIRECTION('',(-0.,0.,1.));
#231 = DIRECTION('',(0.,-1.,0.));
#232 = ORIENTED_EDGE('',*,*,#233,.F.);
#233 = EDGE_CURVE('',#234,#225,#236,.T.);
#234 = VERTEX_POINT('',#235);
#235 = CARTESIAN_POINT('',(4.3,0.,10.7));
#236 = LINE('',#237,#238);
#237 = CARTESIAN_POINT('',(117.565,0.,10.7));
#238 = VECTOR('',#239,1.);
#239 = DIRECTION('',(1.,0.,0.));
#240 = ORIENTED_EDGE('',*,*,#241,.T.);
#241 = EDGE_CURVE('',#234,#242,#244,.T.);
#242 = VERTEX_POINT('',#243);
#243 = CARTESIAN_POINT('',(1.5,0.,10.7));
#244 = LINE('',#245,#246);
#245 = CARTESIAN_POINT('',(117.565,0.,10.7));
#246 = VECTOR('',#247,1.);
#247 = DIRECTION('',(-1.,0.,0.));
#248 = ORIENTED_EDGE('',*,*,#249,.F.);
#249 = EDGE_CURVE('',#48,#242,#250,.T.);
#250 = CIRCLE('',#251,1.5);
#251 = AXIS2_PLACEMENT_3D('',#252,#253,#254);
#252 = CARTESIAN_POINT('',(1.5,-1.5,10.7));
#253 = DIRECTION('',(-0.,-0.,-1.));
#254 = DIRECTION('',(0.,-1.,0.));
#255 = ORIENTED_EDGE('',*,*,#47,.T.);
#256 = ORIENTED_EDGE('',*,*,#39,.T.);
#257 = ORIENTED_EDGE('',*,*,#158,.T.);
#258 = FACE_BOUND('',#259,.T.);
#259 = EDGE_LOOP('',(#260));
#260 = ORIENTED_EDGE('',*,*,#261,.F.);
#261 = EDGE_CURVE('',#262,#262,#264,.T.);
#262 = VERTEX_POINT('',#263);
#263 = CARTESIAN_POINT('',(3.747831,-5.,10.7));
#264 = CIRCLE('',#265,1.6);
#265 = AXIS2_PLACEMENT_3D('',#266,#267,#268);
#266 = CARTESIAN_POINT('',(2.147831,-5.,10.7));
#267 = DIRECTION('',(0.,0.,1.));
#268 = DIRECTION('',(1.,0.,0.));
#269 = PLANE('',#270);
#270 = AXIS2_PLACEMENT_3D('',#271,#272,#273);
#271 = CARTESIAN_POINT('',(-3.,-10.,10.7));
#272 = DIRECTION('',(0.,0.,1.));
#273 = DIRECTION('',(0.,1.,0.));
#274 = ADVANCED_FACE('',(#275,#328),#339,.T.);
#275 = FACE_BOUND('',#276,.T.);
#276 = EDGE_LOOP('',(#277,#287,#293,#294,#295,#296,#305,#313,#321));
#277 = ORIENTED_EDGE('',*,*,#278,.T.);
#278 = EDGE_CURVE('',#279,#281,#283,.T.);
#279 = VERTEX_POINT('',#280);
#280 = CARTESIAN_POINT('',(4.3,-76.1,10.7));
#281 = VERTEX_POINT('',#282);
#282 = CARTESIAN_POINT('',(4.3,-67.1,10.7));
#283 = LINE('',#284,#285);
#284 = CARTESIAN_POINT('',(4.3,-80.1,10.7));
#285 = VECTOR('',#286,1.);
#286 = DIRECTION('',(0.,1.,0.));
#287 = ORIENTED_EDGE('',*,*,#288,.F.);
#288 = EDGE_CURVE('',#185,#281,#289,.T.);
#289 = LINE('',#290,#291);
#290 = CARTESIAN_POINT('',(-3.,-67.1,10.7));
#291 = VECTOR('',#292,1.);
#292 = DIRECTION('',(1.,0.,0.));
#293 = ORIENTED_EDGE('',*,*,#192,.F.);
#294 = ORIENTED_EDGE('',*,*,#87,.F.);
#295 = ORIENTED_EDGE('',*,*,#79,.T.);
#296 = ORIENTED_EDGE('',*,*,#297,.T.);
#297 = EDGE_CURVE('',#72,#298,#300,.T.);
#298 = VERTEX_POINT('',#299);
#299 = CARTESIAN_POINT('',(1.5,-77.1,10.7));
#300 = CIRCLE('',#301,1.5);
#301 = AXIS2_PLACEMENT_3D('',#302,#303,#304);
#302 = CARTESIAN_POINT('',(1.5,-75.6,10.7));
#303 = DIRECTION('',(-0.,0.,1.));
#304 = DIRECTION('',(0.,-1.,0.));
#305 = ORIENTED_EDGE('',*,*,#306,.T.);
#306 = EDGE_CURVE('',#298,#307,#309,.T.);
#307 = VERTEX_POINT('',#308);
#308 = CARTESIAN_POINT('',(4.3,-77.1,10.7));
#309 = LINE('',#310,#311);
#310 = CARTESIAN_POINT('',(-1.5,-77.1,10.7));
#311 = VECTOR('',#312,1.);
#312 = DIRECTION('',(1.,0.,0.));
#313 = ORIENTED_EDGE('',*,*,#314,.T.);
#314 = EDGE_CURVE('',#307,#315,#317,.T.);
#315 = VERTEX_POINT('',#316);
#316 = CARTESIAN_POINT('',(5.3,-77.1,10.7));
#317 = LINE('',#318,#319);
#318 = CARTESIAN_POINT('',(-1.5,-77.1,10.7));
#319 = VECTOR('',#320,1.);
#320 = DIRECTION('',(1.,0.,0.));
#321 = ORIENTED_EDGE('',*,*,#322,.T.);
#322 = EDGE_CURVE('',#315,#279,#323,.T.);
#323 = CIRCLE('',#324,1.);
#324 = AXIS2_PLACEMENT_3D('',#325,#326,#327);
#325 = CARTESIAN_POINT('',(5.3,-76.1,10.7));
#326 = DIRECTION('',(0.,0.,-1.));
#327 = DIRECTION('',(0.,1.,0.));
#328 = FACE_BOUND('',#329,.T.);
#329 = EDGE_LOOP('',(#330));
#330 = ORIENTED_EDGE('',*,*,#331,.F.);
#331 = EDGE_CURVE('',#332,#332,#334,.T.);
#332 = VERTEX_POINT('',#333);
#333 = CARTESIAN_POINT('',(3.753625,-72.1,10.7));
#334 = CIRCLE('',#335,1.6);
#335 = AXIS2_PLACEMENT_3D('',#336,#337,#338);
#336 = CARTESIAN_POINT('',(2.153625,-72.1,10.7));
#337 = DIRECTION('',(0.,0.,1.));
#338 = DIRECTION('',(1.,0.,0.));
#339 = PLANE('',#340);
#340 = AXIS2_PLACEMENT_3D('',#341,#342,#343);
#341 = CARTESIAN_POINT('',(-3.,-80.1,10.7));
#342 = DIRECTION('',(0.,0.,1.));
#343 = DIRECTION('',(0.,1.,0.));
#344 = ADVANCED_FACE('',(#345),#385,.F.);
#345 = FACE_BOUND('',#346,.T.);
#346 = EDGE_LOOP('',(#347,#348,#349,#357,#366,#378));
#347 = ORIENTED_EDGE('',*,*,#55,.F.);
#348 = ORIENTED_EDGE('',*,*,#249,.T.);
#349 = ORIENTED_EDGE('',*,*,#350,.T.);
#350 = EDGE_CURVE('',#242,#351,#353,.T.);
#351 = VERTEX_POINT('',#352);
#352 = CARTESIAN_POINT('',(1.5,0.,13.5));
#353 = LINE('',#354,#355);
#354 = CARTESIAN_POINT('',(1.5,2.2E-16,10.7));
#355 = VECTOR('',#356,1.);
#356 = DIRECTION('',(0.,0.,1.));
#357 = ORIENTED_EDGE('',*,*,#358,.T.);
#358 = EDGE_CURVE('',#351,#359,#361,.T.);
#359 = VERTEX_POINT('',#360);
#360 = CARTESIAN_POINT('',(1.058578370825,-6.642162917538E-02,13.5));
#361 = CIRCLE('',#362,1.5);
#362 = AXIS2_PLACEMENT_3D('',#363,#364,#365);
#363 = CARTESIAN_POINT('',(1.5,-1.5,13.5));
#364 = DIRECTION('',(0.,0.,1.));
#365 = DIRECTION('',(-3.E-16,1.,0.));
#366 = ORIENTED_EDGE('',*,*,#367,.T.);
#367 = EDGE_CURVE('',#359,#368,#370,.T.);
#368 = VERTEX_POINT('',#369);
#369 = CARTESIAN_POINT('',(6.642162917537E-02,-1.058578370825,13.5));
#370 = ( BOUNDED_CURVE() B_SPLINE_CURVE(6,(#371,#372,#373,#374,#375,#376
,#377),.UNSPECIFIED.,.F.,.F.) B_SPLINE_CURVE_WITH_KNOTS((7,7),(
235.57805481248,237.0381396777),.PIECEWISE_BEZIER_KNOTS.) CURVE() 
GEOMETRIC_REPRESENTATION_ITEM() RATIONAL_B_SPLINE_CURVE((1.,1.,1.,1.,1.,
1.,1.)) REPRESENTATION_ITEM('') );
#371 = CARTESIAN_POINT('',(1.058578370825,-6.642162917538E-02,13.5));
#372 = CARTESIAN_POINT('',(0.826006644823,-0.138034170409,13.5));
#373 = CARTESIAN_POINT('',(0.607377252425,-0.254922303442,
    13.494930823913));
#374 = CARTESIAN_POINT('',(0.413700544395,-0.413700544395,13.49187878075
    ));
#375 = CARTESIAN_POINT('',(0.254922303442,-0.607377252425,
    13.494930823913));
#376 = CARTESIAN_POINT('',(0.138034170409,-0.826006644823,13.5));
#377 = CARTESIAN_POINT('',(6.642162917537E-02,-1.058578370825,13.5));
#378 = ORIENTED_EDGE('',*,*,#379,.T.);
#379 = EDGE_CURVE('',#368,#56,#380,.T.);
#380 = CIRCLE('',#381,1.5);
#381 = AXIS2_PLACEMENT_3D('',#382,#383,#384);
#382 = CARTESIAN_POINT('',(1.5,-1.5,13.5));
#383 = DIRECTION('',(0.,0.,1.));
#384 = DIRECTION('',(-3.E-16,1.,0.));
#385 = CYLINDRICAL_SURFACE('',#386,1.5);
#386 = AXIS2_PLACEMENT_3D('',#387,#388,#389);
#387 = CARTESIAN_POINT('',(1.5,-1.5,10.7));
#388 = DIRECTION('',(0.,0.,1.));
#389 = DIRECTION('',(-1.,0.,0.));
#390 = ADVANCED_FACE('',(#391),#431,.F.);
#391 = FACE_BOUND('',#392,.F.);
#392 = EDGE_LOOP('',(#393,#394,#395,#403,#412,#424));
#393 = ORIENTED_EDGE('',*,*,#71,.F.);
#394 = ORIENTED_EDGE('',*,*,#297,.T.);
#395 = ORIENTED_EDGE('',*,*,#396,.T.);
#396 = EDGE_CURVE('',#298,#397,#399,.T.);
#397 = VERTEX_POINT('',#398);
#398 = CARTESIAN_POINT('',(1.5,-77.1,13.5));
#399 = LINE('',#400,#401);
#400 = CARTESIAN_POINT('',(1.5,-77.1,10.7));
#401 = VECTOR('',#402,1.);
#402 = DIRECTION('',(0.,0.,1.));
#403 = ORIENTED_EDGE('',*,*,#404,.F.);
#404 = EDGE_CURVE('',#405,#397,#407,.T.);
#405 = VERTEX_POINT('',#406);
#406 = CARTESIAN_POINT('',(1.058578370825,-77.03357837082,13.5));
#407 = CIRCLE('',#408,1.5);
#408 = AXIS2_PLACEMENT_3D('',#409,#410,#411);
#409 = CARTESIAN_POINT('',(1.5,-75.6,13.5));
#410 = DIRECTION('',(0.,0.,1.));
#411 = DIRECTION('',(-1.,0.,0.));
#412 = ORIENTED_EDGE('',*,*,#413,.F.);
#413 = EDGE_CURVE('',#414,#405,#416,.T.);
#414 = VERTEX_POINT('',#415);
#415 = CARTESIAN_POINT('',(6.642162917537E-02,-76.04142162917,13.5));
#416 = ( BOUNDED_CURVE() B_SPLINE_CURVE(6,(#417,#418,#419,#420,#421,#422
,#423),.UNSPECIFIED.,.F.,.F.) B_SPLINE_CURVE_WITH_KNOTS((7,7),(
312.03424930267,313.4943341679),.PIECEWISE_BEZIER_KNOTS.) CURVE() 
GEOMETRIC_REPRESENTATION_ITEM() RATIONAL_B_SPLINE_CURVE((1.,1.,1.,1.,1.,
1.,1.)) REPRESENTATION_ITEM('') );
#417 = CARTESIAN_POINT('',(6.642162917536E-02,-76.04142162917,13.5));
#418 = CARTESIAN_POINT('',(0.138034170408,-76.27399335517,13.5));
#419 = CARTESIAN_POINT('',(0.254922303442,-76.49262274757,
    13.494930823913));
#420 = CARTESIAN_POINT('',(0.413700544395,-76.6862994556,13.49187878075)
  );
#421 = CARTESIAN_POINT('',(0.607377252425,-76.84507769655,
    13.494930823913));
#422 = CARTESIAN_POINT('',(0.826006644823,-76.96196582959,13.5));
#423 = CARTESIAN_POINT('',(1.058578370825,-77.03357837082,13.5));
#424 = ORIENTED_EDGE('',*,*,#425,.F.);
#425 = EDGE_CURVE('',#64,#414,#426,.T.);
#426 = CIRCLE('',#427,1.5);
#427 = AXIS2_PLACEMENT_3D('',#428,#429,#430);
#428 = CARTESIAN_POINT('',(1.5,-75.6,13.5));
#429 = DIRECTION('',(0.,0.,1.));
#430 = DIRECTION('',(-1.,0.,0.));
#431 = CYLINDRICAL_SURFACE('',#432,1.5);
#432 = AXIS2_PLACEMENT_3D('',#433,#434,#435);
#433 = CARTESIAN_POINT('',(1.5,-75.6,10.7));
#434 = DIRECTION('',(0.,0.,1.));
#435 = DIRECTION('',(-1.,0.,0.));
#436 = ADVANCED_FACE('',(#437),#464,.T.);
#437 = FACE_BOUND('',#438,.F.);
#438 = EDGE_LOOP('',(#439,#448,#449,#458));
#439 = ORIENTED_EDGE('',*,*,#440,.T.);
#440 = EDGE_CURVE('',#441,#56,#443,.T.);
#441 = VERTEX_POINT('',#442);
#442 = CARTESIAN_POINT('',(-0.5,-1.5,14.));
#443 = CIRCLE('',#444,0.5);
#444 = AXIS2_PLACEMENT_3D('',#445,#446,#447);
#445 = CARTESIAN_POINT('',(-0.5,-1.5,13.5));
#446 = DIRECTION('',(-2.3E-16,1.,0.));
#447 = DIRECTION('',(-1.,-2.3E-16,0.));
#448 = ORIENTED_EDGE('',*,*,#63,.T.);
#449 = ORIENTED_EDGE('',*,*,#450,.F.);
#450 = EDGE_CURVE('',#451,#64,#453,.T.);
#451 = VERTEX_POINT('',#452);
#452 = CARTESIAN_POINT('',(-0.5,-75.6,14.));
#453 = CIRCLE('',#454,0.5);
#454 = AXIS2_PLACEMENT_3D('',#455,#456,#457);
#455 = CARTESIAN_POINT('',(-0.5,-75.6,13.5));
#456 = DIRECTION('',(0.,1.,0.));
#457 = DIRECTION('',(0.,0.,1.));
#458 = ORIENTED_EDGE('',*,*,#459,.F.);
#459 = EDGE_CURVE('',#441,#451,#460,.T.);
#460 = LINE('',#461,#462);
#461 = CARTESIAN_POINT('',(-0.5,-1.5,14.));
#462 = VECTOR('',#463,1.);
#463 = DIRECTION('',(0.,-1.,0.));
#464 = CYLINDRICAL_SURFACE('',#465,0.5);
#465 = AXIS2_PLACEMENT_3D('',#466,#467,#468);
#466 = CARTESIAN_POINT('',(-0.5,-1.5,13.5));
#467 = DIRECTION('',(0.,-1.,0.));
#468 = DIRECTION('',(0.,0.,1.));
#469 = ADVANCED_FACE('',(#470),#481,.T.);
#470 = FACE_BOUND('',#471,.T.);
#471 = EDGE_LOOP('',(#472,#473,#474,#475));
#472 = ORIENTED_EDGE('',*,*,#208,.F.);
#473 = ORIENTED_EDGE('',*,*,#167,.T.);
#474 = ORIENTED_EDGE('',*,*,#109,.T.);
#475 = ORIENTED_EDGE('',*,*,#476,.T.);
#476 = EDGE_CURVE('',#112,#209,#477,.T.);
#477 = LINE('',#478,#479);
#478 = CARTESIAN_POINT('',(4.3,-10.,0.));
#479 = VECTOR('',#480,1.);
#480 = DIRECTION('',(0.,0.,1.));
#481 = PLANE('',#482);
#482 = AXIS2_PLACEMENT_3D('',#483,#484,#485);
#483 = CARTESIAN_POINT('',(-3.,-10.,7.8));
#484 = DIRECTION('',(0.,-1.,0.));
#485 = DIRECTION('',(0.,0.,1.));
#486 = ADVANCED_FACE('',(#487),#521,.T.);
#487 = FACE_BOUND('',#488,.T.);
#488 = EDGE_LOOP('',(#489,#490,#491,#492,#498,#499,#507,#515));
#489 = ORIENTED_EDGE('',*,*,#216,.F.);
#490 = ORIENTED_EDGE('',*,*,#476,.F.);
#491 = ORIENTED_EDGE('',*,*,#144,.F.);
#492 = ORIENTED_EDGE('',*,*,#493,.F.);
#493 = EDGE_CURVE('',#281,#137,#494,.T.);
#494 = LINE('',#495,#496);
#495 = CARTESIAN_POINT('',(4.3,-67.1,10.7));
#496 = VECTOR('',#497,1.);
#497 = DIRECTION('',(0.,0.,-1.));
#498 = ORIENTED_EDGE('',*,*,#278,.F.);
#499 = ORIENTED_EDGE('',*,*,#500,.T.);
#500 = EDGE_CURVE('',#279,#501,#503,.T.);
#501 = VERTEX_POINT('',#502);
#502 = CARTESIAN_POINT('',(4.3,-76.1,2.5));
#503 = LINE('',#504,#505);
#504 = CARTESIAN_POINT('',(4.3,-76.1,10.7));
#505 = VECTOR('',#506,1.);
#506 = DIRECTION('',(0.,0.,-1.));
#507 = ORIENTED_EDGE('',*,*,#508,.T.);
#508 = EDGE_CURVE('',#501,#509,#511,.T.);
#509 = VERTEX_POINT('',#510);
#510 = CARTESIAN_POINT('',(4.3,-1.,2.5));
#511 = LINE('',#512,#513);
#512 = CARTESIAN_POINT('',(4.3,-38.55,2.5));
#513 = VECTOR('',#514,1.);
#514 = DIRECTION('',(0.,1.,0.));
#515 = ORIENTED_EDGE('',*,*,#516,.T.);
#516 = EDGE_CURVE('',#509,#217,#517,.T.);
#517 = LINE('',#518,#519);
#518 = CARTESIAN_POINT('',(4.3,-1.,2.5));
#519 = VECTOR('',#520,1.);
#520 = DIRECTION('',(0.,0.,1.));
#521 = PLANE('',#522);
#522 = AXIS2_PLACEMENT_3D('',#523,#524,#525);
#523 = CARTESIAN_POINT('',(4.3,-38.55,4.512021371327));
#524 = DIRECTION('',(1.,0.,0.));
#525 = DIRECTION('',(0.,0.,1.));
#526 = ADVANCED_FACE('',(#527),#533,.T.);
#527 = FACE_BOUND('',#528,.T.);
#528 = EDGE_LOOP('',(#529,#530,#531,#532));
#529 = ORIENTED_EDGE('',*,*,#136,.F.);
#530 = ORIENTED_EDGE('',*,*,#184,.T.);
#531 = ORIENTED_EDGE('',*,*,#288,.T.);
#532 = ORIENTED_EDGE('',*,*,#493,.T.);
#533 = PLANE('',#534);
#534 = AXIS2_PLACEMENT_3D('',#535,#536,#537);
#535 = CARTESIAN_POINT('',(-3.,-67.1,10.7));
#536 = DIRECTION('',(0.,1.,0.));
#537 = DIRECTION('',(0.,0.,-1.));
#538 = ADVANCED_FACE('',(#539),#558,.F.);
#539 = FACE_BOUND('',#540,.F.);
#540 = EDGE_LOOP('',(#541,#550,#551,#552));
#541 = ORIENTED_EDGE('',*,*,#542,.T.);
#542 = EDGE_CURVE('',#543,#509,#545,.T.);
#543 = VERTEX_POINT('',#544);
#544 = CARTESIAN_POINT('',(5.3,0.,2.5));
#545 = CIRCLE('',#546,1.);
#546 = AXIS2_PLACEMENT_3D('',#547,#548,#549);
#547 = CARTESIAN_POINT('',(5.3,-1.,2.5));
#548 = DIRECTION('',(-0.,0.,1.));
#549 = DIRECTION('',(0.,-1.,0.));
#550 = ORIENTED_EDGE('',*,*,#516,.T.);
#551 = ORIENTED_EDGE('',*,*,#224,.F.);
#552 = ORIENTED_EDGE('',*,*,#553,.F.);
#553 = EDGE_CURVE('',#543,#225,#554,.T.);
#554 = LINE('',#555,#556);
#555 = CARTESIAN_POINT('',(5.3,2.2E-16,2.5));
#556 = VECTOR('',#557,1.);
#557 = DIRECTION('',(0.,0.,1.));
#558 = CYLINDRICAL_SURFACE('',#559,1.);
#559 = AXIS2_PLACEMENT_3D('',#560,#561,#562);
#560 = CARTESIAN_POINT('',(5.3,-1.,2.5));
#561 = DIRECTION('',(0.,0.,1.));
#562 = DIRECTION('',(0.,1.,0.));
#563 = ADVANCED_FACE('',(#564,#616),#686,.T.);
#564 = FACE_BOUND('',#565,.T.);
#565 = EDGE_LOOP('',(#566,#574,#582,#590,#598,#606,#612,#613,#614,#615)
  );
#566 = ORIENTED_EDGE('',*,*,#567,.F.);
#567 = EDGE_CURVE('',#568,#543,#570,.T.);
#568 = VERTEX_POINT('',#569);
#569 = CARTESIAN_POINT('',(232.83,0.,2.5));
#570 = LINE('',#571,#572);
#571 = CARTESIAN_POINT('',(178.5975,0.,2.5));
#572 = VECTOR('',#573,1.);
#573 = DIRECTION('',(-1.,0.,0.));
#574 = ORIENTED_EDGE('',*,*,#575,.T.);
#575 = EDGE_CURVE('',#568,#576,#578,.T.);
#576 = VERTEX_POINT('',#577);
#577 = CARTESIAN_POINT('',(232.83,0.,10.7));
#578 = LINE('',#579,#580);
#579 = CARTESIAN_POINT('',(232.83,2.2E-16,2.5));
#580 = VECTOR('',#581,1.);
#581 = DIRECTION('',(0.,0.,1.));
#582 = ORIENTED_EDGE('',*,*,#583,.F.);
#583 = EDGE_CURVE('',#584,#576,#586,.T.);
#584 = VERTEX_POINT('',#585);
#585 = CARTESIAN_POINT('',(233.83,0.,10.7));
#586 = LINE('',#587,#588);
#587 = CARTESIAN_POINT('',(239.63,0.,10.7));
#588 = VECTOR('',#589,1.);
#589 = DIRECTION('',(-1.,0.,0.));
#590 = ORIENTED_EDGE('',*,*,#591,.F.);
#591 = EDGE_CURVE('',#592,#584,#594,.T.);
#592 = VERTEX_POINT('',#593);
#593 = CARTESIAN_POINT('',(236.63,0.,10.7));
#594 = LINE('',#595,#596);
#595 = CARTESIAN_POINT('',(239.63,0.,10.7));
#596 = VECTOR('',#597,1.);
#597 = DIRECTION('',(-1.,0.,0.));
#598 = ORIENTED_EDGE('',*,*,#599,.T.);
#599 = EDGE_CURVE('',#592,#600,#602,.T.);
#600 = VERTEX_POINT('',#601);
#601 = CARTESIAN_POINT('',(236.63,0.,13.5));
#602 = LINE('',#603,#604);
#603 = CARTESIAN_POINT('',(236.63,2.2E-16,10.7));
#604 = VECTOR('',#605,1.);
#605 = DIRECTION('',(0.,0.,1.));
#606 = ORIENTED_EDGE('',*,*,#607,.T.);
#607 = EDGE_CURVE('',#600,#351,#608,.T.);
#608 = LINE('',#609,#610);
#609 = CARTESIAN_POINT('',(236.63,-1.1E-16,13.5));
#610 = VECTOR('',#611,1.);
#611 = DIRECTION('',(-1.,0.,0.));
#612 = ORIENTED_EDGE('',*,*,#350,.F.);
#613 = ORIENTED_EDGE('',*,*,#241,.F.);
#614 = ORIENTED_EDGE('',*,*,#233,.T.);
#615 = ORIENTED_EDGE('',*,*,#553,.F.);
#616 = FACE_BOUND('',#617,.T.);
#617 = EDGE_LOOP('',(#618,#628,#637,#645,#654,#662,#671,#679));
#618 = ORIENTED_EDGE('',*,*,#619,.F.);
#619 = EDGE_CURVE('',#620,#622,#624,.T.);
#620 = VERTEX_POINT('',#621);
#621 = CARTESIAN_POINT('',(46.708568900358,0.,3.499481614022));
#622 = VERTEX_POINT('',#623);
#623 = CARTESIAN_POINT('',(46.708568900358,0.,6.999481614022));
#624 = LINE('',#625,#626);
#625 = CARTESIAN_POINT('',(46.708568900358,0.,3.499740807011));
#626 = VECTOR('',#627,1.);
#627 = DIRECTION('',(0.,0.,1.));
#628 = ORIENTED_EDGE('',*,*,#629,.T.);
#629 = EDGE_CURVE('',#620,#630,#632,.T.);
#630 = VERTEX_POINT('',#631);
#631 = CARTESIAN_POINT('',(46.208568900358,0.,2.999481614022));
#632 = CIRCLE('',#633,0.5);
#633 = AXIS2_PLACEMENT_3D('',#634,#635,#636);
#634 = CARTESIAN_POINT('',(46.208568900358,0.,3.499481614022));
#635 = DIRECTION('',(0.,1.,-2.2E-16));
#636 = DIRECTION('',(-1.,0.,0.));
#637 = ORIENTED_EDGE('',*,*,#638,.F.);
#638 = EDGE_CURVE('',#639,#630,#641,.T.);
#639 = VERTEX_POINT('',#640);
#640 = CARTESIAN_POINT('',(36.708568900358,0.,2.999481614022));
#641 = LINE('',#642,#643);
#642 = CARTESIAN_POINT('',(142.16928445017,0.,2.999481614022));
#643 = VECTOR('',#644,1.);
#644 = DIRECTION('',(1.,0.,0.));
#645 = ORIENTED_EDGE('',*,*,#646,.T.);
#646 = EDGE_CURVE('',#639,#647,#649,.T.);
#647 = VERTEX_POINT('',#648);
#648 = CARTESIAN_POINT('',(36.208568900358,0.,3.499481614022));
#649 = CIRCLE('',#650,0.5);
#650 = AXIS2_PLACEMENT_3D('',#651,#652,#653);
#651 = CARTESIAN_POINT('',(36.708568900358,0.,3.499481614022));
#652 = DIRECTION('',(0.,1.,-2.2E-16));
#653 = DIRECTION('',(-1.,0.,0.));
#654 = ORIENTED_EDGE('',*,*,#655,.F.);
#655 = EDGE_CURVE('',#656,#647,#658,.T.);
#656 = VERTEX_POINT('',#657);
#657 = CARTESIAN_POINT('',(36.208568900358,0.,6.999481614022));
#658 = LINE('',#659,#660);
#659 = CARTESIAN_POINT('',(36.208568900358,0.,1.749740807011));
#660 = VECTOR('',#661,1.);
#661 = DIRECTION('',(-0.,-0.,-1.));
#662 = ORIENTED_EDGE('',*,*,#663,.T.);
#663 = EDGE_CURVE('',#656,#664,#666,.T.);
#664 = VERTEX_POINT('',#665);
#665 = CARTESIAN_POINT('',(36.708568900358,0.,7.499481614022));
#666 = CIRCLE('',#667,0.5);
#667 = AXIS2_PLACEMENT_3D('',#668,#669,#670);
#668 = CARTESIAN_POINT('',(36.708568900358,0.,6.999481614022));
#669 = DIRECTION('',(0.,1.,-2.2E-16));
#670 = DIRECTION('',(-1.,0.,0.));
#671 = ORIENTED_EDGE('',*,*,#672,.F.);
#672 = EDGE_CURVE('',#673,#664,#675,.T.);
#673 = VERTEX_POINT('',#674);
#674 = CARTESIAN_POINT('',(46.208568900358,0.,7.499481614022));
#675 = LINE('',#676,#677);
#676 = CARTESIAN_POINT('',(137.41928445017,0.,7.499481614022));
#677 = VECTOR('',#678,1.);
#678 = DIRECTION('',(-1.,0.,0.));
#679 = ORIENTED_EDGE('',*,*,#680,.T.);
#680 = EDGE_CURVE('',#673,#622,#681,.T.);
#681 = CIRCLE('',#682,0.5);
#682 = AXIS2_PLACEMENT_3D('',#683,#684,#685);
#683 = CARTESIAN_POINT('',(46.208568900358,0.,6.999481614022));
#684 = DIRECTION('',(0.,1.,-2.2E-16));
#685 = DIRECTION('',(-1.,0.,0.));
#686 = PLANE('',#687);
#687 = AXIS2_PLACEMENT_3D('',#688,#689,#690);
#688 = CARTESIAN_POINT('',(238.13,0.,0.));
#689 = DIRECTION('',(0.,-1.,0.));
#690 = DIRECTION('',(-1.,0.,0.));
#691 = ADVANCED_FACE('',(#692),#711,.F.);
#692 = FACE_BOUND('',#693,.T.);
#693 = EDGE_LOOP('',(#694,#702,#703,#704));
#694 = ORIENTED_EDGE('',*,*,#695,.F.);
#695 = EDGE_CURVE('',#262,#696,#698,.T.);
#696 = VERTEX_POINT('',#697);
#697 = CARTESIAN_POINT('',(3.747831,-5.,8.5));
#698 = LINE('',#699,#700);
#699 = CARTESIAN_POINT('',(3.747831,-5.,10.7));
#700 = VECTOR('',#701,1.);
#701 = DIRECTION('',(-1.E-16,0.,-1.));
#702 = ORIENTED_EDGE('',*,*,#261,.T.);
#703 = ORIENTED_EDGE('',*,*,#695,.T.);
#704 = ORIENTED_EDGE('',*,*,#705,.F.);
#705 = EDGE_CURVE('',#696,#696,#706,.T.);
#706 = CIRCLE('',#707,1.6);
#707 = AXIS2_PLACEMENT_3D('',#708,#709,#710);
#708 = CARTESIAN_POINT('',(2.147831,-5.,8.5));
#709 = DIRECTION('',(0.,0.,1.));
#710 = DIRECTION('',(1.,0.,0.));
#711 = CYLINDRICAL_SURFACE('',#712,1.6);
#712 = AXIS2_PLACEMENT_3D('',#713,#714,#715);
#713 = CARTESIAN_POINT('',(2.147831,-5.,10.7));
#714 = DIRECTION('',(-0.,-0.,-1.));
#715 = DIRECTION('',(1.,0.,0.));
#716 = ADVANCED_FACE('',(#717),#736,.F.);
#717 = FACE_BOUND('',#718,.F.);
#718 = EDGE_LOOP('',(#719,#720,#721,#730));
#719 = ORIENTED_EDGE('',*,*,#322,.T.);
#720 = ORIENTED_EDGE('',*,*,#500,.T.);
#721 = ORIENTED_EDGE('',*,*,#722,.F.);
#722 = EDGE_CURVE('',#723,#501,#725,.T.);
#723 = VERTEX_POINT('',#724);
#724 = CARTESIAN_POINT('',(5.3,-77.1,2.5));
#725 = CIRCLE('',#726,1.);
#726 = AXIS2_PLACEMENT_3D('',#727,#728,#729);
#727 = CARTESIAN_POINT('',(5.3,-76.1,2.5));
#728 = DIRECTION('',(0.,0.,-1.));
#729 = DIRECTION('',(0.,1.,0.));
#730 = ORIENTED_EDGE('',*,*,#731,.F.);
#731 = EDGE_CURVE('',#315,#723,#732,.T.);
#732 = LINE('',#733,#734);
#733 = CARTESIAN_POINT('',(5.3,-77.1,10.7));
#734 = VECTOR('',#735,1.);
#735 = DIRECTION('',(0.,0.,-1.));
#736 = CYLINDRICAL_SURFACE('',#737,1.);
#737 = AXIS2_PLACEMENT_3D('',#738,#739,#740);
#738 = CARTESIAN_POINT('',(5.3,-76.1,10.7));
#739 = DIRECTION('',(0.,0.,-1.));
#740 = DIRECTION('',(0.,-1.,0.));
#741 = ADVANCED_FACE('',(#742),#794,.T.);
#742 = FACE_BOUND('',#743,.T.);
#743 = EDGE_LOOP('',(#744,#752,#753,#754,#755,#756,#764,#772,#780,#788)
  );
#744 = ORIENTED_EDGE('',*,*,#745,.F.);
#745 = EDGE_CURVE('',#723,#746,#748,.T.);
#746 = VERTEX_POINT('',#747);
#747 = CARTESIAN_POINT('',(232.83,-77.1,2.5));
#748 = LINE('',#749,#750);
#749 = CARTESIAN_POINT('',(59.5325,-77.1,2.5));
#750 = VECTOR('',#751,1.);
#751 = DIRECTION('',(1.,0.,0.));
#752 = ORIENTED_EDGE('',*,*,#731,.F.);
#753 = ORIENTED_EDGE('',*,*,#314,.F.);
#754 = ORIENTED_EDGE('',*,*,#306,.F.);
#755 = ORIENTED_EDGE('',*,*,#396,.T.);
#756 = ORIENTED_EDGE('',*,*,#757,.T.);
#757 = EDGE_CURVE('',#397,#758,#760,.T.);
#758 = VERTEX_POINT('',#759);
#759 = CARTESIAN_POINT('',(236.63,-77.1,13.5));
#760 = LINE('',#761,#762);
#761 = CARTESIAN_POINT('',(1.5,-77.1,13.5));
#762 = VECTOR('',#763,1.);
#763 = DIRECTION('',(1.,0.,0.));
#764 = ORIENTED_EDGE('',*,*,#765,.F.);
#765 = EDGE_CURVE('',#766,#758,#768,.T.);
#766 = VERTEX_POINT('',#767);
#767 = CARTESIAN_POINT('',(236.63,-77.1,10.7));
#768 = LINE('',#769,#770);
#769 = CARTESIAN_POINT('',(236.63,-77.1,10.7));
#770 = VECTOR('',#771,1.);
#771 = DIRECTION('',(0.,0.,1.));
#772 = ORIENTED_EDGE('',*,*,#773,.F.);
#773 = EDGE_CURVE('',#774,#766,#776,.T.);
#774 = VERTEX_POINT('',#775);
#775 = CARTESIAN_POINT('',(233.83,-77.1,10.7));
#776 = LINE('',#777,#778);
#777 = CARTESIAN_POINT('',(120.565,-77.1,10.7));
#778 = VECTOR('',#779,1.);
#779 = DIRECTION('',(1.,0.,0.));
#780 = ORIENTED_EDGE('',*,*,#781,.T.);
#781 = EDGE_CURVE('',#774,#782,#784,.T.);
#782 = VERTEX_POINT('',#783);
#783 = CARTESIAN_POINT('',(232.83,-77.1,10.7));
#784 = LINE('',#785,#786);
#785 = CARTESIAN_POINT('',(120.565,-77.1,10.7));
#786 = VECTOR('',#787,1.);
#787 = DIRECTION('',(-1.,-0.,-0.));
#788 = ORIENTED_EDGE('',*,*,#789,.T.);
#789 = EDGE_CURVE('',#782,#746,#790,.T.);
#790 = LINE('',#791,#792);
#791 = CARTESIAN_POINT('',(232.83,-77.1,10.7));
#792 = VECTOR('',#793,1.);
#793 = DIRECTION('',(0.,0.,-1.));
#794 = PLANE('',#795);
#795 = AXIS2_PLACEMENT_3D('',#796,#797,#798);
#796 = CARTESIAN_POINT('',(0.,-77.1,0.));
#797 = DIRECTION('',(0.,1.,0.));
#798 = DIRECTION('',(1.,0.,0.));
#799 = ADVANCED_FACE('',(#800),#819,.F.);
#800 = FACE_BOUND('',#801,.T.);
#801 = EDGE_LOOP('',(#802,#810,#811,#812));
#802 = ORIENTED_EDGE('',*,*,#803,.F.);
#803 = EDGE_CURVE('',#332,#804,#806,.T.);
#804 = VERTEX_POINT('',#805);
#805 = CARTESIAN_POINT('',(3.753625,-72.1,8.5));
#806 = LINE('',#807,#808);
#807 = CARTESIAN_POINT('',(3.753625,-72.1,10.7));
#808 = VECTOR('',#809,1.);
#809 = DIRECTION('',(-1.E-16,0.,-1.));
#810 = ORIENTED_EDGE('',*,*,#331,.T.);
#811 = ORIENTED_EDGE('',*,*,#803,.T.);
#812 = ORIENTED_EDGE('',*,*,#813,.F.);
#813 = EDGE_CURVE('',#804,#804,#814,.T.);
#814 = CIRCLE('',#815,1.6);
#815 = AXIS2_PLACEMENT_3D('',#816,#817,#818);
#816 = CARTESIAN_POINT('',(2.153625,-72.1,8.5));
#817 = DIRECTION('',(0.,0.,1.));
#818 = DIRECTION('',(1.,0.,0.));
#819 = CYLINDRICAL_SURFACE('',#820,1.6);
#820 = AXIS2_PLACEMENT_3D('',#821,#822,#823);
#821 = CARTESIAN_POINT('',(2.153625,-72.1,10.7));
#822 = DIRECTION('',(-0.,-0.,-1.));
#823 = DIRECTION('',(1.,0.,0.));
#824 = ADVANCED_FACE('',(#825),#844,.T.);
#825 = FACE_BOUND('',#826,.T.);
#826 = EDGE_LOOP('',(#827,#835,#842,#843));
#827 = ORIENTED_EDGE('',*,*,#828,.F.);
#828 = EDGE_CURVE('',#829,#368,#831,.T.);
#829 = VERTEX_POINT('',#830);
#830 = CARTESIAN_POINT('',(-0.411437827766,-0.911437827766,14.));
#831 = ( BOUNDED_CURVE() B_SPLINE_CURVE(2,(#832,#833,#834),
.UNSPECIFIED.,.F.,.F.) B_SPLINE_CURVE_WITH_KNOTS((3,3),(0.,
1.460084865224),.PIECEWISE_BEZIER_KNOTS.) CURVE() 
GEOMETRIC_REPRESENTATION_ITEM() RATIONAL_B_SPLINE_CURVE((1.,
0.707106781187,1.)) REPRESENTATION_ITEM('') );
#832 = CARTESIAN_POINT('',(-0.411437827766,-0.911437827766,14.));
#833 = CARTESIAN_POINT('',(6.642162917537E-02,-1.058578370825,14.));
#834 = CARTESIAN_POINT('',(6.642162917537E-02,-1.058578370825,13.5));
#835 = ORIENTED_EDGE('',*,*,#836,.T.);
#836 = EDGE_CURVE('',#829,#441,#837,.T.);
#837 = CIRCLE('',#838,2.);
#838 = AXIS2_PLACEMENT_3D('',#839,#840,#841);
#839 = CARTESIAN_POINT('',(1.5,-1.5,14.));
#840 = DIRECTION('',(0.,0.,1.));
#841 = DIRECTION('',(-3.E-16,1.,0.));
#842 = ORIENTED_EDGE('',*,*,#440,.T.);
#843 = ORIENTED_EDGE('',*,*,#379,.F.);
#844 = TOROIDAL_SURFACE('',#845,2.,0.5);
#845 = AXIS2_PLACEMENT_3D('',#846,#847,#848);
#846 = CARTESIAN_POINT('',(1.5,-1.5,13.5));
#847 = DIRECTION('',(0.,0.,1.));
#848 = DIRECTION('',(-3.E-16,1.,0.));
#849 = ADVANCED_FACE('',(#850),#873,.F.);
#850 = FACE_BOUND('',#851,.F.);
#851 = EDGE_LOOP('',(#852,#861,#862,#863));
#852 = ORIENTED_EDGE('',*,*,#853,.T.);
#853 = EDGE_CURVE('',#854,#359,#856,.T.);
#854 = VERTEX_POINT('',#855);
#855 = CARTESIAN_POINT('',(0.911437827766,0.411437827766,14.));
#856 = CIRCLE('',#857,0.5);
#857 = AXIS2_PLACEMENT_3D('',#858,#859,#860);
#858 = CARTESIAN_POINT('',(0.911437827766,0.411437827766,13.5));
#859 = DIRECTION('',(0.955718913883,0.294281086117,-0.));
#860 = DIRECTION('',(-0.294281086117,0.955718913883,0.));
#861 = ORIENTED_EDGE('',*,*,#367,.T.);
#862 = ORIENTED_EDGE('',*,*,#828,.F.);
#863 = ORIENTED_EDGE('',*,*,#864,.F.);
#864 = EDGE_CURVE('',#854,#829,#865,.T.);
#865 = ( BOUNDED_CURVE() B_SPLINE_CURVE(6,(#866,#867,#868,#869,#870,#871
,#872),.UNSPECIFIED.,.F.,.F.) B_SPLINE_CURVE_WITH_KNOTS((7,7),(
235.57805481248,237.0381396777),.PIECEWISE_BEZIER_KNOTS.) CURVE() 
GEOMETRIC_REPRESENTATION_ITEM() RATIONAL_B_SPLINE_CURVE((1.,1.,1.,1.,1.,
1.,1.)) REPRESENTATION_ITEM('') );
#866 = CARTESIAN_POINT('',(0.911437827766,0.411437827766,14.));
#867 = CARTESIAN_POINT('',(0.593848045448,0.34029273026,14.));
#868 = CARTESIAN_POINT('',(0.287718249969,0.198413485942,13.99338131236)
  );
#869 = CARTESIAN_POINT('',(1.496583817378E-02,-1.496583817382E-02,
    13.98896168542));
#870 = CARTESIAN_POINT('',(-0.198413485942,-0.287718249969,
    13.99338131236));
#871 = CARTESIAN_POINT('',(-0.34029273026,-0.593848045448,14.));
#872 = CARTESIAN_POINT('',(-0.411437827766,-0.911437827766,14.));
#873 = ( BOUNDED_SURFACE() B_SPLINE_SURFACE(2,6,(
    (#874,#875,#876,#877,#878,#879,#880)
    ,(#881,#882,#883,#884,#885,#886,#887)
    ,(#888,#889,#890,#891,#892,#893,#894
)),.UNSPECIFIED.,.F.,.F.,.F.) B_SPLINE_SURFACE_WITH_KNOTS((3,3),(7,7),(
    0.,1.460084865224),(235.57805481248,237.0381396777),
.PIECEWISE_BEZIER_KNOTS.) GEOMETRIC_REPRESENTATION_ITEM() 
RATIONAL_B_SPLINE_SURFACE((
    (1.,1.,1.,1.,1.,1.,1.)
    ,(0.707106781187,0.689099634712,0.676083509953,0.67101135423
      ,0.676083509953,0.689099634712,0.707106781187)
,(1.,1.,1.,1.,1.,1.,1.))) REPRESENTATION_ITEM('') SURFACE() );
#874 = CARTESIAN_POINT('',(0.911437827766,0.411437827766,14.));
#875 = CARTESIAN_POINT('',(0.593848045448,0.34029273026,14.));
#876 = CARTESIAN_POINT('',(0.287718249969,0.198413485942,13.99338131236)
  );
#877 = CARTESIAN_POINT('',(1.496583817378E-02,-1.496583817382E-02,
    13.98896168542));
#878 = CARTESIAN_POINT('',(-0.198413485942,-0.287718249969,
    13.99338131236));
#879 = CARTESIAN_POINT('',(-0.34029273026,-0.593848045448,14.));
#880 = CARTESIAN_POINT('',(-0.411437827766,-0.911437827766,14.));
#881 = CARTESIAN_POINT('',(1.058578370825,-6.642162917538E-02,14.));
#882 = CARTESIAN_POINT('',(0.819929217228,-0.139905507229,
    14.026131412016));
#883 = CARTESIAN_POINT('',(0.601391249541,-0.259104291895,
    14.039759651603));
#884 = CARTESIAN_POINT('',(0.415098186317,-0.415098186317,
    14.044402106263));
#885 = CARTESIAN_POINT('',(0.259104291895,-0.601391249541,
    14.039759651603));
#886 = CARTESIAN_POINT('',(0.139905507229,-0.819929217228,
    14.026131412016));
#887 = CARTESIAN_POINT('',(6.642162917537E-02,-1.058578370825,14.));
#888 = CARTESIAN_POINT('',(1.058578370825,-6.642162917538E-02,13.5));
#889 = CARTESIAN_POINT('',(0.826006644823,-0.138034170409,13.5));
#890 = CARTESIAN_POINT('',(0.607377252425,-0.254922303442,
    13.494930823913));
#891 = CARTESIAN_POINT('',(0.413700544395,-0.413700544395,13.49187878075
    ));
#892 = CARTESIAN_POINT('',(0.254922303442,-0.607377252425,
    13.494930823913));
#893 = CARTESIAN_POINT('',(0.138034170409,-0.826006644823,13.5));
#894 = CARTESIAN_POINT('',(6.642162917537E-02,-1.058578370825,13.5));
#895 = ADVANCED_FACE('',(#896),#916,.T.);
#896 = FACE_BOUND('',#897,.T.);
#897 = EDGE_LOOP('',(#898,#907,#914,#915));
#898 = ORIENTED_EDGE('',*,*,#899,.F.);
#899 = EDGE_CURVE('',#900,#351,#902,.T.);
#900 = VERTEX_POINT('',#901);
#901 = CARTESIAN_POINT('',(1.5,0.5,14.));
#902 = CIRCLE('',#903,0.5);
#903 = AXIS2_PLACEMENT_3D('',#904,#905,#906);
#904 = CARTESIAN_POINT('',(1.5,0.5,13.5));
#905 = DIRECTION('',(1.,0.,-0.));
#906 = DIRECTION('',(0.,0.,1.));
#907 = ORIENTED_EDGE('',*,*,#908,.T.);
#908 = EDGE_CURVE('',#900,#854,#909,.T.);
#909 = CIRCLE('',#910,2.);
#910 = AXIS2_PLACEMENT_3D('',#911,#912,#913);
#911 = CARTESIAN_POINT('',(1.5,-1.5,14.));
#912 = DIRECTION('',(0.,0.,1.));
#913 = DIRECTION('',(-3.E-16,1.,0.));
#914 = ORIENTED_EDGE('',*,*,#853,.T.);
#915 = ORIENTED_EDGE('',*,*,#358,.F.);
#916 = TOROIDAL_SURFACE('',#917,2.,0.5);
#917 = AXIS2_PLACEMENT_3D('',#918,#919,#920);
#918 = CARTESIAN_POINT('',(1.5,-1.5,13.5));
#919 = DIRECTION('',(0.,0.,1.));
#920 = DIRECTION('',(-3.E-16,1.,0.));
#921 = ADVANCED_FACE('',(#922),#942,.T.);
#922 = FACE_BOUND('',#923,.T.);
#923 = EDGE_LOOP('',(#924,#925,#934,#941));
#924 = ORIENTED_EDGE('',*,*,#450,.F.);
#925 = ORIENTED_EDGE('',*,*,#926,.T.);
#926 = EDGE_CURVE('',#451,#927,#929,.T.);
#927 = VERTEX_POINT('',#928);
#928 = CARTESIAN_POINT('',(-0.411437827766,-76.18856217223,14.));
#929 = CIRCLE('',#930,2.);
#930 = AXIS2_PLACEMENT_3D('',#931,#932,#933);
#931 = CARTESIAN_POINT('',(1.5,-75.6,14.));
#932 = DIRECTION('',(0.,0.,1.));
#933 = DIRECTION('',(-1.,0.,0.));
#934 = ORIENTED_EDGE('',*,*,#935,.T.);
#935 = EDGE_CURVE('',#927,#414,#936,.T.);
#936 = CIRCLE('',#937,0.5);
#937 = AXIS2_PLACEMENT_3D('',#938,#939,#940);
#938 = CARTESIAN_POINT('',(-0.411437827766,-76.18856217223,13.5));
#939 = DIRECTION('',(-0.294281086117,0.955718913883,0.));
#940 = DIRECTION('',(-0.955718913883,-0.294281086117,0.));
#941 = ORIENTED_EDGE('',*,*,#425,.F.);
#942 = TOROIDAL_SURFACE('',#943,2.,0.5);
#943 = AXIS2_PLACEMENT_3D('',#944,#945,#946);
#944 = CARTESIAN_POINT('',(1.5,-75.6,13.5));
#945 = DIRECTION('',(0.,0.,1.));
#946 = DIRECTION('',(-1.,0.,0.));
#947 = ADVANCED_FACE('',(#948),#970,.F.);
#948 = FACE_BOUND('',#949,.F.);
#949 = EDGE_LOOP('',(#950,#951,#952,#960));
#950 = ORIENTED_EDGE('',*,*,#935,.T.);
#951 = ORIENTED_EDGE('',*,*,#413,.T.);
#952 = ORIENTED_EDGE('',*,*,#953,.F.);
#953 = EDGE_CURVE('',#954,#405,#956,.T.);
#954 = VERTEX_POINT('',#955);
#955 = CARTESIAN_POINT('',(0.911437827766,-77.51143782776,14.));
#956 = ( BOUNDED_CURVE() B_SPLINE_CURVE(2,(#957,#958,#959),
.UNSPECIFIED.,.F.,.F.) B_SPLINE_CURVE_WITH_KNOTS((3,3),(0.,
1.460084865224),.PIECEWISE_BEZIER_KNOTS.) CURVE() 
GEOMETRIC_REPRESENTATION_ITEM() RATIONAL_B_SPLINE_CURVE((1.,
0.707106781187,1.)) REPRESENTATION_ITEM('') );
#957 = CARTESIAN_POINT('',(0.911437827766,-77.51143782776,14.));
#958 = CARTESIAN_POINT('',(1.058578370825,-77.03357837082,14.));
#959 = CARTESIAN_POINT('',(1.058578370825,-77.03357837082,13.5));
#960 = ORIENTED_EDGE('',*,*,#961,.F.);
#961 = EDGE_CURVE('',#927,#954,#962,.T.);
#962 = ( BOUNDED_CURVE() B_SPLINE_CURVE(6,(#963,#964,#965,#966,#967,#968
,#969),.UNSPECIFIED.,.F.,.F.) B_SPLINE_CURVE_WITH_KNOTS((7,7),(
312.03424930267,313.4943341679),.PIECEWISE_BEZIER_KNOTS.) CURVE() 
GEOMETRIC_REPRESENTATION_ITEM() RATIONAL_B_SPLINE_CURVE((1.,1.,1.,1.,1.,
1.,1.)) REPRESENTATION_ITEM('') );
#963 = CARTESIAN_POINT('',(-0.411437827766,-76.18856217223,14.));
#964 = CARTESIAN_POINT('',(-0.34029273026,-76.50615195455,14.));
#965 = CARTESIAN_POINT('',(-0.198413485942,-76.81228175003,
    13.99338131236));
#966 = CARTESIAN_POINT('',(1.496583817399E-02,-77.08503416182,
    13.98896168542));
#967 = CARTESIAN_POINT('',(0.287718249969,-77.29841348594,13.99338131236
    ));
#968 = CARTESIAN_POINT('',(0.593848045448,-77.44029273026,14.));
#969 = CARTESIAN_POINT('',(0.911437827766,-77.51143782776,14.));
#970 = ( BOUNDED_SURFACE() B_SPLINE_SURFACE(2,6,(
    (#971,#972,#973,#974,#975,#976,#977)
    ,(#978,#979,#980,#981,#982,#983,#984)
    ,(#985,#986,#987,#988,#989,#990,#991
)),.UNSPECIFIED.,.F.,.F.,.F.) B_SPLINE_SURFACE_WITH_KNOTS((3,3),(7,7),(
    0.,1.460084865224),(312.03424930267,313.4943341679),
.PIECEWISE_BEZIER_KNOTS.) GEOMETRIC_REPRESENTATION_ITEM() 
RATIONAL_B_SPLINE_SURFACE((
    (1.,1.,1.,1.,1.,1.,1.)
    ,(0.707106781187,0.689099634712,0.676083509953,0.67101135423
      ,0.676083509953,0.689099634712,0.707106781187)
,(1.,1.,1.,1.,1.,1.,1.))) REPRESENTATION_ITEM('') SURFACE() );
#971 = CARTESIAN_POINT('',(-0.411437827766,-76.18856217223,14.));
#972 = CARTESIAN_POINT('',(-0.34029273026,-76.50615195455,14.));
#973 = CARTESIAN_POINT('',(-0.198413485942,-76.81228175003,
    13.99338131236));
#974 = CARTESIAN_POINT('',(1.496583817399E-02,-77.08503416182,
    13.98896168542));
#975 = CARTESIAN_POINT('',(0.287718249969,-77.29841348594,13.99338131236
    ));
#976 = CARTESIAN_POINT('',(0.593848045448,-77.44029273026,14.));
#977 = CARTESIAN_POINT('',(0.911437827766,-77.51143782776,14.));
#978 = CARTESIAN_POINT('',(6.642162917536E-02,-76.04142162917,14.));
#979 = CARTESIAN_POINT('',(0.139905507229,-76.28007078277,
    14.026131412016));
#980 = CARTESIAN_POINT('',(0.259104291895,-76.49860875045,
    14.039759651603));
#981 = CARTESIAN_POINT('',(0.415098186317,-76.68490181368,
    14.044402106263));
#982 = CARTESIAN_POINT('',(0.601391249541,-76.8408957081,14.039759651603
    ));
#983 = CARTESIAN_POINT('',(0.819929217228,-76.96009449277,
    14.026131412016));
#984 = CARTESIAN_POINT('',(1.058578370825,-77.03357837082,14.));
#985 = CARTESIAN_POINT('',(6.642162917536E-02,-76.04142162917,13.5));
#986 = CARTESIAN_POINT('',(0.138034170408,-76.27399335517,13.5));
#987 = CARTESIAN_POINT('',(0.254922303442,-76.49262274757,
    13.494930823913));
#988 = CARTESIAN_POINT('',(0.413700544395,-76.6862994556,13.49187878075)
  );
#989 = CARTESIAN_POINT('',(0.607377252425,-76.84507769655,
    13.494930823913));
#990 = CARTESIAN_POINT('',(0.826006644823,-76.96196582959,13.5));
#991 = CARTESIAN_POINT('',(1.058578370825,-77.03357837082,13.5));
#992 = ADVANCED_FACE('',(#993),#1013,.T.);
#993 = FACE_BOUND('',#994,.T.);
#994 = EDGE_LOOP('',(#995,#996,#1005,#1012));
#995 = ORIENTED_EDGE('',*,*,#953,.F.);
#996 = ORIENTED_EDGE('',*,*,#997,.T.);
#997 = EDGE_CURVE('',#954,#998,#1000,.T.);
#998 = VERTEX_POINT('',#999);
#999 = CARTESIAN_POINT('',(1.5,-77.6,14.));
#1000 = CIRCLE('',#1001,2.);
#1001 = AXIS2_PLACEMENT_3D('',#1002,#1003,#1004);
#1002 = CARTESIAN_POINT('',(1.5,-75.6,14.));
#1003 = DIRECTION('',(0.,0.,1.));
#1004 = DIRECTION('',(-1.,0.,0.));
#1005 = ORIENTED_EDGE('',*,*,#1006,.T.);
#1006 = EDGE_CURVE('',#998,#397,#1007,.T.);
#1007 = CIRCLE('',#1008,0.5);
#1008 = AXIS2_PLACEMENT_3D('',#1009,#1010,#1011);
#1009 = CARTESIAN_POINT('',(1.5,-77.6,13.5));
#1010 = DIRECTION('',(-1.,6.E-17,0.));
#1011 = DIRECTION('',(-6.E-17,-1.,0.));
#1012 = ORIENTED_EDGE('',*,*,#404,.F.);
#1013 = TOROIDAL_SURFACE('',#1014,2.,0.5);
#1014 = AXIS2_PLACEMENT_3D('',#1015,#1016,#1017);
#1015 = CARTESIAN_POINT('',(1.5,-75.6,13.5));
#1016 = DIRECTION('',(0.,0.,1.));
#1017 = DIRECTION('',(-1.,0.,0.));
#1018 = ADVANCED_FACE('',(#1019),#1048,.T.);
#1019 = FACE_BOUND('',#1020,.T.);
#1020 = EDGE_LOOP('',(#1021,#1030,#1031,#1032,#1033,#1042));
#1021 = ORIENTED_EDGE('',*,*,#1022,.T.);
#1022 = EDGE_CURVE('',#1023,#927,#1025,.T.);
#1023 = VERTEX_POINT('',#1024);
#1024 = CARTESIAN_POINT('',(-1.,-74.1,14.));
#1025 = CIRCLE('',#1026,4.);
#1026 = AXIS2_PLACEMENT_3D('',#1027,#1028,#1029);
#1027 = CARTESIAN_POINT('',(3.,-74.1,14.));
#1028 = DIRECTION('',(0.,0.,1.));
#1029 = DIRECTION('',(-1.,0.,0.));
#1030 = ORIENTED_EDGE('',*,*,#926,.F.);
#1031 = ORIENTED_EDGE('',*,*,#459,.F.);
#1032 = ORIENTED_EDGE('',*,*,#836,.F.);
#1033 = ORIENTED_EDGE('',*,*,#1034,.T.);
#1034 = EDGE_CURVE('',#829,#1035,#1037,.T.);
#1035 = VERTEX_POINT('',#1036);
#1036 = CARTESIAN_POINT('',(-1.,-3.,14.));
#1037 = CIRCLE('',#1038,4.);
#1038 = AXIS2_PLACEMENT_3D('',#1039,#1040,#1041);
#1039 = CARTESIAN_POINT('',(3.,-3.,14.));
#1040 = DIRECTION('',(0.,0.,1.));
#1041 = DIRECTION('',(-1.5E-16,1.,0.));
#1042 = ORIENTED_EDGE('',*,*,#1043,.T.);
#1043 = EDGE_CURVE('',#1035,#1023,#1044,.T.);
#1044 = LINE('',#1045,#1046);
#1045 = CARTESIAN_POINT('',(-1.,-3.,14.));
#1046 = VECTOR('',#1047,1.);
#1047 = DIRECTION('',(0.,-1.,0.));
#1048 = PLANE('',#1049);
#1049 = AXIS2_PLACEMENT_3D('',#1050,#1051,#1052);
#1050 = CARTESIAN_POINT('',(119.065,-38.55,14.));
#1051 = DIRECTION('',(0.,0.,1.));
#1052 = DIRECTION('',(1.,0.,0.));
#1053 = ADVANCED_FACE('',(#1054),#1085,.T.);
#1054 = FACE_BOUND('',#1055,.T.);
#1055 = EDGE_LOOP('',(#1056,#1057,#1066,#1074,#1081,#1082,#1083,#1084));
#1056 = ORIENTED_EDGE('',*,*,#745,.T.);
#1057 = ORIENTED_EDGE('',*,*,#1058,.T.);
#1058 = EDGE_CURVE('',#746,#1059,#1061,.T.);
#1059 = VERTEX_POINT('',#1060);
#1060 = CARTESIAN_POINT('',(233.83,-76.1,2.5));
#1061 = CIRCLE('',#1062,1.);
#1062 = AXIS2_PLACEMENT_3D('',#1063,#1064,#1065);
#1063 = CARTESIAN_POINT('',(232.83,-76.1,2.5));
#1064 = DIRECTION('',(0.,-0.,1.));
#1065 = DIRECTION('',(0.,1.,0.));
#1066 = ORIENTED_EDGE('',*,*,#1067,.T.);
#1067 = EDGE_CURVE('',#1059,#1068,#1070,.T.);
#1068 = VERTEX_POINT('',#1069);
#1069 = CARTESIAN_POINT('',(233.83,-1.,2.5));
#1070 = LINE('',#1071,#1072);
#1071 = CARTESIAN_POINT('',(233.83,-38.55,2.5));
#1072 = VECTOR('',#1073,1.);
#1073 = DIRECTION('',(0.,1.,0.));
#1074 = ORIENTED_EDGE('',*,*,#1075,.F.);
#1075 = EDGE_CURVE('',#568,#1068,#1076,.T.);
#1076 = CIRCLE('',#1077,1.);
#1077 = AXIS2_PLACEMENT_3D('',#1078,#1079,#1080);
#1078 = CARTESIAN_POINT('',(232.83,-1.,2.5));
#1079 = DIRECTION('',(-0.,-0.,-1.));
#1080 = DIRECTION('',(0.,-1.,0.));
#1081 = ORIENTED_EDGE('',*,*,#567,.T.);
#1082 = ORIENTED_EDGE('',*,*,#542,.T.);
#1083 = ORIENTED_EDGE('',*,*,#508,.F.);
#1084 = ORIENTED_EDGE('',*,*,#722,.F.);
#1085 = PLANE('',#1086);
#1086 = AXIS2_PLACEMENT_3D('',#1087,#1088,#1089);
#1087 = CARTESIAN_POINT('',(119.065,-38.55,2.5));
#1088 = DIRECTION('',(0.,0.,1.));
#1089 = DIRECTION('',(1.,0.,0.));
#1090 = ADVANCED_FACE('',(#1091),#1110,.F.);
#1091 = FACE_BOUND('',#1092,.T.);
#1092 = EDGE_LOOP('',(#1093,#1094,#1102,#1109));
#1093 = ORIENTED_EDGE('',*,*,#1075,.T.);
#1094 = ORIENTED_EDGE('',*,*,#1095,.T.);
#1095 = EDGE_CURVE('',#1068,#1096,#1098,.T.);
#1096 = VERTEX_POINT('',#1097);
#1097 = CARTESIAN_POINT('',(233.83,-1.,10.7));
#1098 = LINE('',#1099,#1100);
#1099 = CARTESIAN_POINT('',(233.83,-1.,2.5));
#1100 = VECTOR('',#1101,1.);
#1101 = DIRECTION('',(0.,0.,1.));
#1102 = ORIENTED_EDGE('',*,*,#1103,.F.);
#1103 = EDGE_CURVE('',#576,#1096,#1104,.T.);
#1104 = CIRCLE('',#1105,1.);
#1105 = AXIS2_PLACEMENT_3D('',#1106,#1107,#1108);
#1106 = CARTESIAN_POINT('',(232.83,-1.,10.7));
#1107 = DIRECTION('',(-0.,-0.,-1.));
#1108 = DIRECTION('',(0.,-1.,0.));
#1109 = ORIENTED_EDGE('',*,*,#575,.F.);
#1110 = CYLINDRICAL_SURFACE('',#1111,1.);
#1111 = AXIS2_PLACEMENT_3D('',#1112,#1113,#1114);
#1112 = CARTESIAN_POINT('',(232.83,-1.,2.5));
#1113 = DIRECTION('',(0.,0.,1.));
#1114 = DIRECTION('',(0.,1.,0.));
#1115 = ADVANCED_FACE('',(#1116,#1169),#1180,.T.);
#1116 = FACE_BOUND('',#1117,.T.);
#1117 = EDGE_LOOP('',(#1118,#1126,#1134,#1143,#1151,#1159,#1166,#1167,
    #1168));
#1118 = ORIENTED_EDGE('',*,*,#1119,.T.);
#1119 = EDGE_CURVE('',#1096,#1120,#1122,.T.);
#1120 = VERTEX_POINT('',#1121);
#1121 = CARTESIAN_POINT('',(233.83,-10.,10.7));
#1122 = LINE('',#1123,#1124);
#1123 = CARTESIAN_POINT('',(233.83,3.,10.7));
#1124 = VECTOR('',#1125,1.);
#1125 = DIRECTION('',(0.,-1.,0.));
#1126 = ORIENTED_EDGE('',*,*,#1127,.F.);
#1127 = EDGE_CURVE('',#1128,#1120,#1130,.T.);
#1128 = VERTEX_POINT('',#1129);
#1129 = CARTESIAN_POINT('',(237.13,-10.,10.7));
#1130 = LINE('',#1131,#1132);
#1131 = CARTESIAN_POINT('',(241.13,-10.,10.7));
#1132 = VECTOR('',#1133,1.);
#1133 = DIRECTION('',(-1.,-0.,-0.));
#1134 = ORIENTED_EDGE('',*,*,#1135,.F.);
#1135 = EDGE_CURVE('',#1136,#1128,#1138,.T.);
#1136 = VERTEX_POINT('',#1137);
#1137 = CARTESIAN_POINT('',(238.13,-11.,10.7));
#1138 = CIRCLE('',#1139,1.);
#1139 = AXIS2_PLACEMENT_3D('',#1140,#1141,#1142);
#1140 = CARTESIAN_POINT('',(237.13,-11.,10.7));
#1141 = DIRECTION('',(-0.,0.,1.));
#1142 = DIRECTION('',(0.,-1.,0.));
#1143 = ORIENTED_EDGE('',*,*,#1144,.F.);
#1144 = EDGE_CURVE('',#1145,#1136,#1147,.T.);
#1145 = VERTEX_POINT('',#1146);
#1146 = CARTESIAN_POINT('',(238.13,-10.,10.7));
#1147 = LINE('',#1148,#1149);
#1148 = CARTESIAN_POINT('',(238.13,-37.05,10.7));
#1149 = VECTOR('',#1150,1.);
#1150 = DIRECTION('',(0.,-1.,0.));
#1151 = ORIENTED_EDGE('',*,*,#1152,.T.);
#1152 = EDGE_CURVE('',#1145,#1153,#1155,.T.);
#1153 = VERTEX_POINT('',#1154);
#1154 = CARTESIAN_POINT('',(238.13,-1.5,10.7));
#1155 = LINE('',#1156,#1157);
#1156 = CARTESIAN_POINT('',(238.13,-37.05,10.7));
#1157 = VECTOR('',#1158,1.);
#1158 = DIRECTION('',(0.,1.,0.));
#1159 = ORIENTED_EDGE('',*,*,#1160,.T.);
#1160 = EDGE_CURVE('',#1153,#592,#1161,.T.);
#1161 = CIRCLE('',#1162,1.5);
#1162 = AXIS2_PLACEMENT_3D('',#1163,#1164,#1165);
#1163 = CARTESIAN_POINT('',(236.63,-1.5,10.7));
#1164 = DIRECTION('',(-0.,0.,1.));
#1165 = DIRECTION('',(0.,-1.,0.));
#1166 = ORIENTED_EDGE('',*,*,#591,.T.);
#1167 = ORIENTED_EDGE('',*,*,#583,.T.);
#1168 = ORIENTED_EDGE('',*,*,#1103,.T.);
#1169 = FACE_BOUND('',#1170,.T.);
#1170 = EDGE_LOOP('',(#1171));
#1171 = ORIENTED_EDGE('',*,*,#1172,.F.);
#1172 = EDGE_CURVE('',#1173,#1173,#1175,.T.);
#1173 = VERTEX_POINT('',#1174);
#1174 = CARTESIAN_POINT('',(237.576852,-5.,10.7));
#1175 = CIRCLE('',#1176,1.6);
#1176 = AXIS2_PLACEMENT_3D('',#1177,#1178,#1179);
#1177 = CARTESIAN_POINT('',(235.976852,-5.,10.7));
#1178 = DIRECTION('',(0.,0.,1.));
#1179 = DIRECTION('',(1.,0.,0.));
#1180 = PLANE('',#1181);
#1181 = AXIS2_PLACEMENT_3D('',#1182,#1183,#1184);
#1182 = CARTESIAN_POINT('',(241.13,3.,10.7));
#1183 = DIRECTION('',(0.,0.,1.));
#1184 = DIRECTION('',(0.,-1.,0.));
#1185 = ADVANCED_FACE('',(#1186),#1226,.F.);
#1186 = FACE_BOUND('',#1187,.F.);
#1187 = EDGE_LOOP('',(#1188,#1196,#1197,#1198,#1207,#1219));
#1188 = ORIENTED_EDGE('',*,*,#1189,.F.);
#1189 = EDGE_CURVE('',#1153,#1190,#1192,.T.);
#1190 = VERTEX_POINT('',#1191);
#1191 = CARTESIAN_POINT('',(238.13,-1.5,13.5));
#1192 = LINE('',#1193,#1194);
#1193 = CARTESIAN_POINT('',(238.13,-1.5,10.7));
#1194 = VECTOR('',#1195,1.);
#1195 = DIRECTION('',(0.,0.,1.));
#1196 = ORIENTED_EDGE('',*,*,#1160,.T.);
#1197 = ORIENTED_EDGE('',*,*,#599,.T.);
#1198 = ORIENTED_EDGE('',*,*,#1199,.F.);
#1199 = EDGE_CURVE('',#1200,#600,#1202,.T.);
#1200 = VERTEX_POINT('',#1201);
#1201 = CARTESIAN_POINT('',(237.07142162917,-6.642162917538E-02,13.5));
#1202 = CIRCLE('',#1203,1.5);
#1203 = AXIS2_PLACEMENT_3D('',#1204,#1205,#1206);
#1204 = CARTESIAN_POINT('',(236.63,-1.5,13.5));
#1205 = DIRECTION('',(0.,-0.,1.));
#1206 = DIRECTION('',(1.,1.5E-16,0.));
#1207 = ORIENTED_EDGE('',*,*,#1208,.F.);
#1208 = EDGE_CURVE('',#1209,#1200,#1211,.T.);
#1209 = VERTEX_POINT('',#1210);
#1210 = CARTESIAN_POINT('',(238.06357837082,-1.058578370825,13.5));
#1211 = ( BOUNDED_CURVE() B_SPLINE_CURVE(6,(#1212,#1213,#1214,#1215,
#1216,#1217,#1218),.UNSPECIFIED.,.F.,.F.) B_SPLINE_CURVE_WITH_KNOTS((7,7
),(625.97663828306,627.43672314828),.PIECEWISE_BEZIER_KNOTS.) CURVE() 
GEOMETRIC_REPRESENTATION_ITEM() RATIONAL_B_SPLINE_CURVE((1.,1.,1.,1.,1.,
1.,1.)) REPRESENTATION_ITEM('') );
#1212 = CARTESIAN_POINT('',(238.06357837082,-1.058578370825,13.5));
#1213 = CARTESIAN_POINT('',(237.99196582959,-0.826006644823,13.5));
#1214 = CARTESIAN_POINT('',(237.87507769655,-0.607377252425,
    13.494930823913));
#1215 = CARTESIAN_POINT('',(237.7162994556,-0.413700544395,
    13.49187878075));
#1216 = CARTESIAN_POINT('',(237.52262274757,-0.254922303442,
    13.494930823913));
#1217 = CARTESIAN_POINT('',(237.30399335517,-0.138034170409,13.5));
#1218 = CARTESIAN_POINT('',(237.07142162917,-6.642162917538E-02,13.5));
#1219 = ORIENTED_EDGE('',*,*,#1220,.F.);
#1220 = EDGE_CURVE('',#1190,#1209,#1221,.T.);
#1221 = CIRCLE('',#1222,1.5);
#1222 = AXIS2_PLACEMENT_3D('',#1223,#1224,#1225);
#1223 = CARTESIAN_POINT('',(236.63,-1.5,13.5));
#1224 = DIRECTION('',(0.,-0.,1.));
#1225 = DIRECTION('',(1.,1.5E-16,0.));
#1226 = CYLINDRICAL_SURFACE('',#1227,1.5);
#1227 = AXIS2_PLACEMENT_3D('',#1228,#1229,#1230);
#1228 = CARTESIAN_POINT('',(236.63,-1.5,10.7));
#1229 = DIRECTION('',(0.,0.,1.));
#1230 = DIRECTION('',(1.,0.,0.));
#1231 = ADVANCED_FACE('',(#1232),#1251,.T.);
#1232 = FACE_BOUND('',#1233,.F.);
#1233 = EDGE_LOOP('',(#1234,#1243,#1244,#1245));
#1234 = ORIENTED_EDGE('',*,*,#1235,.T.);
#1235 = EDGE_CURVE('',#1236,#600,#1238,.T.);
#1236 = VERTEX_POINT('',#1237);
#1237 = CARTESIAN_POINT('',(236.63,0.5,14.));
#1238 = CIRCLE('',#1239,0.5);
#1239 = AXIS2_PLACEMENT_3D('',#1240,#1241,#1242);
#1240 = CARTESIAN_POINT('',(236.63,0.5,13.5));
#1241 = DIRECTION('',(1.,0.,-0.));
#1242 = DIRECTION('',(0.,0.,1.));
#1243 = ORIENTED_EDGE('',*,*,#607,.T.);
#1244 = ORIENTED_EDGE('',*,*,#899,.F.);
#1245 = ORIENTED_EDGE('',*,*,#1246,.F.);
#1246 = EDGE_CURVE('',#1236,#900,#1247,.T.);
#1247 = LINE('',#1248,#1249);
#1248 = CARTESIAN_POINT('',(236.63,0.5,14.));
#1249 = VECTOR('',#1250,1.);
#1250 = DIRECTION('',(-1.,0.,0.));
#1251 = CYLINDRICAL_SURFACE('',#1252,0.5);
#1252 = AXIS2_PLACEMENT_3D('',#1253,#1254,#1255);
#1253 = CARTESIAN_POINT('',(236.63,0.5,13.5));
#1254 = DIRECTION('',(-1.,0.,0.));
#1255 = DIRECTION('',(0.,0.,1.));
#1256 = ADVANCED_FACE('',(#1257),#1282,.F.);
#1257 = FACE_BOUND('',#1258,.F.);
#1258 = EDGE_LOOP('',(#1259,#1269,#1275,#1276));
#1259 = ORIENTED_EDGE('',*,*,#1260,.T.);
#1260 = EDGE_CURVE('',#1261,#1263,#1265,.T.);
#1261 = VERTEX_POINT('',#1262);
#1262 = CARTESIAN_POINT('',(46.708568900358,1.5,3.499481614022));
#1263 = VERTEX_POINT('',#1264);
#1264 = CARTESIAN_POINT('',(46.708568900358,1.5,6.999481614022));
#1265 = LINE('',#1266,#1267);
#1266 = CARTESIAN_POINT('',(46.708568900358,1.5,6.124481668951));
#1267 = VECTOR('',#1268,1.);
#1268 = DIRECTION('',(0.,0.,1.));
#1269 = ORIENTED_EDGE('',*,*,#1270,.T.);
#1270 = EDGE_CURVE('',#1263,#622,#1271,.T.);
#1271 = LINE('',#1272,#1273);
#1272 = CARTESIAN_POINT('',(46.708568900358,3.,6.999481614022));
#1273 = VECTOR('',#1274,1.);
#1274 = DIRECTION('',(0.,-1.,2.2E-16));
#1275 = ORIENTED_EDGE('',*,*,#619,.F.);
#1276 = ORIENTED_EDGE('',*,*,#1277,.F.);
#1277 = EDGE_CURVE('',#1261,#620,#1278,.T.);
#1278 = LINE('',#1279,#1280);
#1279 = CARTESIAN_POINT('',(46.708568900358,3.,3.499481614022));
#1280 = VECTOR('',#1281,1.);
#1281 = DIRECTION('',(0.,-1.,2.2E-16));
#1282 = PLANE('',#1283);
#1283 = AXIS2_PLACEMENT_3D('',#1284,#1285,#1286);
#1284 = CARTESIAN_POINT('',(46.708568900358,3.,6.999481614022));
#1285 = DIRECTION('',(1.,0.,0.));
#1286 = DIRECTION('',(0.,-2.2E-16,-1.));
#1287 = ADVANCED_FACE('',(#1288),#1307,.F.);
#1288 = FACE_BOUND('',#1289,.F.);
#1289 = EDGE_LOOP('',(#1290,#1299,#1305,#1306));
#1290 = ORIENTED_EDGE('',*,*,#1291,.F.);
#1291 = EDGE_CURVE('',#1292,#1263,#1294,.T.);
#1292 = VERTEX_POINT('',#1293);
#1293 = CARTESIAN_POINT('',(46.208568900358,1.5,7.499481614022));
#1294 = CIRCLE('',#1295,0.5);
#1295 = AXIS2_PLACEMENT_3D('',#1296,#1297,#1298);
#1296 = CARTESIAN_POINT('',(46.208568900358,1.5,6.999481614022));
#1297 = DIRECTION('',(0.,1.,-2.2E-16));
#1298 = DIRECTION('',(-1.,0.,0.));
#1299 = ORIENTED_EDGE('',*,*,#1300,.T.);
#1300 = EDGE_CURVE('',#1292,#673,#1301,.T.);
#1301 = LINE('',#1302,#1303);
#1302 = CARTESIAN_POINT('',(46.208568900358,3.,7.499481614022));
#1303 = VECTOR('',#1304,1.);
#1304 = DIRECTION('',(0.,-1.,2.2E-16));
#1305 = ORIENTED_EDGE('',*,*,#680,.T.);
#1306 = ORIENTED_EDGE('',*,*,#1270,.F.);
#1307 = CYLINDRICAL_SURFACE('',#1308,0.5);
#1308 = AXIS2_PLACEMENT_3D('',#1309,#1310,#1311);
#1309 = CARTESIAN_POINT('',(46.208568900358,3.,6.999481614022));
#1310 = DIRECTION('',(0.,1.,-2.2E-16));
#1311 = DIRECTION('',(-1.,0.,0.));
#1312 = ADVANCED_FACE('',(#1313),#1331,.F.);
#1313 = FACE_BOUND('',#1314,.F.);
#1314 = EDGE_LOOP('',(#1315,#1323,#1329,#1330));
#1315 = ORIENTED_EDGE('',*,*,#1316,.T.);
#1316 = EDGE_CURVE('',#1292,#1317,#1319,.T.);
#1317 = VERTEX_POINT('',#1318);
#1318 = CARTESIAN_POINT('',(36.708568900358,1.5,7.499481614022));
#1319 = LINE('',#1320,#1321);
#1320 = CARTESIAN_POINT('',(39.083568811265,1.5,7.499481614022));
#1321 = VECTOR('',#1322,1.);
#1322 = DIRECTION('',(-1.,0.,0.));
#1323 = ORIENTED_EDGE('',*,*,#1324,.T.);
#1324 = EDGE_CURVE('',#1317,#664,#1325,.T.);
#1325 = LINE('',#1326,#1327);
#1326 = CARTESIAN_POINT('',(36.708568900358,3.,7.499481614022));
#1327 = VECTOR('',#1328,1.);
#1328 = DIRECTION('',(0.,-1.,2.2E-16));
#1329 = ORIENTED_EDGE('',*,*,#672,.F.);
#1330 = ORIENTED_EDGE('',*,*,#1300,.F.);
#1331 = PLANE('',#1332);
#1332 = AXIS2_PLACEMENT_3D('',#1333,#1334,#1335);
#1333 = CARTESIAN_POINT('',(36.708568900358,3.,7.499481614022));
#1334 = DIRECTION('',(0.,2.2E-16,1.));
#1335 = DIRECTION('',(1.,0.,0.));
#1336 = ADVANCED_FACE('',(#1337),#1356,.F.);
#1337 = FACE_BOUND('',#1338,.F.);
#1338 = EDGE_LOOP('',(#1339,#1348,#1354,#1355));
#1339 = ORIENTED_EDGE('',*,*,#1340,.F.);
#1340 = EDGE_CURVE('',#1341,#1317,#1343,.T.);
#1341 = VERTEX_POINT('',#1342);
#1342 = CARTESIAN_POINT('',(36.208568900358,1.5,6.999481614022));
#1343 = CIRCLE('',#1344,0.5);
#1344 = AXIS2_PLACEMENT_3D('',#1345,#1346,#1347);
#1345 = CARTESIAN_POINT('',(36.708568900358,1.5,6.999481614022));
#1346 = DIRECTION('',(0.,1.,-2.2E-16));
#1347 = DIRECTION('',(-1.,0.,0.));
#1348 = ORIENTED_EDGE('',*,*,#1349,.T.);
#1349 = EDGE_CURVE('',#1341,#656,#1350,.T.);
#1350 = LINE('',#1351,#1352);
#1351 = CARTESIAN_POINT('',(36.208568900358,3.,6.999481614022));
#1352 = VECTOR('',#1353,1.);
#1353 = DIRECTION('',(0.,-1.,2.2E-16));
#1354 = ORIENTED_EDGE('',*,*,#663,.T.);
#1355 = ORIENTED_EDGE('',*,*,#1324,.F.);
#1356 = CYLINDRICAL_SURFACE('',#1357,0.5);
#1357 = AXIS2_PLACEMENT_3D('',#1358,#1359,#1360);
#1358 = CARTESIAN_POINT('',(36.708568900358,3.,6.999481614022));
#1359 = DIRECTION('',(0.,1.,-2.2E-16));
#1360 = DIRECTION('',(-1.,0.,0.));
#1361 = ADVANCED_FACE('',(#1362),#1380,.F.);
#1362 = FACE_BOUND('',#1363,.F.);
#1363 = EDGE_LOOP('',(#1364,#1372,#1378,#1379));
#1364 = ORIENTED_EDGE('',*,*,#1365,.T.);
#1365 = EDGE_CURVE('',#1341,#1366,#1368,.T.);
#1366 = VERTEX_POINT('',#1367);
#1367 = CARTESIAN_POINT('',(36.208568900358,1.5,3.499481614022));
#1368 = LINE('',#1369,#1370);
#1369 = CARTESIAN_POINT('',(36.208568900358,1.5,4.374481668951));
#1370 = VECTOR('',#1371,1.);
#1371 = DIRECTION('',(0.,0.,-1.));
#1372 = ORIENTED_EDGE('',*,*,#1373,.T.);
#1373 = EDGE_CURVE('',#1366,#647,#1374,.T.);
#1374 = LINE('',#1375,#1376);
#1375 = CARTESIAN_POINT('',(36.208568900358,3.,3.499481614022));
#1376 = VECTOR('',#1377,1.);
#1377 = DIRECTION('',(0.,-1.,2.2E-16));
#1378 = ORIENTED_EDGE('',*,*,#655,.F.);
#1379 = ORIENTED_EDGE('',*,*,#1349,.F.);
#1380 = PLANE('',#1381);
#1381 = AXIS2_PLACEMENT_3D('',#1382,#1383,#1384);
#1382 = CARTESIAN_POINT('',(36.208568900358,3.,3.499481614022));
#1383 = DIRECTION('',(-1.,0.,0.));
#1384 = DIRECTION('',(0.,2.2E-16,1.));
#1385 = ADVANCED_FACE('',(#1386),#1405,.F.);
#1386 = FACE_BOUND('',#1387,.F.);
#1387 = EDGE_LOOP('',(#1388,#1397,#1403,#1404));
#1388 = ORIENTED_EDGE('',*,*,#1389,.F.);
#1389 = EDGE_CURVE('',#1390,#1366,#1392,.T.);
#1390 = VERTEX_POINT('',#1391);
#1391 = CARTESIAN_POINT('',(36.708568900358,1.5,2.999481614022));
#1392 = CIRCLE('',#1393,0.5);
#1393 = AXIS2_PLACEMENT_3D('',#1394,#1395,#1396);
#1394 = CARTESIAN_POINT('',(36.708568900358,1.5,3.499481614022));
#1395 = DIRECTION('',(0.,1.,-2.2E-16));
#1396 = DIRECTION('',(-1.,0.,0.));
#1397 = ORIENTED_EDGE('',*,*,#1398,.T.);
#1398 = EDGE_CURVE('',#1390,#639,#1399,.T.);
#1399 = LINE('',#1400,#1401);
#1400 = CARTESIAN_POINT('',(36.708568900358,3.,2.999481614022));
#1401 = VECTOR('',#1402,1.);
#1402 = DIRECTION('',(0.,-1.,2.2E-16));
#1403 = ORIENTED_EDGE('',*,*,#646,.T.);
#1404 = ORIENTED_EDGE('',*,*,#1373,.F.);
#1405 = CYLINDRICAL_SURFACE('',#1406,0.5);
#1406 = AXIS2_PLACEMENT_3D('',#1407,#1408,#1409);
#1407 = CARTESIAN_POINT('',(36.708568900358,3.,3.499481614022));
#1408 = DIRECTION('',(0.,1.,-2.2E-16));
#1409 = DIRECTION('',(-1.,0.,0.));
#1410 = ADVANCED_FACE('',(#1411),#1429,.F.);
#1411 = FACE_BOUND('',#1412,.F.);
#1412 = EDGE_LOOP('',(#1413,#1421,#1427,#1428));
#1413 = ORIENTED_EDGE('',*,*,#1414,.T.);
#1414 = EDGE_CURVE('',#1390,#1415,#1417,.T.);
#1415 = VERTEX_POINT('',#1416);
#1416 = CARTESIAN_POINT('',(46.208568900358,1.5,2.999481614022));
#1417 = LINE('',#1418,#1419);
#1418 = CARTESIAN_POINT('',(43.833568811265,1.5,2.999481614022));
#1419 = VECTOR('',#1420,1.);
#1420 = DIRECTION('',(1.,0.,0.));
#1421 = ORIENTED_EDGE('',*,*,#1422,.T.);
#1422 = EDGE_CURVE('',#1415,#630,#1423,.T.);
#1423 = LINE('',#1424,#1425);
#1424 = CARTESIAN_POINT('',(46.208568900358,3.,2.999481614022));
#1425 = VECTOR('',#1426,1.);
#1426 = DIRECTION('',(0.,-1.,2.2E-16));
#1427 = ORIENTED_EDGE('',*,*,#638,.F.);
#1428 = ORIENTED_EDGE('',*,*,#1398,.F.);
#1429 = PLANE('',#1430);
#1430 = AXIS2_PLACEMENT_3D('',#1431,#1432,#1433);
#1431 = CARTESIAN_POINT('',(46.208568900358,3.,2.999481614022));
#1432 = DIRECTION('',(-0.,-2.2E-16,-1.));
#1433 = DIRECTION('',(-1.,0.,0.));
#1434 = ADVANCED_FACE('',(#1435),#1447,.F.);
#1435 = FACE_BOUND('',#1436,.F.);
#1436 = EDGE_LOOP('',(#1437,#1444,#1445,#1446));
#1437 = ORIENTED_EDGE('',*,*,#1438,.F.);
#1438 = EDGE_CURVE('',#1261,#1415,#1439,.T.);
#1439 = CIRCLE('',#1440,0.5);
#1440 = AXIS2_PLACEMENT_3D('',#1441,#1442,#1443);
#1441 = CARTESIAN_POINT('',(46.208568900358,1.5,3.499481614022));
#1442 = DIRECTION('',(0.,1.,-2.2E-16));
#1443 = DIRECTION('',(-1.,0.,0.));
#1444 = ORIENTED_EDGE('',*,*,#1277,.T.);
#1445 = ORIENTED_EDGE('',*,*,#629,.T.);
#1446 = ORIENTED_EDGE('',*,*,#1422,.F.);
#1447 = CYLINDRICAL_SURFACE('',#1448,0.5);
#1448 = AXIS2_PLACEMENT_3D('',#1449,#1450,#1451);
#1449 = CARTESIAN_POINT('',(46.208568900358,3.,3.499481614022));
#1450 = DIRECTION('',(0.,1.,-2.2E-16));
#1451 = DIRECTION('',(-1.,0.,0.));
#1452 = ADVANCED_FACE('',(#1453),#1456,.T.);
#1453 = FACE_BOUND('',#1454,.T.);
#1454 = EDGE_LOOP('',(#1455));
#1455 = ORIENTED_EDGE('',*,*,#705,.T.);
#1456 = PLANE('',#1457);
#1457 = AXIS2_PLACEMENT_3D('',#1458,#1459,#1460);
#1458 = CARTESIAN_POINT('',(2.147831,-5.,8.5));
#1459 = DIRECTION('',(0.,0.,1.));
#1460 = DIRECTION('',(1.,0.,0.));
#1461 = ADVANCED_FACE('',(#1462),#1481,.F.);
#1462 = FACE_BOUND('',#1463,.T.);
#1463 = EDGE_LOOP('',(#1464,#1473,#1479,#1480));
#1464 = ORIENTED_EDGE('',*,*,#1465,.T.);
#1465 = EDGE_CURVE('',#782,#1466,#1468,.T.);
#1466 = VERTEX_POINT('',#1467);
#1467 = CARTESIAN_POINT('',(233.83,-76.1,10.7));
#1468 = CIRCLE('',#1469,1.);
#1469 = AXIS2_PLACEMENT_3D('',#1470,#1471,#1472);
#1470 = CARTESIAN_POINT('',(232.83,-76.1,10.7));
#1471 = DIRECTION('',(0.,-0.,1.));
#1472 = DIRECTION('',(0.,1.,0.));
#1473 = ORIENTED_EDGE('',*,*,#1474,.T.);
#1474 = EDGE_CURVE('',#1466,#1059,#1475,.T.);
#1475 = LINE('',#1476,#1477);
#1476 = CARTESIAN_POINT('',(233.83,-76.1,10.7));
#1477 = VECTOR('',#1478,1.);
#1478 = DIRECTION('',(0.,0.,-1.));
#1479 = ORIENTED_EDGE('',*,*,#1058,.F.);
#1480 = ORIENTED_EDGE('',*,*,#789,.F.);
#1481 = CYLINDRICAL_SURFACE('',#1482,1.);
#1482 = AXIS2_PLACEMENT_3D('',#1483,#1484,#1485);
#1483 = CARTESIAN_POINT('',(232.83,-76.1,10.7));
#1484 = DIRECTION('',(0.,0.,-1.));
#1485 = DIRECTION('',(0.,-1.,0.));
#1486 = ADVANCED_FACE('',(#1487,#1540),#1551,.T.);
#1487 = FACE_BOUND('',#1488,.T.);
#1488 = EDGE_LOOP('',(#1489,#1499,#1505,#1506,#1507,#1508,#1517,#1525,
    #1533));
#1489 = ORIENTED_EDGE('',*,*,#1490,.T.);
#1490 = EDGE_CURVE('',#1491,#1493,#1495,.T.);
#1491 = VERTEX_POINT('',#1492);
#1492 = CARTESIAN_POINT('',(237.13,-67.1,10.7));
#1493 = VERTEX_POINT('',#1494);
#1494 = CARTESIAN_POINT('',(233.83,-67.1,10.7));
#1495 = LINE('',#1496,#1497);
#1496 = CARTESIAN_POINT('',(241.13,-67.1,10.7));
#1497 = VECTOR('',#1498,1.);
#1498 = DIRECTION('',(-1.,-0.,-0.));
#1499 = ORIENTED_EDGE('',*,*,#1500,.T.);
#1500 = EDGE_CURVE('',#1493,#1466,#1501,.T.);
#1501 = LINE('',#1502,#1503);
#1502 = CARTESIAN_POINT('',(233.83,-67.1,10.7));
#1503 = VECTOR('',#1504,1.);
#1504 = DIRECTION('',(0.,-1.,0.));
#1505 = ORIENTED_EDGE('',*,*,#1465,.F.);
#1506 = ORIENTED_EDGE('',*,*,#781,.F.);
#1507 = ORIENTED_EDGE('',*,*,#773,.T.);
#1508 = ORIENTED_EDGE('',*,*,#1509,.T.);
#1509 = EDGE_CURVE('',#766,#1510,#1512,.T.);
#1510 = VERTEX_POINT('',#1511);
#1511 = CARTESIAN_POINT('',(238.13,-75.6,10.7));
#1512 = CIRCLE('',#1513,1.5);
#1513 = AXIS2_PLACEMENT_3D('',#1514,#1515,#1516);
#1514 = CARTESIAN_POINT('',(236.63,-75.6,10.7));
#1515 = DIRECTION('',(-0.,0.,1.));
#1516 = DIRECTION('',(0.,-1.,0.));
#1517 = ORIENTED_EDGE('',*,*,#1518,.T.);
#1518 = EDGE_CURVE('',#1510,#1519,#1521,.T.);
#1519 = VERTEX_POINT('',#1520);
#1520 = CARTESIAN_POINT('',(238.13,-67.1,10.7));
#1521 = LINE('',#1522,#1523);
#1522 = CARTESIAN_POINT('',(238.13,-72.1,10.7));
#1523 = VECTOR('',#1524,1.);
#1524 = DIRECTION('',(0.,1.,0.));
#1525 = ORIENTED_EDGE('',*,*,#1526,.T.);
#1526 = EDGE_CURVE('',#1519,#1527,#1529,.T.);
#1527 = VERTEX_POINT('',#1528);
#1528 = CARTESIAN_POINT('',(238.13,-66.1,10.7));
#1529 = LINE('',#1530,#1531);
#1530 = CARTESIAN_POINT('',(238.13,-72.1,10.7));
#1531 = VECTOR('',#1532,1.);
#1532 = DIRECTION('',(0.,1.,0.));
#1533 = ORIENTED_EDGE('',*,*,#1534,.T.);
#1534 = EDGE_CURVE('',#1527,#1491,#1535,.T.);
#1535 = CIRCLE('',#1536,1.);
#1536 = AXIS2_PLACEMENT_3D('',#1537,#1538,#1539);
#1537 = CARTESIAN_POINT('',(237.13,-66.1,10.7));
#1538 = DIRECTION('',(0.,0.,-1.));
#1539 = DIRECTION('',(0.,1.,0.));
#1540 = FACE_BOUND('',#1541,.T.);
#1541 = EDGE_LOOP('',(#1542));
#1542 = ORIENTED_EDGE('',*,*,#1543,.F.);
#1543 = EDGE_CURVE('',#1544,#1544,#1546,.T.);
#1544 = VERTEX_POINT('',#1545);
#1545 = CARTESIAN_POINT('',(237.575845,-72.1,10.7));
#1546 = CIRCLE('',#1547,1.6);
#1547 = AXIS2_PLACEMENT_3D('',#1548,#1549,#1550);
#1548 = CARTESIAN_POINT('',(235.975845,-72.1,10.7));
#1549 = DIRECTION('',(0.,0.,1.));
#1550 = DIRECTION('',(1.,0.,0.));
#1551 = PLANE('',#1552);
#1552 = AXIS2_PLACEMENT_3D('',#1553,#1554,#1555);
#1553 = CARTESIAN_POINT('',(241.13,-67.1,10.7));
#1554 = DIRECTION('',(0.,0.,1.));
#1555 = DIRECTION('',(0.,-1.,0.));
#1556 = ADVANCED_FACE('',(#1557),#1597,.F.);
#1557 = FACE_BOUND('',#1558,.F.);
#1558 = EDGE_LOOP('',(#1559,#1560,#1561,#1569,#1578,#1590));
#1559 = ORIENTED_EDGE('',*,*,#765,.F.);
#1560 = ORIENTED_EDGE('',*,*,#1509,.T.);
#1561 = ORIENTED_EDGE('',*,*,#1562,.T.);
#1562 = EDGE_CURVE('',#1510,#1563,#1565,.T.);
#1563 = VERTEX_POINT('',#1564);
#1564 = CARTESIAN_POINT('',(238.13,-75.6,13.5));
#1565 = LINE('',#1566,#1567);
#1566 = CARTESIAN_POINT('',(238.13,-75.6,10.7));
#1567 = VECTOR('',#1568,1.);
#1568 = DIRECTION('',(0.,0.,1.));
#1569 = ORIENTED_EDGE('',*,*,#1570,.F.);
#1570 = EDGE_CURVE('',#1571,#1563,#1573,.T.);
#1571 = VERTEX_POINT('',#1572);
#1572 = CARTESIAN_POINT('',(238.06357837082,-76.04142162917,13.5));
#1573 = CIRCLE('',#1574,1.5);
#1574 = AXIS2_PLACEMENT_3D('',#1575,#1576,#1577);
#1575 = CARTESIAN_POINT('',(236.63,-75.6,13.5));
#1576 = DIRECTION('',(-0.,0.,1.));
#1577 = DIRECTION('',(0.,-1.,0.));
#1578 = ORIENTED_EDGE('',*,*,#1579,.F.);
#1579 = EDGE_CURVE('',#1580,#1571,#1582,.T.);
#1580 = VERTEX_POINT('',#1581);
#1581 = CARTESIAN_POINT('',(237.07142162917,-77.03357837082,13.5));
#1582 = ( BOUNDED_CURVE() B_SPLINE_CURVE(6,(#1583,#1584,#1585,#1586,
#1587,#1588,#1589),.UNSPECIFIED.,.F.,.F.) B_SPLINE_CURVE_WITH_KNOTS((7,7
),(549.52044379286,550.98052865809),.PIECEWISE_BEZIER_KNOTS.) CURVE() 
GEOMETRIC_REPRESENTATION_ITEM() RATIONAL_B_SPLINE_CURVE((1.,1.,1.,1.,1.,
1.,1.)) REPRESENTATION_ITEM('') );
#1583 = CARTESIAN_POINT('',(237.07142162917,-77.03357837082,13.5));
#1584 = CARTESIAN_POINT('',(237.30399335517,-76.96196582959,13.5));
#1585 = CARTESIAN_POINT('',(237.52262274757,-76.84507769655,
    13.494930823913));
#1586 = CARTESIAN_POINT('',(237.7162994556,-76.6862994556,13.49187878075
    ));
#1587 = CARTESIAN_POINT('',(237.87507769655,-76.49262274757,
    13.494930823913));
#1588 = CARTESIAN_POINT('',(237.99196582959,-76.27399335517,13.5));
#1589 = CARTESIAN_POINT('',(238.06357837082,-76.04142162917,13.5));
#1590 = ORIENTED_EDGE('',*,*,#1591,.F.);
#1591 = EDGE_CURVE('',#758,#1580,#1592,.T.);
#1592 = CIRCLE('',#1593,1.5);
#1593 = AXIS2_PLACEMENT_3D('',#1594,#1595,#1596);
#1594 = CARTESIAN_POINT('',(236.63,-75.6,13.5));
#1595 = DIRECTION('',(-0.,0.,1.));
#1596 = DIRECTION('',(0.,-1.,0.));
#1597 = CYLINDRICAL_SURFACE('',#1598,1.5);
#1598 = AXIS2_PLACEMENT_3D('',#1599,#1600,#1601);
#1599 = CARTESIAN_POINT('',(236.63,-75.6,10.7));
#1600 = DIRECTION('',(0.,0.,1.));
#1601 = DIRECTION('',(0.,-1.,0.));
#1602 = ADVANCED_FACE('',(#1603),#1622,.T.);
#1603 = FACE_BOUND('',#1604,.F.);
#1604 = EDGE_LOOP('',(#1605,#1606,#1607,#1616));
#1605 = ORIENTED_EDGE('',*,*,#1006,.T.);
#1606 = ORIENTED_EDGE('',*,*,#757,.T.);
#1607 = ORIENTED_EDGE('',*,*,#1608,.F.);
#1608 = EDGE_CURVE('',#1609,#758,#1611,.T.);
#1609 = VERTEX_POINT('',#1610);
#1610 = CARTESIAN_POINT('',(236.63,-77.6,14.));
#1611 = CIRCLE('',#1612,0.5);
#1612 = AXIS2_PLACEMENT_3D('',#1613,#1614,#1615);
#1613 = CARTESIAN_POINT('',(236.63,-77.6,13.5));
#1614 = DIRECTION('',(-1.,0.,0.));
#1615 = DIRECTION('',(0.,0.,1.));
#1616 = ORIENTED_EDGE('',*,*,#1617,.F.);
#1617 = EDGE_CURVE('',#998,#1609,#1618,.T.);
#1618 = LINE('',#1619,#1620);
#1619 = CARTESIAN_POINT('',(1.5,-77.6,14.));
#1620 = VECTOR('',#1621,1.);
#1621 = DIRECTION('',(1.,0.,0.));
#1622 = CYLINDRICAL_SURFACE('',#1623,0.5);
#1623 = AXIS2_PLACEMENT_3D('',#1624,#1625,#1626);
#1624 = CARTESIAN_POINT('',(1.5,-77.6,13.5));
#1625 = DIRECTION('',(1.,0.,0.));
#1626 = DIRECTION('',(0.,0.,1.));
#1627 = ADVANCED_FACE('',(#1628),#1631,.T.);
#1628 = FACE_BOUND('',#1629,.T.);
#1629 = EDGE_LOOP('',(#1630));
#1630 = ORIENTED_EDGE('',*,*,#813,.T.);
#1631 = PLANE('',#1632);
#1632 = AXIS2_PLACEMENT_3D('',#1633,#1634,#1635);
#1633 = CARTESIAN_POINT('',(2.153625,-72.1,8.5));
#1634 = DIRECTION('',(0.,0.,1.));
#1635 = DIRECTION('',(1.,0.,0.));
#1636 = ADVANCED_FACE('',(#1637),#1675,.T.);
#1637 = FACE_BOUND('',#1638,.F.);
#1638 = EDGE_LOOP('',(#1639,#1648,#1649,#1650,#1659,#1668));
#1639 = ORIENTED_EDGE('',*,*,#1640,.T.);
#1640 = EDGE_CURVE('',#1641,#854,#1643,.T.);
#1641 = VERTEX_POINT('',#1642);
#1642 = CARTESIAN_POINT('',(3.,1.,14.));
#1643 = CIRCLE('',#1644,4.);
#1644 = AXIS2_PLACEMENT_3D('',#1645,#1646,#1647);
#1645 = CARTESIAN_POINT('',(3.,-3.,14.));
#1646 = DIRECTION('',(0.,0.,1.));
#1647 = DIRECTION('',(-1.5E-16,1.,0.));
#1648 = ORIENTED_EDGE('',*,*,#864,.T.);
#1649 = ORIENTED_EDGE('',*,*,#1034,.T.);
#1650 = ORIENTED_EDGE('',*,*,#1651,.T.);
#1651 = EDGE_CURVE('',#1035,#1652,#1654,.T.);
#1652 = VERTEX_POINT('',#1653);
#1653 = CARTESIAN_POINT('',(-3.,-3.,12.));
#1654 = CIRCLE('',#1655,2.);
#1655 = AXIS2_PLACEMENT_3D('',#1656,#1657,#1658);
#1656 = CARTESIAN_POINT('',(-1.,-3.,12.));
#1657 = DIRECTION('',(9.E-17,-1.,0.));
#1658 = DIRECTION('',(-1.,-9.E-17,0.));
#1659 = ORIENTED_EDGE('',*,*,#1660,.F.);
#1660 = EDGE_CURVE('',#1661,#1652,#1663,.T.);
#1661 = VERTEX_POINT('',#1662);
#1662 = CARTESIAN_POINT('',(3.,3.,12.));
#1663 = CIRCLE('',#1664,6.);
#1664 = AXIS2_PLACEMENT_3D('',#1665,#1666,#1667);
#1665 = CARTESIAN_POINT('',(3.,-3.,12.));
#1666 = DIRECTION('',(0.,0.,1.));
#1667 = DIRECTION('',(-1.5E-16,1.,0.));
#1668 = ORIENTED_EDGE('',*,*,#1669,.F.);
#1669 = EDGE_CURVE('',#1641,#1661,#1670,.T.);
#1670 = CIRCLE('',#1671,2.);
#1671 = AXIS2_PLACEMENT_3D('',#1672,#1673,#1674);
#1672 = CARTESIAN_POINT('',(3.,1.,12.));
#1673 = DIRECTION('',(-1.,0.,0.));
#1674 = DIRECTION('',(0.,0.,1.));
#1675 = TOROIDAL_SURFACE('',#1676,4.,2.);
#1676 = AXIS2_PLACEMENT_3D('',#1677,#1678,#1679);
#1677 = CARTESIAN_POINT('',(3.,-3.,12.));
#1678 = DIRECTION('',(-0.,-0.,-1.));
#1679 = DIRECTION('',(-1.5E-16,1.,0.));
#1680 = ADVANCED_FACE('',(#1681),#1710,.T.);
#1681 = FACE_BOUND('',#1682,.T.);
#1682 = EDGE_LOOP('',(#1683,#1684,#1685,#1686,#1695,#1704));
#1683 = ORIENTED_EDGE('',*,*,#1640,.T.);
#1684 = ORIENTED_EDGE('',*,*,#908,.F.);
#1685 = ORIENTED_EDGE('',*,*,#1246,.F.);
#1686 = ORIENTED_EDGE('',*,*,#1687,.F.);
#1687 = EDGE_CURVE('',#1688,#1236,#1690,.T.);
#1688 = VERTEX_POINT('',#1689);
#1689 = CARTESIAN_POINT('',(237.21856217223,0.411437827766,14.));
#1690 = CIRCLE('',#1691,2.);
#1691 = AXIS2_PLACEMENT_3D('',#1692,#1693,#1694);
#1692 = CARTESIAN_POINT('',(236.63,-1.5,14.));
#1693 = DIRECTION('',(0.,-0.,1.));
#1694 = DIRECTION('',(1.,1.5E-16,0.));
#1695 = ORIENTED_EDGE('',*,*,#1696,.T.);
#1696 = EDGE_CURVE('',#1688,#1697,#1699,.T.);
#1697 = VERTEX_POINT('',#1698);
#1698 = CARTESIAN_POINT('',(235.13,1.,14.));
#1699 = CIRCLE('',#1700,4.);
#1700 = AXIS2_PLACEMENT_3D('',#1701,#1702,#1703);
#1701 = CARTESIAN_POINT('',(235.13,-3.,14.));
#1702 = DIRECTION('',(0.,-0.,1.));
#1703 = DIRECTION('',(1.,3.E-16,0.));
#1704 = ORIENTED_EDGE('',*,*,#1705,.T.);
#1705 = EDGE_CURVE('',#1697,#1641,#1706,.T.);
#1706 = LINE('',#1707,#1708);
#1707 = CARTESIAN_POINT('',(235.13,1.,14.));
#1708 = VECTOR('',#1709,1.);
#1709 = DIRECTION('',(-1.,0.,0.));
#1710 = PLANE('',#1711);
#1711 = AXIS2_PLACEMENT_3D('',#1712,#1713,#1714);
#1712 = CARTESIAN_POINT('',(119.065,-38.55,14.));
#1713 = DIRECTION('',(0.,0.,1.));
#1714 = DIRECTION('',(1.,0.,0.));
#1715 = ADVANCED_FACE('',(#1716),#1754,.T.);
#1716 = FACE_BOUND('',#1717,.F.);
#1717 = EDGE_LOOP('',(#1718,#1719,#1720,#1729,#1738,#1747));
#1718 = ORIENTED_EDGE('',*,*,#1022,.T.);
#1719 = ORIENTED_EDGE('',*,*,#961,.T.);
#1720 = ORIENTED_EDGE('',*,*,#1721,.T.);
#1721 = EDGE_CURVE('',#954,#1722,#1724,.T.);
#1722 = VERTEX_POINT('',#1723);
#1723 = CARTESIAN_POINT('',(3.,-78.1,14.));
#1724 = CIRCLE('',#1725,4.);
#1725 = AXIS2_PLACEMENT_3D('',#1726,#1727,#1728);
#1726 = CARTESIAN_POINT('',(3.,-74.1,14.));
#1727 = DIRECTION('',(0.,0.,1.));
#1728 = DIRECTION('',(-1.,0.,0.));
#1729 = ORIENTED_EDGE('',*,*,#1730,.T.);
#1730 = EDGE_CURVE('',#1722,#1731,#1733,.T.);
#1731 = VERTEX_POINT('',#1732);
#1732 = CARTESIAN_POINT('',(3.,-80.1,12.));
#1733 = CIRCLE('',#1734,2.);
#1734 = AXIS2_PLACEMENT_3D('',#1735,#1736,#1737);
#1735 = CARTESIAN_POINT('',(3.,-78.1,12.));
#1736 = DIRECTION('',(1.,0.,-0.));
#1737 = DIRECTION('',(0.,0.,1.));
#1738 = ORIENTED_EDGE('',*,*,#1739,.F.);
#1739 = EDGE_CURVE('',#1740,#1731,#1742,.T.);
#1740 = VERTEX_POINT('',#1741);
#1741 = CARTESIAN_POINT('',(-3.,-74.1,12.));
#1742 = CIRCLE('',#1743,6.);
#1743 = AXIS2_PLACEMENT_3D('',#1744,#1745,#1746);
#1744 = CARTESIAN_POINT('',(3.,-74.1,12.));
#1745 = DIRECTION('',(0.,0.,1.));
#1746 = DIRECTION('',(-1.,0.,0.));
#1747 = ORIENTED_EDGE('',*,*,#1748,.F.);
#1748 = EDGE_CURVE('',#1023,#1740,#1749,.T.);
#1749 = CIRCLE('',#1750,2.);
#1750 = AXIS2_PLACEMENT_3D('',#1751,#1752,#1753);
#1751 = CARTESIAN_POINT('',(-1.,-74.1,12.));
#1752 = DIRECTION('',(0.,-1.,0.));
#1753 = DIRECTION('',(0.,0.,1.));
#1754 = TOROIDAL_SURFACE('',#1755,4.,2.);
#1755 = AXIS2_PLACEMENT_3D('',#1756,#1757,#1758);
#1756 = CARTESIAN_POINT('',(3.,-74.1,12.));
#1757 = DIRECTION('',(-0.,-0.,-1.));
#1758 = DIRECTION('',(-1.,0.,0.));
#1759 = ADVANCED_FACE('',(#1760),#1789,.T.);
#1760 = FACE_BOUND('',#1761,.T.);
#1761 = EDGE_LOOP('',(#1762,#1763,#1771,#1780,#1787,#1788));
#1762 = ORIENTED_EDGE('',*,*,#1721,.T.);
#1763 = ORIENTED_EDGE('',*,*,#1764,.T.);
#1764 = EDGE_CURVE('',#1722,#1765,#1767,.T.);
#1765 = VERTEX_POINT('',#1766);
#1766 = CARTESIAN_POINT('',(235.13,-78.1,14.));
#1767 = LINE('',#1768,#1769);
#1768 = CARTESIAN_POINT('',(3.,-78.1,14.));
#1769 = VECTOR('',#1770,1.);
#1770 = DIRECTION('',(1.,0.,0.));
#1771 = ORIENTED_EDGE('',*,*,#1772,.T.);
#1772 = EDGE_CURVE('',#1765,#1773,#1775,.T.);
#1773 = VERTEX_POINT('',#1774);
#1774 = CARTESIAN_POINT('',(237.21856217223,-77.51143782776,14.));
#1775 = CIRCLE('',#1776,4.);
#1776 = AXIS2_PLACEMENT_3D('',#1777,#1778,#1779);
#1777 = CARTESIAN_POINT('',(235.13,-74.1,14.));
#1778 = DIRECTION('',(-0.,0.,1.));
#1779 = DIRECTION('',(0.,-1.,0.));
#1780 = ORIENTED_EDGE('',*,*,#1781,.F.);
#1781 = EDGE_CURVE('',#1609,#1773,#1782,.T.);
#1782 = CIRCLE('',#1783,2.);
#1783 = AXIS2_PLACEMENT_3D('',#1784,#1785,#1786);
#1784 = CARTESIAN_POINT('',(236.63,-75.6,14.));
#1785 = DIRECTION('',(-0.,0.,1.));
#1786 = DIRECTION('',(0.,-1.,0.));
#1787 = ORIENTED_EDGE('',*,*,#1617,.F.);
#1788 = ORIENTED_EDGE('',*,*,#997,.F.);
#1789 = PLANE('',#1790);
#1790 = AXIS2_PLACEMENT_3D('',#1791,#1792,#1793);
#1791 = CARTESIAN_POINT('',(119.065,-38.55,14.));
#1792 = DIRECTION('',(0.,0.,1.));
#1793 = DIRECTION('',(1.,0.,0.));
#1794 = ADVANCED_FACE('',(#1795),#1806,.T.);
#1795 = FACE_BOUND('',#1796,.T.);
#1796 = EDGE_LOOP('',(#1797,#1798,#1804,#1805));
#1797 = ORIENTED_EDGE('',*,*,#1651,.T.);
#1798 = ORIENTED_EDGE('',*,*,#1799,.T.);
#1799 = EDGE_CURVE('',#1652,#1740,#1800,.T.);
#1800 = LINE('',#1801,#1802);
#1801 = CARTESIAN_POINT('',(-3.,-3.,12.));
#1802 = VECTOR('',#1803,1.);
#1803 = DIRECTION('',(0.,-1.,0.));
#1804 = ORIENTED_EDGE('',*,*,#1748,.F.);
#1805 = ORIENTED_EDGE('',*,*,#1043,.F.);
#1806 = CYLINDRICAL_SURFACE('',#1807,2.);
#1807 = AXIS2_PLACEMENT_3D('',#1808,#1809,#1810);
#1808 = CARTESIAN_POINT('',(-1.,-3.,12.));
#1809 = DIRECTION('',(0.,-1.,0.));
#1810 = DIRECTION('',(0.,0.,1.));
#1811 = ADVANCED_FACE('',(#1812),#1841,.F.);
#1812 = FACE_BOUND('',#1813,.F.);
#1813 = EDGE_LOOP('',(#1814,#1815,#1816,#1817,#1818,#1819,#1827,#1835));
#1814 = ORIENTED_EDGE('',*,*,#1500,.T.);
#1815 = ORIENTED_EDGE('',*,*,#1474,.T.);
#1816 = ORIENTED_EDGE('',*,*,#1067,.T.);
#1817 = ORIENTED_EDGE('',*,*,#1095,.T.);
#1818 = ORIENTED_EDGE('',*,*,#1119,.T.);
#1819 = ORIENTED_EDGE('',*,*,#1820,.T.);
#1820 = EDGE_CURVE('',#1120,#1821,#1823,.T.);
#1821 = VERTEX_POINT('',#1822);
#1822 = CARTESIAN_POINT('',(233.83,-10.,7.8));
#1823 = LINE('',#1824,#1825);
#1824 = CARTESIAN_POINT('',(233.83,-10.,10.7));
#1825 = VECTOR('',#1826,1.);
#1826 = DIRECTION('',(0.,0.,-1.));
#1827 = ORIENTED_EDGE('',*,*,#1828,.T.);
#1828 = EDGE_CURVE('',#1821,#1829,#1831,.T.);
#1829 = VERTEX_POINT('',#1830);
#1830 = CARTESIAN_POINT('',(233.83,-67.1,7.8));
#1831 = LINE('',#1832,#1833);
#1832 = CARTESIAN_POINT('',(233.83,-10.,7.8));
#1833 = VECTOR('',#1834,1.);
#1834 = DIRECTION('',(0.,-1.,0.));
#1835 = ORIENTED_EDGE('',*,*,#1836,.T.);
#1836 = EDGE_CURVE('',#1829,#1493,#1837,.T.);
#1837 = LINE('',#1838,#1839);
#1838 = CARTESIAN_POINT('',(233.83,-67.1,0.));
#1839 = VECTOR('',#1840,1.);
#1840 = DIRECTION('',(0.,0.,1.));
#1841 = PLANE('',#1842);
#1842 = AXIS2_PLACEMENT_3D('',#1843,#1844,#1845);
#1843 = CARTESIAN_POINT('',(233.83,-38.55,4.512021371327));
#1844 = DIRECTION('',(1.,0.,0.));
#1845 = DIRECTION('',(0.,0.,1.));
#1846 = ADVANCED_FACE('',(#1847),#1865,.T.);
#1847 = FACE_BOUND('',#1848,.T.);
#1848 = EDGE_LOOP('',(#1849,#1857,#1863,#1864));
#1849 = ORIENTED_EDGE('',*,*,#1850,.F.);
#1850 = EDGE_CURVE('',#1851,#1821,#1853,.T.);
#1851 = VERTEX_POINT('',#1852);
#1852 = CARTESIAN_POINT('',(237.13,-10.,7.8));
#1853 = LINE('',#1854,#1855);
#1854 = CARTESIAN_POINT('',(241.13,-10.,7.8));
#1855 = VECTOR('',#1856,1.);
#1856 = DIRECTION('',(-1.,-0.,-0.));
#1857 = ORIENTED_EDGE('',*,*,#1858,.T.);
#1858 = EDGE_CURVE('',#1851,#1128,#1859,.T.);
#1859 = LINE('',#1860,#1861);
#1860 = CARTESIAN_POINT('',(237.13,-10.,7.8));
#1861 = VECTOR('',#1862,1.);
#1862 = DIRECTION('',(0.,0.,1.));
#1863 = ORIENTED_EDGE('',*,*,#1127,.T.);
#1864 = ORIENTED_EDGE('',*,*,#1820,.T.);
#1865 = PLANE('',#1866);
#1866 = AXIS2_PLACEMENT_3D('',#1867,#1868,#1869);
#1867 = CARTESIAN_POINT('',(241.13,-10.,10.7));
#1868 = DIRECTION('',(0.,-1.,0.));
#1869 = DIRECTION('',(0.,0.,-1.));
#1870 = ADVANCED_FACE('',(#1871),#1890,.F.);
#1871 = FACE_BOUND('',#1872,.F.);
#1872 = EDGE_LOOP('',(#1873,#1882,#1883,#1884));
#1873 = ORIENTED_EDGE('',*,*,#1874,.T.);
#1874 = EDGE_CURVE('',#1875,#1851,#1877,.T.);
#1875 = VERTEX_POINT('',#1876);
#1876 = CARTESIAN_POINT('',(238.13,-11.,7.8));
#1877 = CIRCLE('',#1878,1.);
#1878 = AXIS2_PLACEMENT_3D('',#1879,#1880,#1881);
#1879 = CARTESIAN_POINT('',(237.13,-11.,7.8));
#1880 = DIRECTION('',(-0.,0.,1.));
#1881 = DIRECTION('',(0.,-1.,0.));
#1882 = ORIENTED_EDGE('',*,*,#1858,.T.);
#1883 = ORIENTED_EDGE('',*,*,#1135,.F.);
#1884 = ORIENTED_EDGE('',*,*,#1885,.F.);
#1885 = EDGE_CURVE('',#1875,#1136,#1886,.T.);
#1886 = LINE('',#1887,#1888);
#1887 = CARTESIAN_POINT('',(238.13,-11.,7.8));
#1888 = VECTOR('',#1889,1.);
#1889 = DIRECTION('',(0.,0.,1.));
#1890 = CYLINDRICAL_SURFACE('',#1891,1.);
#1891 = AXIS2_PLACEMENT_3D('',#1892,#1893,#1894);
#1892 = CARTESIAN_POINT('',(237.13,-11.,7.8));
#1893 = DIRECTION('',(0.,0.,1.));
#1894 = DIRECTION('',(1.,0.,0.));
#1895 = ADVANCED_FACE('',(#1896),#1925,.T.);
#1896 = FACE_BOUND('',#1897,.T.);
#1897 = EDGE_LOOP('',(#1898,#1906,#1912,#1913,#1914,#1915,#1921,#1922,
    #1923,#1924));
#1898 = ORIENTED_EDGE('',*,*,#1899,.F.);
#1899 = EDGE_CURVE('',#1900,#1875,#1902,.T.);
#1900 = VERTEX_POINT('',#1901);
#1901 = CARTESIAN_POINT('',(238.13,-66.1,7.8));
#1902 = LINE('',#1903,#1904);
#1903 = CARTESIAN_POINT('',(238.13,-43.55,7.8));
#1904 = VECTOR('',#1905,1.);
#1905 = DIRECTION('',(0.,1.,0.));
#1906 = ORIENTED_EDGE('',*,*,#1907,.F.);
#1907 = EDGE_CURVE('',#1527,#1900,#1908,.T.);
#1908 = LINE('',#1909,#1910);
#1909 = CARTESIAN_POINT('',(238.13,-66.1,10.7));
#1910 = VECTOR('',#1911,1.);
#1911 = DIRECTION('',(0.,0.,-1.));
#1912 = ORIENTED_EDGE('',*,*,#1526,.F.);
#1913 = ORIENTED_EDGE('',*,*,#1518,.F.);
#1914 = ORIENTED_EDGE('',*,*,#1562,.T.);
#1915 = ORIENTED_EDGE('',*,*,#1916,.T.);
#1916 = EDGE_CURVE('',#1563,#1190,#1917,.T.);
#1917 = LINE('',#1918,#1919);
#1918 = CARTESIAN_POINT('',(238.13,-75.6,13.5));
#1919 = VECTOR('',#1920,1.);
#1920 = DIRECTION('',(0.,1.,0.));
#1921 = ORIENTED_EDGE('',*,*,#1189,.F.);
#1922 = ORIENTED_EDGE('',*,*,#1152,.F.);
#1923 = ORIENTED_EDGE('',*,*,#1144,.T.);
#1924 = ORIENTED_EDGE('',*,*,#1885,.F.);
#1925 = PLANE('',#1926);
#1926 = AXIS2_PLACEMENT_3D('',#1927,#1928,#1929);
#1927 = CARTESIAN_POINT('',(238.13,-77.1,0.));
#1928 = DIRECTION('',(-1.,0.,0.));
#1929 = DIRECTION('',(0.,1.,0.));
#1930 = ADVANCED_FACE('',(#1931),#1950,.F.);
#1931 = FACE_BOUND('',#1932,.T.);
#1932 = EDGE_LOOP('',(#1933,#1941,#1942,#1943));
#1933 = ORIENTED_EDGE('',*,*,#1934,.F.);
#1934 = EDGE_CURVE('',#1173,#1935,#1937,.T.);
#1935 = VERTEX_POINT('',#1936);
#1936 = CARTESIAN_POINT('',(237.576852,-5.,8.5));
#1937 = LINE('',#1938,#1939);
#1938 = CARTESIAN_POINT('',(237.576852,-5.,10.7));
#1939 = VECTOR('',#1940,1.);
#1940 = DIRECTION('',(-1.E-16,0.,-1.));
#1941 = ORIENTED_EDGE('',*,*,#1172,.T.);
#1942 = ORIENTED_EDGE('',*,*,#1934,.T.);
#1943 = ORIENTED_EDGE('',*,*,#1944,.F.);
#1944 = EDGE_CURVE('',#1935,#1935,#1945,.T.);
#1945 = CIRCLE('',#1946,1.6);
#1946 = AXIS2_PLACEMENT_3D('',#1947,#1948,#1949);
#1947 = CARTESIAN_POINT('',(235.976852,-5.,8.5));
#1948 = DIRECTION('',(0.,0.,1.));
#1949 = DIRECTION('',(1.,0.,0.));
#1950 = CYLINDRICAL_SURFACE('',#1951,1.6);
#1951 = AXIS2_PLACEMENT_3D('',#1952,#1953,#1954);
#1952 = CARTESIAN_POINT('',(235.976852,-5.,10.7));
#1953 = DIRECTION('',(-0.,-0.,-1.));
#1954 = DIRECTION('',(1.,0.,0.));
#1955 = ADVANCED_FACE('',(#1956),#1984,.T.);
#1956 = FACE_BOUND('',#1957,.T.);
#1957 = EDGE_LOOP('',(#1958,#1967,#1976,#1983));
#1958 = ORIENTED_EDGE('',*,*,#1959,.F.);
#1959 = EDGE_CURVE('',#1960,#1190,#1962,.T.);
#1960 = VERTEX_POINT('',#1961);
#1961 = CARTESIAN_POINT('',(238.63,-1.5,14.));
#1962 = CIRCLE('',#1963,0.5);
#1963 = AXIS2_PLACEMENT_3D('',#1964,#1965,#1966);
#1964 = CARTESIAN_POINT('',(238.63,-1.5,13.5));
#1965 = DIRECTION('',(0.,-1.,0.));
#1966 = DIRECTION('',(0.,0.,1.));
#1967 = ORIENTED_EDGE('',*,*,#1968,.T.);
#1968 = EDGE_CURVE('',#1960,#1969,#1971,.T.);
#1969 = VERTEX_POINT('',#1970);
#1970 = CARTESIAN_POINT('',(238.54143782776,-0.911437827766,14.));
#1971 = CIRCLE('',#1972,2.);
#1972 = AXIS2_PLACEMENT_3D('',#1973,#1974,#1975);
#1973 = CARTESIAN_POINT('',(236.63,-1.5,14.));
#1974 = DIRECTION('',(0.,-0.,1.));
#1975 = DIRECTION('',(1.,1.5E-16,0.));
#1976 = ORIENTED_EDGE('',*,*,#1977,.T.);
#1977 = EDGE_CURVE('',#1969,#1209,#1978,.T.);
#1978 = CIRCLE('',#1979,0.5);
#1979 = AXIS2_PLACEMENT_3D('',#1980,#1981,#1982);
#1980 = CARTESIAN_POINT('',(238.54143782776,-0.911437827766,13.5));
#1981 = DIRECTION('',(0.294281086117,-0.955718913883,0.));
#1982 = DIRECTION('',(0.955718913883,0.294281086117,0.));
#1983 = ORIENTED_EDGE('',*,*,#1220,.F.);
#1984 = TOROIDAL_SURFACE('',#1985,2.,0.5);
#1985 = AXIS2_PLACEMENT_3D('',#1986,#1987,#1988);
#1986 = CARTESIAN_POINT('',(236.63,-1.5,13.5));
#1987 = DIRECTION('',(0.,0.,1.));
#1988 = DIRECTION('',(1.,1.5E-16,0.));
#1989 = ADVANCED_FACE('',(#1990),#2010,.F.);
#1990 = FACE_BOUND('',#1991,.F.);
#1991 = EDGE_LOOP('',(#1992,#1993,#1994,#2000));
#1992 = ORIENTED_EDGE('',*,*,#1977,.T.);
#1993 = ORIENTED_EDGE('',*,*,#1208,.T.);
#1994 = ORIENTED_EDGE('',*,*,#1995,.F.);
#1995 = EDGE_CURVE('',#1688,#1200,#1996,.T.);
#1996 = ( BOUNDED_CURVE() B_SPLINE_CURVE(2,(#1997,#1998,#1999),
.UNSPECIFIED.,.F.,.F.) B_SPLINE_CURVE_WITH_KNOTS((3,3),(0.,
1.460084865224),.PIECEWISE_BEZIER_KNOTS.) CURVE() 
GEOMETRIC_REPRESENTATION_ITEM() RATIONAL_B_SPLINE_CURVE((1.,
0.707106781187,1.)) REPRESENTATION_ITEM('') );
#1997 = CARTESIAN_POINT('',(237.21856217223,0.411437827766,14.));
#1998 = CARTESIAN_POINT('',(237.07142162917,-6.642162917537E-02,14.));
#1999 = CARTESIAN_POINT('',(237.07142162917,-6.642162917538E-02,13.5));
#2000 = ORIENTED_EDGE('',*,*,#2001,.F.);
#2001 = EDGE_CURVE('',#1969,#1688,#2002,.T.);
#2002 = ( BOUNDED_CURVE() B_SPLINE_CURVE(6,(#2003,#2004,#2005,#2006,
#2007,#2008,#2009),.UNSPECIFIED.,.F.,.F.) B_SPLINE_CURVE_WITH_KNOTS((7,7
),(625.97663828306,627.43672314828),.PIECEWISE_BEZIER_KNOTS.) CURVE() 
GEOMETRIC_REPRESENTATION_ITEM() RATIONAL_B_SPLINE_CURVE((1.,1.,1.,1.,1.,
1.,1.)) REPRESENTATION_ITEM('') );
#2003 = CARTESIAN_POINT('',(238.54143782776,-0.911437827766,14.));
#2004 = CARTESIAN_POINT('',(238.47029273026,-0.593848045448,14.));
#2005 = CARTESIAN_POINT('',(238.32841348594,-0.287718249969,
    13.99338131236));
#2006 = CARTESIAN_POINT('',(238.11503416182,-1.496583817382E-02,
    13.98896168542));
#2007 = CARTESIAN_POINT('',(237.84228175003,0.198413485942,
    13.99338131236));
#2008 = CARTESIAN_POINT('',(237.53615195455,0.34029273026,14.));
#2009 = CARTESIAN_POINT('',(237.21856217223,0.411437827766,14.));
#2010 = ( BOUNDED_SURFACE() B_SPLINE_SURFACE(2,6,(
    (#2011,#2012,#2013,#2014,#2015,#2016,#2017)
    ,(#2018,#2019,#2020,#2021,#2022,#2023,#2024)
    ,(#2025,#2026,#2027,#2028,#2029,#2030,#2031
)),.UNSPECIFIED.,.F.,.F.,.F.) B_SPLINE_SURFACE_WITH_KNOTS((3,3),(7,7),(
    0.,1.460084865224),(625.97663828306,627.43672314828),
.PIECEWISE_BEZIER_KNOTS.) GEOMETRIC_REPRESENTATION_ITEM() 
RATIONAL_B_SPLINE_SURFACE((
    (1.,1.,1.,1.,1.,1.,1.)
    ,(0.707106781187,0.689099634712,0.676083509953,0.67101135423
      ,0.676083509953,0.689099634712,0.707106781187)
,(1.,1.,1.,1.,1.,1.,1.))) REPRESENTATION_ITEM('') SURFACE() );
#2011 = CARTESIAN_POINT('',(238.54143782776,-0.911437827766,14.));
#2012 = CARTESIAN_POINT('',(238.47029273026,-0.593848045448,14.));
#2013 = CARTESIAN_POINT('',(238.32841348594,-0.287718249969,
    13.99338131236));
#2014 = CARTESIAN_POINT('',(238.11503416182,-1.496583817382E-02,
    13.98896168542));
#2015 = CARTESIAN_POINT('',(237.84228175003,0.198413485942,
    13.99338131236));
#2016 = CARTESIAN_POINT('',(237.53615195455,0.34029273026,14.));
#2017 = CARTESIAN_POINT('',(237.21856217223,0.411437827766,14.));
#2018 = CARTESIAN_POINT('',(238.06357837082,-1.058578370825,14.));
#2019 = CARTESIAN_POINT('',(237.99009449277,-0.819929217228,
    14.026131412016));
#2020 = CARTESIAN_POINT('',(237.8708957081,-0.601391249541,
    14.039759651603));
#2021 = CARTESIAN_POINT('',(237.71490181368,-0.415098186317,
    14.044402106263));
#2022 = CARTESIAN_POINT('',(237.52860875045,-0.259104291895,
    14.039759651603));
#2023 = CARTESIAN_POINT('',(237.31007078277,-0.139905507229,
    14.026131412016));
#2024 = CARTESIAN_POINT('',(237.07142162917,-6.642162917537E-02,14.));
#2025 = CARTESIAN_POINT('',(238.06357837082,-1.058578370825,13.5));
#2026 = CARTESIAN_POINT('',(237.99196582959,-0.826006644823,13.5));
#2027 = CARTESIAN_POINT('',(237.87507769655,-0.607377252425,
    13.494930823913));
#2028 = CARTESIAN_POINT('',(237.7162994556,-0.413700544395,
    13.49187878075));
#2029 = CARTESIAN_POINT('',(237.52262274757,-0.254922303442,
    13.494930823913));
#2030 = CARTESIAN_POINT('',(237.30399335517,-0.138034170409,13.5));
#2031 = CARTESIAN_POINT('',(237.07142162917,-6.642162917538E-02,13.5));
#2032 = ADVANCED_FACE('',(#2033),#2039,.T.);
#2033 = FACE_BOUND('',#2034,.T.);
#2034 = EDGE_LOOP('',(#2035,#2036,#2037,#2038));
#2035 = ORIENTED_EDGE('',*,*,#1995,.F.);
#2036 = ORIENTED_EDGE('',*,*,#1687,.T.);
#2037 = ORIENTED_EDGE('',*,*,#1235,.T.);
#2038 = ORIENTED_EDGE('',*,*,#1199,.F.);
#2039 = TOROIDAL_SURFACE('',#2040,2.,0.5);
#2040 = AXIS2_PLACEMENT_3D('',#2041,#2042,#2043);
#2041 = CARTESIAN_POINT('',(236.63,-1.5,13.5));
#2042 = DIRECTION('',(0.,0.,1.));
#2043 = DIRECTION('',(1.,1.5E-16,0.));
#2044 = ADVANCED_FACE('',(#2045,#2115),#2125,.T.);
#2045 = FACE_BOUND('',#2046,.T.);
#2046 = EDGE_LOOP('',(#2047,#2058,#2066,#2075,#2083,#2092,#2100,#2109));
#2047 = ORIENTED_EDGE('',*,*,#2048,.T.);
#2048 = EDGE_CURVE('',#2049,#2051,#2053,.T.);
#2049 = VERTEX_POINT('',#2050);
#2050 = CARTESIAN_POINT('',(36.708569,1.5,1.562752));
#2051 = VERTEX_POINT('',#2052);
#2052 = CARTESIAN_POINT('',(34.771839,1.5,3.499482));
#2053 = CIRCLE('',#2054,1.93673);
#2054 = AXIS2_PLACEMENT_3D('',#2055,#2056,#2057);
#2055 = CARTESIAN_POINT('',(36.708569,1.5,3.499482));
#2056 = DIRECTION('',(0.,1.,-0.));
#2057 = DIRECTION('',(-1.,0.,0.));
#2058 = ORIENTED_EDGE('',*,*,#2059,.T.);
#2059 = EDGE_CURVE('',#2051,#2060,#2062,.T.);
#2060 = VERTEX_POINT('',#2061);
#2061 = CARTESIAN_POINT('',(34.771839,1.5,6.999482));
#2062 = LINE('',#2063,#2064);
#2063 = CARTESIAN_POINT('',(34.771839,1.5,3.499482));
#2064 = VECTOR('',#2065,1.);
#2065 = DIRECTION('',(2.233E-14,0.,1.));
#2066 = ORIENTED_EDGE('',*,*,#2067,.T.);
#2067 = EDGE_CURVE('',#2060,#2068,#2070,.T.);
#2068 = VERTEX_POINT('',#2069);
#2069 = CARTESIAN_POINT('',(36.708569203866,1.5,8.936212));
#2070 = CIRCLE('',#2071,1.93673);
#2071 = AXIS2_PLACEMENT_3D('',#2072,#2073,#2074);
#2072 = CARTESIAN_POINT('',(36.708569,1.5,6.999482));
#2073 = DIRECTION('',(0.,1.,-0.));
#2074 = DIRECTION('',(-1.,0.,0.));
#2075 = ORIENTED_EDGE('',*,*,#2076,.T.);
#2076 = EDGE_CURVE('',#2068,#2077,#2079,.T.);
#2077 = VERTEX_POINT('',#2078);
#2078 = CARTESIAN_POINT('',(46.208569203866,1.5,8.936211));
#2079 = LINE('',#2080,#2081);
#2080 = CARTESIAN_POINT('',(36.708569203866,1.5,8.936212));
#2081 = VECTOR('',#2082,1.);
#2082 = DIRECTION('',(1.,0.,-1.0526312809E-07));
#2083 = ORIENTED_EDGE('',*,*,#2084,.T.);
#2084 = EDGE_CURVE('',#2077,#2085,#2087,.T.);
#2085 = VERTEX_POINT('',#2086);
#2086 = CARTESIAN_POINT('',(48.145298356231,1.5,6.999482));
#2087 = CIRCLE('',#2088,1.93672935623);
#2088 = AXIS2_PLACEMENT_3D('',#2089,#2090,#2091);
#2089 = CARTESIAN_POINT('',(46.208569,1.5,6.999481643769));
#2090 = DIRECTION('',(0.,1.,-0.));
#2091 = DIRECTION('',(-1.,0.,0.));
#2092 = ORIENTED_EDGE('',*,*,#2093,.T.);
#2093 = EDGE_CURVE('',#2085,#2094,#2096,.T.);
#2094 = VERTEX_POINT('',#2095);
#2095 = CARTESIAN_POINT('',(48.145299,1.5,3.499482356231));
#2096 = LINE('',#2097,#2098);
#2097 = CARTESIAN_POINT('',(48.145298356231,1.5,6.999482));
#2098 = VECTOR('',#2099,1.);
#2099 = DIRECTION('',(1.8393407731E-07,0.,-1.));
#2100 = ORIENTED_EDGE('',*,*,#2101,.T.);
#2101 = EDGE_CURVE('',#2094,#2102,#2104,.T.);
#2102 = VERTEX_POINT('',#2103);
#2103 = CARTESIAN_POINT('',(46.208569,1.5,1.562752));
#2104 = CIRCLE('',#2105,1.93673);
#2105 = AXIS2_PLACEMENT_3D('',#2106,#2107,#2108);
#2106 = CARTESIAN_POINT('',(46.208569,1.5,3.499482));
#2107 = DIRECTION('',(0.,1.,-0.));
#2108 = DIRECTION('',(-1.,0.,0.));
#2109 = ORIENTED_EDGE('',*,*,#2110,.T.);
#2110 = EDGE_CURVE('',#2102,#2049,#2111,.T.);
#2111 = LINE('',#2112,#2113);
#2112 = CARTESIAN_POINT('',(46.208569,1.5,1.562752));
#2113 = VECTOR('',#2114,1.);
#2114 = DIRECTION('',(-1.,0.,-1.928E-14));
#2115 = FACE_BOUND('',#2116,.T.);
#2116 = EDGE_LOOP('',(#2117,#2118,#2119,#2120,#2121,#2122,#2123,#2124));
#2117 = ORIENTED_EDGE('',*,*,#1438,.F.);
#2118 = ORIENTED_EDGE('',*,*,#1260,.T.);
#2119 = ORIENTED_EDGE('',*,*,#1291,.F.);
#2120 = ORIENTED_EDGE('',*,*,#1316,.T.);
#2121 = ORIENTED_EDGE('',*,*,#1340,.F.);
#2122 = ORIENTED_EDGE('',*,*,#1365,.T.);
#2123 = ORIENTED_EDGE('',*,*,#1389,.F.);
#2124 = ORIENTED_EDGE('',*,*,#1414,.T.);
#2125 = PLANE('',#2126);
#2126 = AXIS2_PLACEMENT_3D('',#2127,#2128,#2129);
#2127 = CARTESIAN_POINT('',(41.458568722172,1.5,5.24948172388));
#2128 = DIRECTION('',(0.,1.,0.));
#2129 = DIRECTION('',(0.,0.,1.));
#2130 = ADVANCED_FACE('',(#2131),#2149,.T.);
#2131 = FACE_BOUND('',#2132,.T.);
#2132 = EDGE_LOOP('',(#2133,#2134,#2142,#2148));
#2133 = ORIENTED_EDGE('',*,*,#1490,.F.);
#2134 = ORIENTED_EDGE('',*,*,#2135,.T.);
#2135 = EDGE_CURVE('',#1491,#2136,#2138,.T.);
#2136 = VERTEX_POINT('',#2137);
#2137 = CARTESIAN_POINT('',(237.13,-67.1,7.8));
#2138 = LINE('',#2139,#2140);
#2139 = CARTESIAN_POINT('',(237.13,-67.1,10.7));
#2140 = VECTOR('',#2141,1.);
#2141 = DIRECTION('',(0.,0.,-1.));
#2142 = ORIENTED_EDGE('',*,*,#2143,.T.);
#2143 = EDGE_CURVE('',#2136,#1829,#2144,.T.);
#2144 = LINE('',#2145,#2146);
#2145 = CARTESIAN_POINT('',(241.13,-67.1,7.8));
#2146 = VECTOR('',#2147,1.);
#2147 = DIRECTION('',(-1.,-0.,-0.));
#2148 = ORIENTED_EDGE('',*,*,#1836,.T.);
#2149 = PLANE('',#2150);
#2150 = AXIS2_PLACEMENT_3D('',#2151,#2152,#2153);
#2151 = CARTESIAN_POINT('',(241.13,-67.1,7.8));
#2152 = DIRECTION('',(0.,1.,0.));
#2153 = DIRECTION('',(0.,0.,1.));
#2154 = ADVANCED_FACE('',(#2155),#2167,.F.);
#2155 = FACE_BOUND('',#2156,.F.);
#2156 = EDGE_LOOP('',(#2157,#2158,#2159,#2166));
#2157 = ORIENTED_EDGE('',*,*,#1534,.T.);
#2158 = ORIENTED_EDGE('',*,*,#2135,.T.);
#2159 = ORIENTED_EDGE('',*,*,#2160,.F.);
#2160 = EDGE_CURVE('',#1900,#2136,#2161,.T.);
#2161 = CIRCLE('',#2162,1.);
#2162 = AXIS2_PLACEMENT_3D('',#2163,#2164,#2165);
#2163 = CARTESIAN_POINT('',(237.13,-66.1,7.8));
#2164 = DIRECTION('',(0.,0.,-1.));
#2165 = DIRECTION('',(0.,1.,0.));
#2166 = ORIENTED_EDGE('',*,*,#1907,.F.);
#2167 = CYLINDRICAL_SURFACE('',#2168,1.);
#2168 = AXIS2_PLACEMENT_3D('',#2169,#2170,#2171);
#2169 = CARTESIAN_POINT('',(237.13,-66.1,10.7));
#2170 = DIRECTION('',(0.,0.,-1.));
#2171 = DIRECTION('',(1.,0.,0.));
#2172 = ADVANCED_FACE('',(#2173),#2192,.F.);
#2173 = FACE_BOUND('',#2174,.T.);
#2174 = EDGE_LOOP('',(#2175,#2183,#2184,#2185));
#2175 = ORIENTED_EDGE('',*,*,#2176,.F.);
#2176 = EDGE_CURVE('',#1544,#2177,#2179,.T.);
#2177 = VERTEX_POINT('',#2178);
#2178 = CARTESIAN_POINT('',(237.575845,-72.1,8.5));
#2179 = LINE('',#2180,#2181);
#2180 = CARTESIAN_POINT('',(237.575845,-72.1,10.7));
#2181 = VECTOR('',#2182,1.);
#2182 = DIRECTION('',(-1.E-16,0.,-1.));
#2183 = ORIENTED_EDGE('',*,*,#1543,.T.);
#2184 = ORIENTED_EDGE('',*,*,#2176,.T.);
#2185 = ORIENTED_EDGE('',*,*,#2186,.F.);
#2186 = EDGE_CURVE('',#2177,#2177,#2187,.T.);
#2187 = CIRCLE('',#2188,1.6);
#2188 = AXIS2_PLACEMENT_3D('',#2189,#2190,#2191);
#2189 = CARTESIAN_POINT('',(235.975845,-72.1,8.5));
#2190 = DIRECTION('',(0.,0.,1.));
#2191 = DIRECTION('',(1.,0.,0.));
#2192 = CYLINDRICAL_SURFACE('',#2193,1.6);
#2193 = AXIS2_PLACEMENT_3D('',#2194,#2195,#2196);
#2194 = CARTESIAN_POINT('',(235.975845,-72.1,10.7));
#2195 = DIRECTION('',(-0.,-0.,-1.));
#2196 = DIRECTION('',(1.,0.,0.));
#2197 = ADVANCED_FACE('',(#2198),#2210,.T.);
#2198 = FACE_BOUND('',#2199,.T.);
#2199 = EDGE_LOOP('',(#2200,#2201,#2202,#2209));
#2200 = ORIENTED_EDGE('',*,*,#1608,.F.);
#2201 = ORIENTED_EDGE('',*,*,#1781,.T.);
#2202 = ORIENTED_EDGE('',*,*,#2203,.T.);
#2203 = EDGE_CURVE('',#1773,#1580,#2204,.T.);
#2204 = CIRCLE('',#2205,0.5);
#2205 = AXIS2_PLACEMENT_3D('',#2206,#2207,#2208);
#2206 = CARTESIAN_POINT('',(237.21856217223,-77.51143782776,13.5));
#2207 = DIRECTION('',(-0.955718913883,-0.294281086117,0.));
#2208 = DIRECTION('',(0.294281086117,-0.955718913883,0.));
#2209 = ORIENTED_EDGE('',*,*,#1591,.F.);
#2210 = TOROIDAL_SURFACE('',#2211,2.,0.5);
#2211 = AXIS2_PLACEMENT_3D('',#2212,#2213,#2214);
#2212 = CARTESIAN_POINT('',(236.63,-75.6,13.5));
#2213 = DIRECTION('',(0.,0.,1.));
#2214 = DIRECTION('',(0.,-1.,0.));
#2215 = ADVANCED_FACE('',(#2216),#2238,.F.);
#2216 = FACE_BOUND('',#2217,.F.);
#2217 = EDGE_LOOP('',(#2218,#2219,#2220,#2228));
#2218 = ORIENTED_EDGE('',*,*,#2203,.T.);
#2219 = ORIENTED_EDGE('',*,*,#1579,.T.);
#2220 = ORIENTED_EDGE('',*,*,#2221,.F.);
#2221 = EDGE_CURVE('',#2222,#1571,#2224,.T.);
#2222 = VERTEX_POINT('',#2223);
#2223 = CARTESIAN_POINT('',(238.54143782776,-76.18856217223,14.));
#2224 = ( BOUNDED_CURVE() B_SPLINE_CURVE(2,(#2225,#2226,#2227),
.UNSPECIFIED.,.F.,.F.) B_SPLINE_CURVE_WITH_KNOTS((3,3),(0.,
1.460084865224),.PIECEWISE_BEZIER_KNOTS.) CURVE() 
GEOMETRIC_REPRESENTATION_ITEM() RATIONAL_B_SPLINE_CURVE((1.,
0.707106781187,1.)) REPRESENTATION_ITEM('') );
#2225 = CARTESIAN_POINT('',(238.54143782776,-76.18856217223,14.));
#2226 = CARTESIAN_POINT('',(238.06357837082,-76.04142162917,14.));
#2227 = CARTESIAN_POINT('',(238.06357837082,-76.04142162917,13.5));
#2228 = ORIENTED_EDGE('',*,*,#2229,.F.);
#2229 = EDGE_CURVE('',#1773,#2222,#2230,.T.);
#2230 = ( BOUNDED_CURVE() B_SPLINE_CURVE(6,(#2231,#2232,#2233,#2234,
#2235,#2236,#2237),.UNSPECIFIED.,.F.,.F.) B_SPLINE_CURVE_WITH_KNOTS((7,7
),(549.52044379286,550.98052865809),.PIECEWISE_BEZIER_KNOTS.) CURVE() 
GEOMETRIC_REPRESENTATION_ITEM() RATIONAL_B_SPLINE_CURVE((1.,1.,1.,1.,1.,
1.,1.)) REPRESENTATION_ITEM('') );
#2231 = CARTESIAN_POINT('',(237.21856217223,-77.51143782776,14.));
#2232 = CARTESIAN_POINT('',(237.53615195455,-77.44029273026,14.));
#2233 = CARTESIAN_POINT('',(237.84228175003,-77.29841348594,
    13.99338131236));
#2234 = CARTESIAN_POINT('',(238.11503416182,-77.08503416182,
    13.98896168542));
#2235 = CARTESIAN_POINT('',(238.32841348594,-76.81228175003,
    13.99338131236));
#2236 = CARTESIAN_POINT('',(238.47029273026,-76.50615195455,14.));
#2237 = CARTESIAN_POINT('',(238.54143782776,-76.18856217223,14.));
#2238 = ( BOUNDED_SURFACE() B_SPLINE_SURFACE(2,6,(
    (#2239,#2240,#2241,#2242,#2243,#2244,#2245)
    ,(#2246,#2247,#2248,#2249,#2250,#2251,#2252)
    ,(#2253,#2254,#2255,#2256,#2257,#2258,#2259
)),.UNSPECIFIED.,.F.,.F.,.F.) B_SPLINE_SURFACE_WITH_KNOTS((3,3),(7,7),(
    0.,1.460084865224),(549.52044379286,550.98052865809),
.PIECEWISE_BEZIER_KNOTS.) GEOMETRIC_REPRESENTATION_ITEM() 
RATIONAL_B_SPLINE_SURFACE((
    (1.,1.,1.,1.,1.,1.,1.)
    ,(0.707106781187,0.689099634712,0.676083509953,0.67101135423
      ,0.676083509953,0.689099634712,0.707106781187)
,(1.,1.,1.,1.,1.,1.,1.))) REPRESENTATION_ITEM('') SURFACE() );
#2239 = CARTESIAN_POINT('',(237.21856217223,-77.51143782776,14.));
#2240 = CARTESIAN_POINT('',(237.53615195455,-77.44029273026,14.));
#2241 = CARTESIAN_POINT('',(237.84228175003,-77.29841348594,
    13.99338131236));
#2242 = CARTESIAN_POINT('',(238.11503416182,-77.08503416182,
    13.98896168542));
#2243 = CARTESIAN_POINT('',(238.32841348594,-76.81228175003,
    13.99338131236));
#2244 = CARTESIAN_POINT('',(238.47029273026,-76.50615195455,14.));
#2245 = CARTESIAN_POINT('',(238.54143782776,-76.18856217223,14.));
#2246 = CARTESIAN_POINT('',(237.07142162917,-77.03357837082,14.));
#2247 = CARTESIAN_POINT('',(237.31007078277,-76.96009449277,
    14.026131412016));
#2248 = CARTESIAN_POINT('',(237.52860875045,-76.8408957081,
    14.039759651603));
#2249 = CARTESIAN_POINT('',(237.71490181368,-76.68490181368,
    14.044402106263));
#2250 = CARTESIAN_POINT('',(237.8708957081,-76.49860875045,
    14.039759651603));
#2251 = CARTESIAN_POINT('',(237.99009449277,-76.28007078277,
    14.026131412016));
#2252 = CARTESIAN_POINT('',(238.06357837082,-76.04142162917,14.));
#2253 = CARTESIAN_POINT('',(237.07142162917,-77.03357837082,13.5));
#2254 = CARTESIAN_POINT('',(237.30399335517,-76.96196582959,13.5));
#2255 = CARTESIAN_POINT('',(237.52262274757,-76.84507769655,
    13.494930823913));
#2256 = CARTESIAN_POINT('',(237.7162994556,-76.6862994556,13.49187878075
    ));
#2257 = CARTESIAN_POINT('',(237.87507769655,-76.49262274757,
    13.494930823913));
#2258 = CARTESIAN_POINT('',(237.99196582959,-76.27399335517,13.5));
#2259 = CARTESIAN_POINT('',(238.06357837082,-76.04142162917,13.5));
#2260 = ADVANCED_FACE('',(#2261),#2281,.T.);
#2261 = FACE_BOUND('',#2262,.T.);
#2262 = EDGE_LOOP('',(#2263,#2264,#2273,#2280));
#2263 = ORIENTED_EDGE('',*,*,#2221,.F.);
#2264 = ORIENTED_EDGE('',*,*,#2265,.T.);
#2265 = EDGE_CURVE('',#2222,#2266,#2268,.T.);
#2266 = VERTEX_POINT('',#2267);
#2267 = CARTESIAN_POINT('',(238.63,-75.6,14.));
#2268 = CIRCLE('',#2269,2.);
#2269 = AXIS2_PLACEMENT_3D('',#2270,#2271,#2272);
#2270 = CARTESIAN_POINT('',(236.63,-75.6,14.));
#2271 = DIRECTION('',(-0.,0.,1.));
#2272 = DIRECTION('',(0.,-1.,0.));
#2273 = ORIENTED_EDGE('',*,*,#2274,.T.);
#2274 = EDGE_CURVE('',#2266,#1563,#2275,.T.);
#2275 = CIRCLE('',#2276,0.5);
#2276 = AXIS2_PLACEMENT_3D('',#2277,#2278,#2279);
#2277 = CARTESIAN_POINT('',(238.63,-75.6,13.5));
#2278 = DIRECTION('',(-6.E-17,-1.,0.));
#2279 = DIRECTION('',(1.,-6.E-17,0.));
#2280 = ORIENTED_EDGE('',*,*,#1570,.F.);
#2281 = TOROIDAL_SURFACE('',#2282,2.,0.5);
#2282 = AXIS2_PLACEMENT_3D('',#2283,#2284,#2285);
#2283 = CARTESIAN_POINT('',(236.63,-75.6,13.5));
#2284 = DIRECTION('',(0.,0.,1.));
#2285 = DIRECTION('',(0.,-1.,0.));
#2286 = ADVANCED_FACE('',(#2287),#2306,.T.);
#2287 = FACE_BOUND('',#2288,.T.);
#2288 = EDGE_LOOP('',(#2289,#2298,#2304,#2305));
#2289 = ORIENTED_EDGE('',*,*,#2290,.T.);
#2290 = EDGE_CURVE('',#1697,#2291,#2293,.T.);
#2291 = VERTEX_POINT('',#2292);
#2292 = CARTESIAN_POINT('',(235.13,3.,12.));
#2293 = CIRCLE('',#2294,2.);
#2294 = AXIS2_PLACEMENT_3D('',#2295,#2296,#2297);
#2295 = CARTESIAN_POINT('',(235.13,1.,12.));
#2296 = DIRECTION('',(-1.,-2.3E-16,-0.));
#2297 = DIRECTION('',(-2.3E-16,1.,0.));
#2298 = ORIENTED_EDGE('',*,*,#2299,.T.);
#2299 = EDGE_CURVE('',#2291,#1661,#2300,.T.);
#2300 = LINE('',#2301,#2302);
#2301 = CARTESIAN_POINT('',(235.13,3.,12.));
#2302 = VECTOR('',#2303,1.);
#2303 = DIRECTION('',(-1.,0.,0.));
#2304 = ORIENTED_EDGE('',*,*,#1669,.F.);
#2305 = ORIENTED_EDGE('',*,*,#1705,.F.);
#2306 = CYLINDRICAL_SURFACE('',#2307,2.);
#2307 = AXIS2_PLACEMENT_3D('',#2308,#2309,#2310);
#2308 = CARTESIAN_POINT('',(235.13,1.,12.));
#2309 = DIRECTION('',(-1.,0.,0.));
#2310 = DIRECTION('',(0.,0.,1.));
#2311 = ADVANCED_FACE('',(#2312),#2338,.T.);
#2312 = FACE_BOUND('',#2313,.T.);
#2313 = EDGE_LOOP('',(#2314,#2322,#2331,#2337));
#2314 = ORIENTED_EDGE('',*,*,#2315,.F.);
#2315 = EDGE_CURVE('',#2316,#1661,#2318,.T.);
#2316 = VERTEX_POINT('',#2317);
#2317 = CARTESIAN_POINT('',(3.,3.,2.7));
#2318 = LINE('',#2319,#2320);
#2319 = CARTESIAN_POINT('',(3.,3.,0.));
#2320 = VECTOR('',#2321,1.);
#2321 = DIRECTION('',(0.,0.,1.));
#2322 = ORIENTED_EDGE('',*,*,#2323,.T.);
#2323 = EDGE_CURVE('',#2316,#2324,#2326,.T.);
#2324 = VERTEX_POINT('',#2325);
#2325 = CARTESIAN_POINT('',(-3.,-3.,2.7));
#2326 = CIRCLE('',#2327,6.);
#2327 = AXIS2_PLACEMENT_3D('',#2328,#2329,#2330);
#2328 = CARTESIAN_POINT('',(3.,-3.,2.7));
#2329 = DIRECTION('',(0.,0.,1.));
#2330 = DIRECTION('',(-1.5E-16,1.,0.));
#2331 = ORIENTED_EDGE('',*,*,#2332,.T.);
#2332 = EDGE_CURVE('',#2324,#1652,#2333,.T.);
#2333 = LINE('',#2334,#2335);
#2334 = CARTESIAN_POINT('',(-3.,-3.,0.));
#2335 = VECTOR('',#2336,1.);
#2336 = DIRECTION('',(0.,0.,1.));
#2337 = ORIENTED_EDGE('',*,*,#1660,.F.);
#2338 = CYLINDRICAL_SURFACE('',#2339,6.);
#2339 = AXIS2_PLACEMENT_3D('',#2340,#2341,#2342);
#2340 = CARTESIAN_POINT('',(3.,-3.,0.));
#2341 = DIRECTION('',(0.,0.,1.));
#2342 = DIRECTION('',(0.,1.,0.));
#2343 = ADVANCED_FACE('',(#2344),#2374,.T.);
#2344 = FACE_BOUND('',#2345,.F.);
#2345 = EDGE_LOOP('',(#2346,#2355,#2356,#2357,#2358,#2367));
#2346 = ORIENTED_EDGE('',*,*,#2347,.T.);
#2347 = EDGE_CURVE('',#2348,#1969,#2350,.T.);
#2348 = VERTEX_POINT('',#2349);
#2349 = CARTESIAN_POINT('',(239.13,-3.,14.));
#2350 = CIRCLE('',#2351,4.);
#2351 = AXIS2_PLACEMENT_3D('',#2352,#2353,#2354);
#2352 = CARTESIAN_POINT('',(235.13,-3.,14.));
#2353 = DIRECTION('',(0.,-0.,1.));
#2354 = DIRECTION('',(1.,3.E-16,0.));
#2355 = ORIENTED_EDGE('',*,*,#2001,.T.);
#2356 = ORIENTED_EDGE('',*,*,#1696,.T.);
#2357 = ORIENTED_EDGE('',*,*,#2290,.T.);
#2358 = ORIENTED_EDGE('',*,*,#2359,.F.);
#2359 = EDGE_CURVE('',#2360,#2291,#2362,.T.);
#2360 = VERTEX_POINT('',#2361);
#2361 = CARTESIAN_POINT('',(241.13,-3.,12.));
#2362 = CIRCLE('',#2363,6.);
#2363 = AXIS2_PLACEMENT_3D('',#2364,#2365,#2366);
#2364 = CARTESIAN_POINT('',(235.13,-3.,12.));
#2365 = DIRECTION('',(0.,-0.,1.));
#2366 = DIRECTION('',(1.,3.E-16,0.));
#2367 = ORIENTED_EDGE('',*,*,#2368,.F.);
#2368 = EDGE_CURVE('',#2348,#2360,#2369,.T.);
#2369 = CIRCLE('',#2370,2.);
#2370 = AXIS2_PLACEMENT_3D('',#2371,#2372,#2373);
#2371 = CARTESIAN_POINT('',(239.13,-3.,12.));
#2372 = DIRECTION('',(0.,1.,0.));
#2373 = DIRECTION('',(0.,0.,1.));
#2374 = TOROIDAL_SURFACE('',#2375,4.,2.);
#2375 = AXIS2_PLACEMENT_3D('',#2376,#2377,#2378);
#2376 = CARTESIAN_POINT('',(235.13,-3.,12.));
#2377 = DIRECTION('',(-0.,-0.,-1.));
#2378 = DIRECTION('',(1.,3.E-16,0.));
#2379 = ADVANCED_FACE('',(#2380),#2406,.T.);
#2380 = FACE_BOUND('',#2381,.T.);
#2381 = EDGE_LOOP('',(#2382,#2390,#2399,#2405));
#2382 = ORIENTED_EDGE('',*,*,#2383,.F.);
#2383 = EDGE_CURVE('',#2384,#1740,#2386,.T.);
#2384 = VERTEX_POINT('',#2385);
#2385 = CARTESIAN_POINT('',(-3.,-74.1,2.7));
#2386 = LINE('',#2387,#2388);
#2387 = CARTESIAN_POINT('',(-3.,-74.1,0.));
#2388 = VECTOR('',#2389,1.);
#2389 = DIRECTION('',(0.,0.,1.));
#2390 = ORIENTED_EDGE('',*,*,#2391,.T.);
#2391 = EDGE_CURVE('',#2384,#2392,#2394,.T.);
#2392 = VERTEX_POINT('',#2393);
#2393 = CARTESIAN_POINT('',(3.,-80.1,2.7));
#2394 = CIRCLE('',#2395,6.);
#2395 = AXIS2_PLACEMENT_3D('',#2396,#2397,#2398);
#2396 = CARTESIAN_POINT('',(3.,-74.1,2.7));
#2397 = DIRECTION('',(0.,0.,1.));
#2398 = DIRECTION('',(-1.,0.,0.));
#2399 = ORIENTED_EDGE('',*,*,#2400,.T.);
#2400 = EDGE_CURVE('',#2392,#1731,#2401,.T.);
#2401 = LINE('',#2402,#2403);
#2402 = CARTESIAN_POINT('',(3.,-80.1,0.));
#2403 = VECTOR('',#2404,1.);
#2404 = DIRECTION('',(0.,0.,1.));
#2405 = ORIENTED_EDGE('',*,*,#1739,.F.);
#2406 = CYLINDRICAL_SURFACE('',#2407,6.);
#2407 = AXIS2_PLACEMENT_3D('',#2408,#2409,#2410);
#2408 = CARTESIAN_POINT('',(3.,-74.1,0.));
#2409 = DIRECTION('',(0.,0.,1.));
#2410 = DIRECTION('',(-1.,0.,0.));
#2411 = ADVANCED_FACE('',(#2412),#2431,.T.);
#2412 = FACE_BOUND('',#2413,.T.);
#2413 = EDGE_LOOP('',(#2414,#2415,#2423,#2430));
#2414 = ORIENTED_EDGE('',*,*,#1730,.T.);
#2415 = ORIENTED_EDGE('',*,*,#2416,.T.);
#2416 = EDGE_CURVE('',#1731,#2417,#2419,.T.);
#2417 = VERTEX_POINT('',#2418);
#2418 = CARTESIAN_POINT('',(235.13,-80.1,12.));
#2419 = LINE('',#2420,#2421);
#2420 = CARTESIAN_POINT('',(3.,-80.1,12.));
#2421 = VECTOR('',#2422,1.);
#2422 = DIRECTION('',(1.,0.,0.));
#2423 = ORIENTED_EDGE('',*,*,#2424,.F.);
#2424 = EDGE_CURVE('',#1765,#2417,#2425,.T.);
#2425 = CIRCLE('',#2426,2.);
#2426 = AXIS2_PLACEMENT_3D('',#2427,#2428,#2429);
#2427 = CARTESIAN_POINT('',(235.13,-78.1,12.));
#2428 = DIRECTION('',(1.,0.,-0.));
#2429 = DIRECTION('',(0.,0.,1.));
#2430 = ORIENTED_EDGE('',*,*,#1764,.F.);
#2431 = CYLINDRICAL_SURFACE('',#2432,2.);
#2432 = AXIS2_PLACEMENT_3D('',#2433,#2434,#2435);
#2433 = CARTESIAN_POINT('',(3.,-78.1,12.));
#2434 = DIRECTION('',(1.,0.,0.));
#2435 = DIRECTION('',(0.,0.,1.));
#2436 = ADVANCED_FACE('',(#2437),#2467,.T.);
#2437 = FACE_BOUND('',#2438,.F.);
#2438 = EDGE_LOOP('',(#2439,#2440,#2441,#2450,#2459,#2466));
#2439 = ORIENTED_EDGE('',*,*,#1772,.T.);
#2440 = ORIENTED_EDGE('',*,*,#2229,.T.);
#2441 = ORIENTED_EDGE('',*,*,#2442,.T.);
#2442 = EDGE_CURVE('',#2222,#2443,#2445,.T.);
#2443 = VERTEX_POINT('',#2444);
#2444 = CARTESIAN_POINT('',(239.13,-74.1,14.));
#2445 = CIRCLE('',#2446,4.);
#2446 = AXIS2_PLACEMENT_3D('',#2447,#2448,#2449);
#2447 = CARTESIAN_POINT('',(235.13,-74.1,14.));
#2448 = DIRECTION('',(-0.,0.,1.));
#2449 = DIRECTION('',(0.,-1.,0.));
#2450 = ORIENTED_EDGE('',*,*,#2451,.T.);
#2451 = EDGE_CURVE('',#2443,#2452,#2454,.T.);
#2452 = VERTEX_POINT('',#2453);
#2453 = CARTESIAN_POINT('',(241.13,-74.1,12.));
#2454 = CIRCLE('',#2455,2.);
#2455 = AXIS2_PLACEMENT_3D('',#2456,#2457,#2458);
#2456 = CARTESIAN_POINT('',(239.13,-74.1,12.));
#2457 = DIRECTION('',(6.E-17,1.,0.));
#2458 = DIRECTION('',(1.,-6.E-17,0.));
#2459 = ORIENTED_EDGE('',*,*,#2460,.F.);
#2460 = EDGE_CURVE('',#2417,#2452,#2461,.T.);
#2461 = CIRCLE('',#2462,6.);
#2462 = AXIS2_PLACEMENT_3D('',#2463,#2464,#2465);
#2463 = CARTESIAN_POINT('',(235.13,-74.1,12.));
#2464 = DIRECTION('',(-0.,0.,1.));
#2465 = DIRECTION('',(0.,-1.,0.));
#2466 = ORIENTED_EDGE('',*,*,#2424,.F.);
#2467 = TOROIDAL_SURFACE('',#2468,4.,2.);
#2468 = AXIS2_PLACEMENT_3D('',#2469,#2470,#2471);
#2469 = CARTESIAN_POINT('',(235.13,-74.1,12.));
#2470 = DIRECTION('',(-0.,-0.,-1.));
#2471 = DIRECTION('',(0.,-1.,0.));
#2472 = ADVANCED_FACE('',(#2473),#2484,.T.);
#2473 = FACE_BOUND('',#2474,.T.);
#2474 = EDGE_LOOP('',(#2475,#2476,#2482,#2483));
#2475 = ORIENTED_EDGE('',*,*,#2332,.F.);
#2476 = ORIENTED_EDGE('',*,*,#2477,.T.);
#2477 = EDGE_CURVE('',#2324,#2384,#2478,.T.);
#2478 = LINE('',#2479,#2480);
#2479 = CARTESIAN_POINT('',(-3.,-3.,2.7));
#2480 = VECTOR('',#2481,1.);
#2481 = DIRECTION('',(0.,-1.,0.));
#2482 = ORIENTED_EDGE('',*,*,#2383,.T.);
#2483 = ORIENTED_EDGE('',*,*,#1799,.F.);
#2484 = PLANE('',#2485);
#2485 = AXIS2_PLACEMENT_3D('',#2486,#2487,#2488);
#2486 = CARTESIAN_POINT('',(-3.,-38.55,7.));
#2487 = DIRECTION('',(-1.,-0.,-0.));
#2488 = DIRECTION('',(0.,0.,-1.));
#2489 = ADVANCED_FACE('',(#2490),#2498,.T.);
#2490 = FACE_BOUND('',#2491,.T.);
#2491 = EDGE_LOOP('',(#2492,#2493,#2494,#2495,#2496,#2497));
#2492 = ORIENTED_EDGE('',*,*,#1899,.T.);
#2493 = ORIENTED_EDGE('',*,*,#1874,.T.);
#2494 = ORIENTED_EDGE('',*,*,#1850,.T.);
#2495 = ORIENTED_EDGE('',*,*,#1828,.T.);
#2496 = ORIENTED_EDGE('',*,*,#2143,.F.);
#2497 = ORIENTED_EDGE('',*,*,#2160,.F.);
#2498 = PLANE('',#2499);
#2499 = AXIS2_PLACEMENT_3D('',#2500,#2501,#2502);
#2500 = CARTESIAN_POINT('',(241.13,-10.,7.8));
#2501 = DIRECTION('',(0.,0.,1.));
#2502 = DIRECTION('',(0.,-1.,0.));
#2503 = ADVANCED_FACE('',(#2504),#2515,.T.);
#2504 = FACE_BOUND('',#2505,.F.);
#2505 = EDGE_LOOP('',(#2506,#2507,#2508,#2509));
#2506 = ORIENTED_EDGE('',*,*,#2274,.T.);
#2507 = ORIENTED_EDGE('',*,*,#1916,.T.);
#2508 = ORIENTED_EDGE('',*,*,#1959,.F.);
#2509 = ORIENTED_EDGE('',*,*,#2510,.F.);
#2510 = EDGE_CURVE('',#2266,#1960,#2511,.T.);
#2511 = LINE('',#2512,#2513);
#2512 = CARTESIAN_POINT('',(238.63,-75.6,14.));
#2513 = VECTOR('',#2514,1.);
#2514 = DIRECTION('',(0.,1.,0.));
#2515 = CYLINDRICAL_SURFACE('',#2516,0.5);
#2516 = AXIS2_PLACEMENT_3D('',#2517,#2518,#2519);
#2517 = CARTESIAN_POINT('',(238.63,-75.6,13.5));
#2518 = DIRECTION('',(0.,1.,0.));
#2519 = DIRECTION('',(0.,0.,1.));
#2520 = ADVANCED_FACE('',(#2521),#2524,.T.);
#2521 = FACE_BOUND('',#2522,.T.);
#2522 = EDGE_LOOP('',(#2523));
#2523 = ORIENTED_EDGE('',*,*,#1944,.T.);
#2524 = PLANE('',#2525);
#2525 = AXIS2_PLACEMENT_3D('',#2526,#2527,#2528);
#2526 = CARTESIAN_POINT('',(235.976852,-5.,8.5));
#2527 = DIRECTION('',(0.,0.,1.));
#2528 = DIRECTION('',(1.,0.,0.));
#2529 = ADVANCED_FACE('',(#2530),#2543,.T.);
#2530 = FACE_BOUND('',#2531,.T.);
#2531 = EDGE_LOOP('',(#2532,#2533,#2539,#2540,#2541,#2542));
#2532 = ORIENTED_EDGE('',*,*,#2442,.T.);
#2533 = ORIENTED_EDGE('',*,*,#2534,.T.);
#2534 = EDGE_CURVE('',#2443,#2348,#2535,.T.);
#2535 = LINE('',#2536,#2537);
#2536 = CARTESIAN_POINT('',(239.13,-74.1,14.));
#2537 = VECTOR('',#2538,1.);
#2538 = DIRECTION('',(0.,1.,0.));
#2539 = ORIENTED_EDGE('',*,*,#2347,.T.);
#2540 = ORIENTED_EDGE('',*,*,#1968,.F.);
#2541 = ORIENTED_EDGE('',*,*,#2510,.F.);
#2542 = ORIENTED_EDGE('',*,*,#2265,.F.);
#2543 = PLANE('',#2544);
#2544 = AXIS2_PLACEMENT_3D('',#2545,#2546,#2547);
#2545 = CARTESIAN_POINT('',(119.065,-38.55,14.));
#2546 = DIRECTION('',(0.,0.,1.));
#2547 = DIRECTION('',(1.,0.,0.));
#2548 = ADVANCED_FACE('',(#2549),#2602,.F.);
#2549 = FACE_BOUND('',#2550,.F.);
#2550 = EDGE_LOOP('',(#2551,#2580,#2586,#2587,#2595));
#2551 = ORIENTED_EDGE('',*,*,#2552,.F.);
#2552 = EDGE_CURVE('',#2553,#2555,#2557,.T.);
#2553 = VERTEX_POINT('',#2554);
#2554 = CARTESIAN_POINT('',(36.708569,2.748809299741,1.562752));
#2555 = VERTEX_POINT('',#2556);
#2556 = CARTESIAN_POINT('',(34.944553233467,3.,2.7));
#2557 = B_SPLINE_CURVE_WITH_KNOTS('',6,(#2558,#2559,#2560,#2561,#2562,
    #2563,#2564,#2565,#2566,#2567,#2568,#2569,#2570,#2571,#2572,#2573,
    #2574,#2575,#2576,#2577,#2578,#2579),.UNSPECIFIED.,.F.,.F.,(7,5,5,5,
    7),(0.,0.373363421004,0.706700351856,0.824285914074,1.),
  .UNSPECIFIED.);
#2558 = CARTESIAN_POINT('',(36.708569,2.748809299741,1.562752));
#2559 = CARTESIAN_POINT('',(36.57867962437,2.748809299741,1.562752));
#2560 = CARTESIAN_POINT('',(36.448938992333,2.753663872246,
    1.573205342597));
#2561 = CARTESIAN_POINT('',(36.320060125191,2.763352811613,
    1.594067821153));
#2562 = CARTESIAN_POINT('',(36.192778320134,2.777465261758,
    1.625332984256));
#2563 = CARTESIAN_POINT('',(36.067907572393,2.795205744856,
    1.667011111498));
#2564 = CARTESIAN_POINT('',(35.837893457044,2.833604340471,
    1.765476510423));
#2565 = CARTESIAN_POINT('',(35.731986790516,2.8537596369,1.820200706527)
  );
#2566 = CARTESIAN_POINT('',(35.629078472403,2.875237905347,
    1.883290998004));
#2567 = CARTESIAN_POINT('',(35.529693880785,2.897164007742,
    1.954920203034));
#2568 = CARTESIAN_POINT('',(35.434525170991,2.918498988201,
    2.035301545813));
#2569 = CARTESIAN_POINT('',(35.312719749087,2.944857647539,
    2.156154047381));
#2570 = CARTESIAN_POINT('',(35.281591799528,2.951501571918,
    2.188785866496));
#2571 = CARTESIAN_POINT('',(35.251143814264,2.957859585906,
    2.222539807158));
#2572 = CARTESIAN_POINT('',(35.221423801084,2.963872020728,
    2.257418921587));
#2573 = CARTESIAN_POINT('',(35.192482657395,2.969475913475,
    2.293424705987));
#2574 = CARTESIAN_POINT('',(35.122370228257,2.982269672581,
    2.386045926244));
#2575 = CARTESIAN_POINT('',(35.082188832629,2.988880818816,
    2.444099227196));
#2576 = CARTESIAN_POINT('',(35.044084720794,2.994200833363,
    2.504633432978));
#2577 = CARTESIAN_POINT('',(35.008296548038,2.99798782756,2.5675452259)
  );
#2578 = CARTESIAN_POINT('',(34.975048721379,3.,2.632713279993));
#2579 = CARTESIAN_POINT('',(34.944553233467,3.,2.7));
#2580 = ORIENTED_EDGE('',*,*,#2581,.T.);
#2581 = EDGE_CURVE('',#2553,#2049,#2582,.T.);
#2582 = LINE('',#2583,#2584);
#2583 = CARTESIAN_POINT('',(36.708569,3.,1.562752));
#2584 = VECTOR('',#2585,1.);
#2585 = DIRECTION('',(0.,-1.,2.2E-16));
#2586 = ORIENTED_EDGE('',*,*,#2048,.T.);
#2587 = ORIENTED_EDGE('',*,*,#2588,.F.);
#2588 = EDGE_CURVE('',#2589,#2051,#2591,.T.);
#2589 = VERTEX_POINT('',#2590);
#2590 = CARTESIAN_POINT('',(34.771839,3.,3.499482));
#2591 = LINE('',#2592,#2593);
#2592 = CARTESIAN_POINT('',(34.771839,3.,3.499482));
#2593 = VECTOR('',#2594,1.);
#2594 = DIRECTION('',(0.,-1.,2.2E-16));
#2595 = ORIENTED_EDGE('',*,*,#2596,.F.);
#2596 = EDGE_CURVE('',#2555,#2589,#2597,.T.);
#2597 = CIRCLE('',#2598,1.93673);
#2598 = AXIS2_PLACEMENT_3D('',#2599,#2600,#2601);
#2599 = CARTESIAN_POINT('',(36.708569,3.,3.499482));
#2600 = DIRECTION('',(0.,1.,-0.));
#2601 = DIRECTION('',(-1.,0.,0.));
#2602 = CYLINDRICAL_SURFACE('',#2603,1.93673);
#2603 = AXIS2_PLACEMENT_3D('',#2604,#2605,#2606);
#2604 = CARTESIAN_POINT('',(36.708569,3.,3.499482));
#2605 = DIRECTION('',(0.,1.,-2.2E-16));
#2606 = DIRECTION('',(-1.,0.,0.));
#2607 = ADVANCED_FACE('',(#2608),#2626,.F.);
#2608 = FACE_BOUND('',#2609,.F.);
#2609 = EDGE_LOOP('',(#2610,#2618,#2624,#2625));
#2610 = ORIENTED_EDGE('',*,*,#2611,.F.);
#2611 = EDGE_CURVE('',#2612,#2553,#2614,.T.);
#2612 = VERTEX_POINT('',#2613);
#2613 = CARTESIAN_POINT('',(46.208569,2.748809299741,1.562752));
#2614 = LINE('',#2615,#2616);
#2615 = CARTESIAN_POINT('',(235.13,2.748809299742,1.562752000004));
#2616 = VECTOR('',#2617,1.);
#2617 = DIRECTION('',(-1.,0.,0.));
#2618 = ORIENTED_EDGE('',*,*,#2619,.T.);
#2619 = EDGE_CURVE('',#2612,#2102,#2620,.T.);
#2620 = LINE('',#2621,#2622);
#2621 = CARTESIAN_POINT('',(46.208569,3.,1.562752));
#2622 = VECTOR('',#2623,1.);
#2623 = DIRECTION('',(0.,-1.,2.2E-16));
#2624 = ORIENTED_EDGE('',*,*,#2110,.T.);
#2625 = ORIENTED_EDGE('',*,*,#2581,.F.);
#2626 = PLANE('',#2627);
#2627 = AXIS2_PLACEMENT_3D('',#2628,#2629,#2630);
#2628 = CARTESIAN_POINT('',(46.208569,3.,1.562752));
#2629 = DIRECTION('',(1.928E-14,-2.2E-16,-1.));
#2630 = DIRECTION('',(-1.,0.,-1.928E-14));
#2631 = ADVANCED_FACE('',(#2632),#2650,.F.);
#2632 = FACE_BOUND('',#2633,.F.);
#2633 = EDGE_LOOP('',(#2634,#2635,#2636,#2644));
#2634 = ORIENTED_EDGE('',*,*,#2588,.T.);
#2635 = ORIENTED_EDGE('',*,*,#2059,.T.);
#2636 = ORIENTED_EDGE('',*,*,#2637,.F.);
#2637 = EDGE_CURVE('',#2638,#2060,#2640,.T.);
#2638 = VERTEX_POINT('',#2639);
#2639 = CARTESIAN_POINT('',(34.771839,3.,6.999482));
#2640 = LINE('',#2641,#2642);
#2641 = CARTESIAN_POINT('',(34.771839,3.,6.999482));
#2642 = VECTOR('',#2643,1.);
#2643 = DIRECTION('',(0.,-1.,2.2E-16));
#2644 = ORIENTED_EDGE('',*,*,#2645,.F.);
#2645 = EDGE_CURVE('',#2589,#2638,#2646,.T.);
#2646 = LINE('',#2647,#2648);
#2647 = CARTESIAN_POINT('',(34.771839,3.,3.499482));
#2648 = VECTOR('',#2649,1.);
#2649 = DIRECTION('',(2.233E-14,0.,1.));
#2650 = PLANE('',#2651);
#2651 = AXIS2_PLACEMENT_3D('',#2652,#2653,#2654);
#2652 = CARTESIAN_POINT('',(34.771839,3.,3.499482));
#2653 = DIRECTION('',(-1.,0.,2.233E-14));
#2654 = DIRECTION('',(2.233E-14,2.2E-16,1.));
#2655 = ADVANCED_FACE('',(#2656),#2702,.F.);
#2656 = FACE_BOUND('',#2657,.F.);
#2657 = EDGE_LOOP('',(#2658,#2669,#2675,#2676,#2677));
#2658 = ORIENTED_EDGE('',*,*,#2659,.F.);
#2659 = EDGE_CURVE('',#2660,#2662,#2664,.T.);
#2660 = VERTEX_POINT('',#2661);
#2661 = CARTESIAN_POINT('',(48.145299,3.,3.499482356231));
#2662 = VERTEX_POINT('',#2663);
#2663 = CARTESIAN_POINT('',(47.972584766532,3.,2.7));
#2664 = CIRCLE('',#2665,1.93673);
#2665 = AXIS2_PLACEMENT_3D('',#2666,#2667,#2668);
#2666 = CARTESIAN_POINT('',(46.208569,3.,3.499482));
#2667 = DIRECTION('',(0.,1.,-0.));
#2668 = DIRECTION('',(-1.,0.,0.));
#2669 = ORIENTED_EDGE('',*,*,#2670,.T.);
#2670 = EDGE_CURVE('',#2660,#2094,#2671,.T.);
#2671 = LINE('',#2672,#2673);
#2672 = CARTESIAN_POINT('',(48.145299,3.,3.499482356231));
#2673 = VECTOR('',#2674,1.);
#2674 = DIRECTION('',(0.,-1.,2.2E-16));
#2675 = ORIENTED_EDGE('',*,*,#2101,.T.);
#2676 = ORIENTED_EDGE('',*,*,#2619,.F.);
#2677 = ORIENTED_EDGE('',*,*,#2678,.F.);
#2678 = EDGE_CURVE('',#2662,#2612,#2679,.T.);
#2679 = B_SPLINE_CURVE_WITH_KNOTS('',6,(#2680,#2681,#2682,#2683,#2684,
    #2685,#2686,#2687,#2688,#2689,#2690,#2691,#2692,#2693,#2694,#2695,
    #2696,#2697,#2698,#2699,#2700,#2701),.UNSPECIFIED.,.F.,.F.,(7,5,5,5,
    7),(0.,0.176863303012,0.294496259498,0.624344102788,1.),
  .UNSPECIFIED.);
#2680 = CARTESIAN_POINT('',(47.972584766532,3.,2.7));
#2681 = CARTESIAN_POINT('',(47.941889479347,3.,2.632272433208));
#2682 = CARTESIAN_POINT('',(47.908406065387,2.997961375809,
    2.566692258374));
#2683 = CARTESIAN_POINT('',(47.872350631044,2.994126268367,
    2.503399213467));
#2684 = CARTESIAN_POINT('',(47.833951839689,2.988741268024,
    2.442516356595));
#2685 = CARTESIAN_POINT('',(47.79345279529,2.982052931066,2.384148290559
    ));
#2686 = CARTESIAN_POINT('',(47.722952397989,2.969148962696,2.29128711984
    ));
#2687 = CARTESIAN_POINT('',(47.693960789171,2.963522067694,
    2.255322566299));
#2688 = CARTESIAN_POINT('',(47.664191816165,2.957488844477,
    2.220485627617));
#2689 = CARTESIAN_POINT('',(47.633696280786,2.951112220324,
    2.186774660413));
#2690 = CARTESIAN_POINT('',(47.602522070052,2.944451816559,2.1541864771)
  );
#2691 = CARTESIAN_POINT('',(47.481523404706,2.918250071925,
    2.034472751374));
#2692 = CARTESIAN_POINT('',(47.387326504069,2.897142716233,
    1.954996885657));
#2693 = CARTESIAN_POINT('',(47.289002969341,2.87545910747,1.884089993572
    ));
#2694 = CARTESIAN_POINT('',(47.187223421356,2.854206117209,
    1.821545546386));
#2695 = CARTESIAN_POINT('',(47.082498294452,2.834233232216,1.76719574248
    ));
#2696 = CARTESIAN_POINT('',(46.853061191034,2.795751390517,
    1.668293586636));
#2697 = CARTESIAN_POINT('',(46.727482815561,2.777812533031,1.62610254723
    ));
#2698 = CARTESIAN_POINT('',(46.599450383181,2.763531818575,
    1.594453252185));
#2699 = CARTESIAN_POINT('',(46.469792642366,2.753723770449,
    1.573334325649));
#2700 = CARTESIAN_POINT('',(46.339257285094,2.748809299741,1.562752));
#2701 = CARTESIAN_POINT('',(46.208569,2.748809299741,1.562752));
#2702 = CYLINDRICAL_SURFACE('',#2703,1.93673);
#2703 = AXIS2_PLACEMENT_3D('',#2704,#2705,#2706);
#2704 = CARTESIAN_POINT('',(46.208569,3.,3.499482));
#2705 = DIRECTION('',(0.,1.,-2.2E-16));
#2706 = DIRECTION('',(-1.,0.,0.));
#2707 = ADVANCED_FACE('',(#2708),#2727,.F.);
#2708 = FACE_BOUND('',#2709,.F.);
#2709 = EDGE_LOOP('',(#2710,#2711,#2712,#2720));
#2710 = ORIENTED_EDGE('',*,*,#2637,.T.);
#2711 = ORIENTED_EDGE('',*,*,#2067,.T.);
#2712 = ORIENTED_EDGE('',*,*,#2713,.F.);
#2713 = EDGE_CURVE('',#2714,#2068,#2716,.T.);
#2714 = VERTEX_POINT('',#2715);
#2715 = CARTESIAN_POINT('',(36.708569203866,3.,8.936212));
#2716 = LINE('',#2717,#2718);
#2717 = CARTESIAN_POINT('',(36.708569203866,3.,8.936212));
#2718 = VECTOR('',#2719,1.);
#2719 = DIRECTION('',(0.,-1.,2.2E-16));
#2720 = ORIENTED_EDGE('',*,*,#2721,.F.);
#2721 = EDGE_CURVE('',#2638,#2714,#2722,.T.);
#2722 = CIRCLE('',#2723,1.93673);
#2723 = AXIS2_PLACEMENT_3D('',#2724,#2725,#2726);
#2724 = CARTESIAN_POINT('',(36.708569,3.,6.999482));
#2725 = DIRECTION('',(0.,1.,-0.));
#2726 = DIRECTION('',(-1.,0.,0.));
#2727 = CYLINDRICAL_SURFACE('',#2728,1.93673);
#2728 = AXIS2_PLACEMENT_3D('',#2729,#2730,#2731);
#2729 = CARTESIAN_POINT('',(36.708569,3.,6.999482));
#2730 = DIRECTION('',(0.,1.,-2.2E-16));
#2731 = DIRECTION('',(-1.,0.,0.));
#2732 = ADVANCED_FACE('',(#2733),#2751,.F.);
#2733 = FACE_BOUND('',#2734,.F.);
#2734 = EDGE_LOOP('',(#2735,#2743,#2744,#2745));
#2735 = ORIENTED_EDGE('',*,*,#2736,.T.);
#2736 = EDGE_CURVE('',#2737,#2085,#2739,.T.);
#2737 = VERTEX_POINT('',#2738);
#2738 = CARTESIAN_POINT('',(48.145298356231,3.,6.999482));
#2739 = LINE('',#2740,#2741);
#2740 = CARTESIAN_POINT('',(48.145298356231,3.,6.999482));
#2741 = VECTOR('',#2742,1.);
#2742 = DIRECTION('',(0.,-1.,2.2E-16));
#2743 = ORIENTED_EDGE('',*,*,#2093,.T.);
#2744 = ORIENTED_EDGE('',*,*,#2670,.F.);
#2745 = ORIENTED_EDGE('',*,*,#2746,.F.);
#2746 = EDGE_CURVE('',#2737,#2660,#2747,.T.);
#2747 = LINE('',#2748,#2749);
#2748 = CARTESIAN_POINT('',(48.145298356231,3.,6.999482));
#2749 = VECTOR('',#2750,1.);
#2750 = DIRECTION('',(1.8393407731E-07,0.,-1.));
#2751 = PLANE('',#2752);
#2752 = AXIS2_PLACEMENT_3D('',#2753,#2754,#2755);
#2753 = CARTESIAN_POINT('',(48.145298356231,3.,6.999482));
#2754 = DIRECTION('',(1.,0.,1.8393407731E-07));
#2755 = DIRECTION('',(1.8393407731E-07,-2.2E-16,-1.));
#2756 = ADVANCED_FACE('',(#2757),#2775,.F.);
#2757 = FACE_BOUND('',#2758,.F.);
#2758 = EDGE_LOOP('',(#2759,#2760,#2761,#2769));
#2759 = ORIENTED_EDGE('',*,*,#2713,.T.);
#2760 = ORIENTED_EDGE('',*,*,#2076,.T.);
#2761 = ORIENTED_EDGE('',*,*,#2762,.F.);
#2762 = EDGE_CURVE('',#2763,#2077,#2765,.T.);
#2763 = VERTEX_POINT('',#2764);
#2764 = CARTESIAN_POINT('',(46.208569203866,3.,8.936211));
#2765 = LINE('',#2766,#2767);
#2766 = CARTESIAN_POINT('',(46.208569203866,3.,8.936211));
#2767 = VECTOR('',#2768,1.);
#2768 = DIRECTION('',(0.,-1.,2.2E-16));
#2769 = ORIENTED_EDGE('',*,*,#2770,.F.);
#2770 = EDGE_CURVE('',#2714,#2763,#2771,.T.);
#2771 = LINE('',#2772,#2773);
#2772 = CARTESIAN_POINT('',(36.708569203866,3.,8.936212));
#2773 = VECTOR('',#2774,1.);
#2774 = DIRECTION('',(1.,0.,-1.0526312809E-07));
#2775 = PLANE('',#2776);
#2776 = AXIS2_PLACEMENT_3D('',#2777,#2778,#2779);
#2777 = CARTESIAN_POINT('',(36.708569203866,3.,8.936212));
#2778 = DIRECTION('',(1.0526312809E-07,2.2E-16,1.));
#2779 = DIRECTION('',(1.,3.845814847432E-40,-1.0526312809E-07));
#2780 = ADVANCED_FACE('',(#2781),#2793,.F.);
#2781 = FACE_BOUND('',#2782,.F.);
#2782 = EDGE_LOOP('',(#2783,#2784,#2785,#2786));
#2783 = ORIENTED_EDGE('',*,*,#2762,.T.);
#2784 = ORIENTED_EDGE('',*,*,#2084,.T.);
#2785 = ORIENTED_EDGE('',*,*,#2736,.F.);
#2786 = ORIENTED_EDGE('',*,*,#2787,.F.);
#2787 = EDGE_CURVE('',#2763,#2737,#2788,.T.);
#2788 = CIRCLE('',#2789,1.93672935623);
#2789 = AXIS2_PLACEMENT_3D('',#2790,#2791,#2792);
#2790 = CARTESIAN_POINT('',(46.208569,3.,6.999481643769));
#2791 = DIRECTION('',(0.,1.,-0.));
#2792 = DIRECTION('',(-1.,0.,0.));
#2793 = CYLINDRICAL_SURFACE('',#2794,1.93672935623);
#2794 = AXIS2_PLACEMENT_3D('',#2795,#2796,#2797);
#2795 = CARTESIAN_POINT('',(46.208569,3.,6.999481643769));
#2796 = DIRECTION('',(0.,1.,-2.2E-16));
#2797 = DIRECTION('',(-1.,0.,0.));
#2798 = ADVANCED_FACE('',(#2799),#2802,.T.);
#2799 = FACE_BOUND('',#2800,.T.);
#2800 = EDGE_LOOP('',(#2801));
#2801 = ORIENTED_EDGE('',*,*,#2186,.T.);
#2802 = PLANE('',#2803);
#2803 = AXIS2_PLACEMENT_3D('',#2804,#2805,#2806);
#2804 = CARTESIAN_POINT('',(235.975845,-72.1,8.5));
#2805 = DIRECTION('',(0.,0.,1.));
#2806 = DIRECTION('',(1.,0.,0.));
#2807 = ADVANCED_FACE('',(#2808),#2839,.T.);
#2808 = FACE_BOUND('',#2809,.T.);
#2809 = EDGE_LOOP('',(#2810,#2818,#2824,#2825,#2826,#2827,#2828,#2829,
    #2830,#2831,#2837,#2838));
#2810 = ORIENTED_EDGE('',*,*,#2811,.F.);
#2811 = EDGE_CURVE('',#2812,#2291,#2814,.T.);
#2812 = VERTEX_POINT('',#2813);
#2813 = CARTESIAN_POINT('',(235.13,3.,2.7));
#2814 = LINE('',#2815,#2816);
#2815 = CARTESIAN_POINT('',(235.13,3.,0.));
#2816 = VECTOR('',#2817,1.);
#2817 = DIRECTION('',(0.,0.,1.));
#2818 = ORIENTED_EDGE('',*,*,#2819,.T.);
#2819 = EDGE_CURVE('',#2812,#2662,#2820,.T.);
#2820 = LINE('',#2821,#2822);
#2821 = CARTESIAN_POINT('',(235.13,3.,2.7));
#2822 = VECTOR('',#2823,1.);
#2823 = DIRECTION('',(-1.,0.,0.));
#2824 = ORIENTED_EDGE('',*,*,#2659,.F.);
#2825 = ORIENTED_EDGE('',*,*,#2746,.F.);
#2826 = ORIENTED_EDGE('',*,*,#2787,.F.);
#2827 = ORIENTED_EDGE('',*,*,#2770,.F.);
#2828 = ORIENTED_EDGE('',*,*,#2721,.F.);
#2829 = ORIENTED_EDGE('',*,*,#2645,.F.);
#2830 = ORIENTED_EDGE('',*,*,#2596,.F.);
#2831 = ORIENTED_EDGE('',*,*,#2832,.T.);
#2832 = EDGE_CURVE('',#2555,#2316,#2833,.T.);
#2833 = LINE('',#2834,#2835);
#2834 = CARTESIAN_POINT('',(235.13,3.,2.7));
#2835 = VECTOR('',#2836,1.);
#2836 = DIRECTION('',(-1.,0.,0.));
#2837 = ORIENTED_EDGE('',*,*,#2315,.T.);
#2838 = ORIENTED_EDGE('',*,*,#2299,.F.);
#2839 = PLANE('',#2840);
#2840 = AXIS2_PLACEMENT_3D('',#2841,#2842,#2843);
#2841 = CARTESIAN_POINT('',(119.065,3.,7.));
#2842 = DIRECTION('',(0.,1.,0.));
#2843 = DIRECTION('',(0.,0.,1.));
#2844 = ADVANCED_FACE('',(#2845),#2873,.T.);
#2845 = FACE_BOUND('',#2846,.F.);
#2846 = EDGE_LOOP('',(#2847,#2856,#2857,#2866));
#2847 = ORIENTED_EDGE('',*,*,#2848,.F.);
#2848 = EDGE_CURVE('',#2316,#2849,#2851,.T.);
#2849 = VERTEX_POINT('',#2850);
#2850 = CARTESIAN_POINT('',(3.,0.3,0.));
#2851 = CIRCLE('',#2852,2.7);
#2852 = AXIS2_PLACEMENT_3D('',#2853,#2854,#2855);
#2853 = CARTESIAN_POINT('',(3.,0.3,2.7));
#2854 = DIRECTION('',(-1.,0.,0.));
#2855 = DIRECTION('',(0.,1.,0.));
#2856 = ORIENTED_EDGE('',*,*,#2323,.T.);
#2857 = ORIENTED_EDGE('',*,*,#2858,.T.);
#2858 = EDGE_CURVE('',#2324,#2859,#2861,.T.);
#2859 = VERTEX_POINT('',#2860);
#2860 = CARTESIAN_POINT('',(-0.3,-3.,0.));
#2861 = CIRCLE('',#2862,2.7);
#2862 = AXIS2_PLACEMENT_3D('',#2863,#2864,#2865);
#2863 = CARTESIAN_POINT('',(-0.3,-3.,2.7));
#2864 = DIRECTION('',(9.E-17,-1.,0.));
#2865 = DIRECTION('',(-1.,-9.E-17,0.));
#2866 = ORIENTED_EDGE('',*,*,#2867,.F.);
#2867 = EDGE_CURVE('',#2849,#2859,#2868,.T.);
#2868 = CIRCLE('',#2869,3.3);
#2869 = AXIS2_PLACEMENT_3D('',#2870,#2871,#2872);
#2870 = CARTESIAN_POINT('',(3.,-3.,0.));
#2871 = DIRECTION('',(0.,0.,1.));
#2872 = DIRECTION('',(-1.5E-16,1.,0.));
#2873 = TOROIDAL_SURFACE('',#2874,3.3,2.7);
#2874 = AXIS2_PLACEMENT_3D('',#2875,#2876,#2877);
#2875 = CARTESIAN_POINT('',(3.,-3.,2.7));
#2876 = DIRECTION('',(0.,0.,-1.));
#2877 = DIRECTION('',(-1.5E-16,1.,0.));
#2878 = ADVANCED_FACE('',(#2879),#2890,.T.);
#2879 = FACE_BOUND('',#2880,.T.);
#2880 = EDGE_LOOP('',(#2881,#2882,#2888,#2889));
#2881 = ORIENTED_EDGE('',*,*,#2451,.T.);
#2882 = ORIENTED_EDGE('',*,*,#2883,.T.);
#2883 = EDGE_CURVE('',#2452,#2360,#2884,.T.);
#2884 = LINE('',#2885,#2886);
#2885 = CARTESIAN_POINT('',(241.13,-74.1,12.));
#2886 = VECTOR('',#2887,1.);
#2887 = DIRECTION('',(0.,1.,0.));
#2888 = ORIENTED_EDGE('',*,*,#2368,.F.);
#2889 = ORIENTED_EDGE('',*,*,#2534,.F.);
#2890 = CYLINDRICAL_SURFACE('',#2891,2.);
#2891 = AXIS2_PLACEMENT_3D('',#2892,#2893,#2894);
#2892 = CARTESIAN_POINT('',(239.13,-74.1,12.));
#2893 = DIRECTION('',(0.,1.,0.));
#2894 = DIRECTION('',(0.,0.,1.));
#2895 = ADVANCED_FACE('',(#2896),#2915,.T.);
#2896 = FACE_BOUND('',#2897,.F.);
#2897 = EDGE_LOOP('',(#2898,#2899,#2908,#2914));
#2898 = ORIENTED_EDGE('',*,*,#2811,.F.);
#2899 = ORIENTED_EDGE('',*,*,#2900,.F.);
#2900 = EDGE_CURVE('',#2901,#2812,#2903,.T.);
#2901 = VERTEX_POINT('',#2902);
#2902 = CARTESIAN_POINT('',(241.13,-3.,2.7));
#2903 = CIRCLE('',#2904,6.);
#2904 = AXIS2_PLACEMENT_3D('',#2905,#2906,#2907);
#2905 = CARTESIAN_POINT('',(235.13,-3.,2.7));
#2906 = DIRECTION('',(0.,-0.,1.));
#2907 = DIRECTION('',(1.,3.E-16,0.));
#2908 = ORIENTED_EDGE('',*,*,#2909,.T.);
#2909 = EDGE_CURVE('',#2901,#2360,#2910,.T.);
#2910 = LINE('',#2911,#2912);
#2911 = CARTESIAN_POINT('',(241.13,-3.,0.));
#2912 = VECTOR('',#2913,1.);
#2913 = DIRECTION('',(0.,0.,1.));
#2914 = ORIENTED_EDGE('',*,*,#2359,.T.);
#2915 = CYLINDRICAL_SURFACE('',#2916,6.);
#2916 = AXIS2_PLACEMENT_3D('',#2917,#2918,#2919);
#2917 = CARTESIAN_POINT('',(235.13,-3.,0.));
#2918 = DIRECTION('',(0.,0.,1.));
#2919 = DIRECTION('',(0.,1.,0.));
#2920 = ADVANCED_FACE('',(#2921),#2949,.T.);
#2921 = FACE_BOUND('',#2922,.F.);
#2922 = EDGE_LOOP('',(#2923,#2932,#2933,#2942));
#2923 = ORIENTED_EDGE('',*,*,#2924,.F.);
#2924 = EDGE_CURVE('',#2384,#2925,#2927,.T.);
#2925 = VERTEX_POINT('',#2926);
#2926 = CARTESIAN_POINT('',(-0.3,-74.1,-0.));
#2927 = CIRCLE('',#2928,2.7);
#2928 = AXIS2_PLACEMENT_3D('',#2929,#2930,#2931);
#2929 = CARTESIAN_POINT('',(-0.3,-74.1,2.7));
#2930 = DIRECTION('',(0.,-1.,0.));
#2931 = DIRECTION('',(-1.,0.,0.));
#2932 = ORIENTED_EDGE('',*,*,#2391,.T.);
#2933 = ORIENTED_EDGE('',*,*,#2934,.T.);
#2934 = EDGE_CURVE('',#2392,#2935,#2937,.T.);
#2935 = VERTEX_POINT('',#2936);
#2936 = CARTESIAN_POINT('',(3.,-77.4,0.));
#2937 = CIRCLE('',#2938,2.7);
#2938 = AXIS2_PLACEMENT_3D('',#2939,#2940,#2941);
#2939 = CARTESIAN_POINT('',(3.,-77.4,2.7));
#2940 = DIRECTION('',(1.,0.,0.));
#2941 = DIRECTION('',(0.,-1.,0.));
#2942 = ORIENTED_EDGE('',*,*,#2943,.F.);
#2943 = EDGE_CURVE('',#2925,#2935,#2944,.T.);
#2944 = CIRCLE('',#2945,3.3);
#2945 = AXIS2_PLACEMENT_3D('',#2946,#2947,#2948);
#2946 = CARTESIAN_POINT('',(3.,-74.1,0.));
#2947 = DIRECTION('',(0.,0.,1.));
#2948 = DIRECTION('',(-1.,0.,0.));
#2949 = TOROIDAL_SURFACE('',#2950,3.3,2.7);
#2950 = AXIS2_PLACEMENT_3D('',#2951,#2952,#2953);
#2951 = CARTESIAN_POINT('',(3.,-74.1,2.7));
#2952 = DIRECTION('',(0.,0.,-1.));
#2953 = DIRECTION('',(-1.,0.,0.));
#2954 = ADVANCED_FACE('',(#2955),#2973,.T.);
#2955 = FACE_BOUND('',#2956,.T.);
#2956 = EDGE_LOOP('',(#2957,#2958,#2966,#2972));
#2957 = ORIENTED_EDGE('',*,*,#2400,.F.);
#2958 = ORIENTED_EDGE('',*,*,#2959,.T.);
#2959 = EDGE_CURVE('',#2392,#2960,#2962,.T.);
#2960 = VERTEX_POINT('',#2961);
#2961 = CARTESIAN_POINT('',(235.13,-80.1,2.7));
#2962 = LINE('',#2963,#2964);
#2963 = CARTESIAN_POINT('',(3.,-80.1,2.7));
#2964 = VECTOR('',#2965,1.);
#2965 = DIRECTION('',(1.,0.,0.));
#2966 = ORIENTED_EDGE('',*,*,#2967,.T.);
#2967 = EDGE_CURVE('',#2960,#2417,#2968,.T.);
#2968 = LINE('',#2969,#2970);
#2969 = CARTESIAN_POINT('',(235.13,-80.1,0.));
#2970 = VECTOR('',#2971,1.);
#2971 = DIRECTION('',(0.,0.,1.));
#2972 = ORIENTED_EDGE('',*,*,#2416,.F.);
#2973 = PLANE('',#2974);
#2974 = AXIS2_PLACEMENT_3D('',#2975,#2976,#2977);
#2975 = CARTESIAN_POINT('',(119.065,-80.1,7.));
#2976 = DIRECTION('',(-0.,-1.,-0.));
#2977 = DIRECTION('',(0.,0.,-1.));
#2978 = ADVANCED_FACE('',(#2979),#2998,.T.);
#2979 = FACE_BOUND('',#2980,.T.);
#2980 = EDGE_LOOP('',(#2981,#2982,#2991,#2997));
#2981 = ORIENTED_EDGE('',*,*,#2967,.F.);
#2982 = ORIENTED_EDGE('',*,*,#2983,.T.);
#2983 = EDGE_CURVE('',#2960,#2984,#2986,.T.);
#2984 = VERTEX_POINT('',#2985);
#2985 = CARTESIAN_POINT('',(241.13,-74.1,2.7));
#2986 = CIRCLE('',#2987,6.);
#2987 = AXIS2_PLACEMENT_3D('',#2988,#2989,#2990);
#2988 = CARTESIAN_POINT('',(235.13,-74.1,2.7));
#2989 = DIRECTION('',(-0.,0.,1.));
#2990 = DIRECTION('',(0.,-1.,0.));
#2991 = ORIENTED_EDGE('',*,*,#2992,.T.);
#2992 = EDGE_CURVE('',#2984,#2452,#2993,.T.);
#2993 = LINE('',#2994,#2995);
#2994 = CARTESIAN_POINT('',(241.13,-74.1,0.));
#2995 = VECTOR('',#2996,1.);
#2996 = DIRECTION('',(0.,0.,1.));
#2997 = ORIENTED_EDGE('',*,*,#2460,.F.);
#2998 = CYLINDRICAL_SURFACE('',#2999,6.);
#2999 = AXIS2_PLACEMENT_3D('',#3000,#3001,#3002);
#3000 = CARTESIAN_POINT('',(235.13,-74.1,0.));
#3001 = DIRECTION('',(0.,0.,1.));
#3002 = DIRECTION('',(0.,-1.,0.));
#3003 = ADVANCED_FACE('',(#3004),#3015,.T.);
#3004 = FACE_BOUND('',#3005,.T.);
#3005 = EDGE_LOOP('',(#3006,#3007,#3013,#3014));
#3006 = ORIENTED_EDGE('',*,*,#2858,.T.);
#3007 = ORIENTED_EDGE('',*,*,#3008,.T.);
#3008 = EDGE_CURVE('',#2859,#2925,#3009,.T.);
#3009 = LINE('',#3010,#3011);
#3010 = CARTESIAN_POINT('',(-0.3,-3.,-4.4E-16));
#3011 = VECTOR('',#3012,1.);
#3012 = DIRECTION('',(0.,-1.,0.));
#3013 = ORIENTED_EDGE('',*,*,#2924,.F.);
#3014 = ORIENTED_EDGE('',*,*,#2477,.F.);
#3015 = CYLINDRICAL_SURFACE('',#3016,2.7);
#3016 = AXIS2_PLACEMENT_3D('',#3017,#3018,#3019);
#3017 = CARTESIAN_POINT('',(-0.3,-3.,2.7));
#3018 = DIRECTION('',(0.,-1.,0.));
#3019 = DIRECTION('',(-1.,0.,0.));
#3020 = ADVANCED_FACE('',(#3021),#3044,.T.);
#3021 = FACE_BOUND('',#3022,.T.);
#3022 = EDGE_LOOP('',(#3023,#3024,#3033,#3039,#3040,#3041,#3042,#3043));
#3023 = ORIENTED_EDGE('',*,*,#2819,.F.);
#3024 = ORIENTED_EDGE('',*,*,#3025,.T.);
#3025 = EDGE_CURVE('',#2812,#3026,#3028,.T.);
#3026 = VERTEX_POINT('',#3027);
#3027 = CARTESIAN_POINT('',(235.13,0.3,0.));
#3028 = CIRCLE('',#3029,2.7);
#3029 = AXIS2_PLACEMENT_3D('',#3030,#3031,#3032);
#3030 = CARTESIAN_POINT('',(235.13,0.3,2.7));
#3031 = DIRECTION('',(-1.,-2.3E-16,-0.));
#3032 = DIRECTION('',(-2.3E-16,1.,0.));
#3033 = ORIENTED_EDGE('',*,*,#3034,.T.);
#3034 = EDGE_CURVE('',#3026,#2849,#3035,.T.);
#3035 = LINE('',#3036,#3037);
#3036 = CARTESIAN_POINT('',(235.13,0.3,-4.4E-16));
#3037 = VECTOR('',#3038,1.);
#3038 = DIRECTION('',(-1.,0.,0.));
#3039 = ORIENTED_EDGE('',*,*,#2848,.F.);
#3040 = ORIENTED_EDGE('',*,*,#2832,.F.);
#3041 = ORIENTED_EDGE('',*,*,#2552,.F.);
#3042 = ORIENTED_EDGE('',*,*,#2611,.F.);
#3043 = ORIENTED_EDGE('',*,*,#2678,.F.);
#3044 = CYLINDRICAL_SURFACE('',#3045,2.7);
#3045 = AXIS2_PLACEMENT_3D('',#3046,#3047,#3048);
#3046 = CARTESIAN_POINT('',(235.13,0.3,2.7));
#3047 = DIRECTION('',(-1.,0.,0.));
#3048 = DIRECTION('',(0.,1.,0.));
#3049 = ADVANCED_FACE('',(#3050,#3088,#3158,#3228,#3298,#3368,#3438,
    #3508,#3578,#3648,#3718,#3788,#3858,#3928,#3998,#4068),#4138,.T.);
#3050 = FACE_BOUND('',#3051,.T.);
#3051 = EDGE_LOOP('',(#3052,#3060,#3061,#3062,#3063,#3064,#3073,#3081));
#3052 = ORIENTED_EDGE('',*,*,#3053,.F.);
#3053 = EDGE_CURVE('',#2935,#3054,#3056,.T.);
#3054 = VERTEX_POINT('',#3055);
#3055 = CARTESIAN_POINT('',(235.13,-77.4,0.));
#3056 = LINE('',#3057,#3058);
#3057 = CARTESIAN_POINT('',(3.,-77.4,-4.4E-16));
#3058 = VECTOR('',#3059,1.);
#3059 = DIRECTION('',(1.,0.,0.));
#3060 = ORIENTED_EDGE('',*,*,#2943,.F.);
#3061 = ORIENTED_EDGE('',*,*,#3008,.F.);
#3062 = ORIENTED_EDGE('',*,*,#2867,.F.);
#3063 = ORIENTED_EDGE('',*,*,#3034,.F.);
#3064 = ORIENTED_EDGE('',*,*,#3065,.F.);
#3065 = EDGE_CURVE('',#3066,#3026,#3068,.T.);
#3066 = VERTEX_POINT('',#3067);
#3067 = CARTESIAN_POINT('',(238.43,-3.,0.));
#3068 = CIRCLE('',#3069,3.3);
#3069 = AXIS2_PLACEMENT_3D('',#3070,#3071,#3072);
#3070 = CARTESIAN_POINT('',(235.13,-3.,0.));
#3071 = DIRECTION('',(0.,-0.,1.));
#3072 = DIRECTION('',(1.,3.E-16,0.));
#3073 = ORIENTED_EDGE('',*,*,#3074,.F.);
#3074 = EDGE_CURVE('',#3075,#3066,#3077,.T.);
#3075 = VERTEX_POINT('',#3076);
#3076 = CARTESIAN_POINT('',(238.43,-74.1,0.));
#3077 = LINE('',#3078,#3079);
#3078 = CARTESIAN_POINT('',(238.43,-74.1,-4.4E-16));
#3079 = VECTOR('',#3080,1.);
#3080 = DIRECTION('',(0.,1.,0.));
#3081 = ORIENTED_EDGE('',*,*,#3082,.F.);
#3082 = EDGE_CURVE('',#3054,#3075,#3083,.T.);
#3083 = CIRCLE('',#3084,3.3);
#3084 = AXIS2_PLACEMENT_3D('',#3085,#3086,#3087);
#3085 = CARTESIAN_POINT('',(235.13,-74.1,0.));
#3086 = DIRECTION('',(-0.,0.,1.));
#3087 = DIRECTION('',(0.,-1.,0.));
#3088 = FACE_BOUND('',#3089,.T.);
#3089 = EDGE_LOOP('',(#3090,#3100,#3109,#3117,#3126,#3134,#3143,#3151));
#3090 = ORIENTED_EDGE('',*,*,#3091,.F.);
#3091 = EDGE_CURVE('',#3092,#3094,#3096,.T.);
#3092 = VERTEX_POINT('',#3093);
#3093 = CARTESIAN_POINT('',(198.6,-67.3,0.));
#3094 = VERTEX_POINT('',#3095);
#3095 = CARTESIAN_POINT('',(198.6,-65.8,0.));
#3096 = LINE('',#3097,#3098);
#3097 = CARTESIAN_POINT('',(198.6,-67.3,0.));
#3098 = VECTOR('',#3099,1.);
#3099 = DIRECTION('',(0.,1.,0.));
#3100 = ORIENTED_EDGE('',*,*,#3101,.F.);
#3101 = EDGE_CURVE('',#3102,#3092,#3104,.T.);
#3102 = VERTEX_POINT('',#3103);
#3103 = CARTESIAN_POINT('',(199.6,-68.3,0.));
#3104 = CIRCLE('',#3105,1.);
#3105 = AXIS2_PLACEMENT_3D('',#3106,#3107,#3108);
#3106 = CARTESIAN_POINT('',(199.6,-67.3,0.));
#3107 = DIRECTION('',(0.,0.,-1.));
#3108 = DIRECTION('',(1.,0.,0.));
#3109 = ORIENTED_EDGE('',*,*,#3110,.F.);
#3110 = EDGE_CURVE('',#3111,#3102,#3113,.T.);
#3111 = VERTEX_POINT('',#3112);
#3112 = CARTESIAN_POINT('',(227.6,-68.3,0.));
#3113 = LINE('',#3114,#3115);
#3114 = CARTESIAN_POINT('',(227.6,-68.3,0.));
#3115 = VECTOR('',#3116,1.);
#3116 = DIRECTION('',(-1.,0.,0.));
#3117 = ORIENTED_EDGE('',*,*,#3118,.F.);
#3118 = EDGE_CURVE('',#3119,#3111,#3121,.T.);
#3119 = VERTEX_POINT('',#3120);
#3120 = CARTESIAN_POINT('',(228.6,-67.3,0.));
#3121 = CIRCLE('',#3122,1.);
#3122 = AXIS2_PLACEMENT_3D('',#3123,#3124,#3125);
#3123 = CARTESIAN_POINT('',(227.6,-67.3,0.));
#3124 = DIRECTION('',(0.,0.,-1.));
#3125 = DIRECTION('',(1.,0.,0.));
#3126 = ORIENTED_EDGE('',*,*,#3127,.F.);
#3127 = EDGE_CURVE('',#3128,#3119,#3130,.T.);
#3128 = VERTEX_POINT('',#3129);
#3129 = CARTESIAN_POINT('',(228.6,-65.8,0.));
#3130 = LINE('',#3131,#3132);
#3131 = CARTESIAN_POINT('',(228.6,-65.8,0.));
#3132 = VECTOR('',#3133,1.);
#3133 = DIRECTION('',(0.,-1.,0.));
#3134 = ORIENTED_EDGE('',*,*,#3135,.F.);
#3135 = EDGE_CURVE('',#3136,#3128,#3138,.T.);
#3136 = VERTEX_POINT('',#3137);
#3137 = CARTESIAN_POINT('',(227.6,-64.8,0.));
#3138 = CIRCLE('',#3139,1.);
#3139 = AXIS2_PLACEMENT_3D('',#3140,#3141,#3142);
#3140 = CARTESIAN_POINT('',(227.6,-65.8,0.));
#3141 = DIRECTION('',(0.,0.,-1.));
#3142 = DIRECTION('',(1.,0.,0.));
#3143 = ORIENTED_EDGE('',*,*,#3144,.F.);
#3144 = EDGE_CURVE('',#3145,#3136,#3147,.T.);
#3145 = VERTEX_POINT('',#3146);
#3146 = CARTESIAN_POINT('',(199.6,-64.8,0.));
#3147 = LINE('',#3148,#3149);
#3148 = CARTESIAN_POINT('',(199.6,-64.8,0.));
#3149 = VECTOR('',#3150,1.);
#3150 = DIRECTION('',(1.,0.,0.));
#3151 = ORIENTED_EDGE('',*,*,#3152,.F.);
#3152 = EDGE_CURVE('',#3094,#3145,#3153,.T.);
#3153 = CIRCLE('',#3154,1.);
#3154 = AXIS2_PLACEMENT_3D('',#3155,#3156,#3157);
#3155 = CARTESIAN_POINT('',(199.6,-65.8,0.));
#3156 = DIRECTION('',(0.,0.,-1.));
#3157 = DIRECTION('',(1.,0.,0.));
#3158 = FACE_BOUND('',#3159,.T.);
#3159 = EDGE_LOOP('',(#3160,#3171,#3179,#3188,#3196,#3205,#3213,#3222));
#3160 = ORIENTED_EDGE('',*,*,#3161,.T.);
#3161 = EDGE_CURVE('',#3162,#3164,#3166,.T.);
#3162 = VERTEX_POINT('',#3163);
#3163 = CARTESIAN_POINT('',(5.3,-70.766567,0.));
#3164 = VERTEX_POINT('',#3165);
#3165 = CARTESIAN_POINT('',(4.3,-71.766567,0.));
#3166 = CIRCLE('',#3167,1.);
#3167 = AXIS2_PLACEMENT_3D('',#3168,#3169,#3170);
#3168 = CARTESIAN_POINT('',(5.3,-71.766567,0.));
#3169 = DIRECTION('',(0.,0.,1.));
#3170 = DIRECTION('',(1.,0.,0.));
#3171 = ORIENTED_EDGE('',*,*,#3172,.T.);
#3172 = EDGE_CURVE('',#3164,#3173,#3175,.T.);
#3173 = VERTEX_POINT('',#3174);
#3174 = CARTESIAN_POINT('',(4.3,-73.376352,0.));
#3175 = LINE('',#3176,#3177);
#3176 = CARTESIAN_POINT('',(4.3,-71.766567,0.));
#3177 = VECTOR('',#3178,1.);
#3178 = DIRECTION('',(0.,-1.,0.));
#3179 = ORIENTED_EDGE('',*,*,#3180,.T.);
#3180 = EDGE_CURVE('',#3173,#3181,#3183,.T.);
#3181 = VERTEX_POINT('',#3182);
#3182 = CARTESIAN_POINT('',(5.3,-74.376352,0.));
#3183 = CIRCLE('',#3184,1.);
#3184 = AXIS2_PLACEMENT_3D('',#3185,#3186,#3187);
#3185 = CARTESIAN_POINT('',(5.3,-73.376352,0.));
#3186 = DIRECTION('',(0.,0.,1.));
#3187 = DIRECTION('',(1.,0.,0.));
#3188 = ORIENTED_EDGE('',*,*,#3189,.T.);
#3189 = EDGE_CURVE('',#3181,#3190,#3192,.T.);
#3190 = VERTEX_POINT('',#3191);
#3191 = CARTESIAN_POINT('',(232.830581,-74.376352,0.));
#3192 = LINE('',#3193,#3194);
#3193 = CARTESIAN_POINT('',(5.3,-74.376352,0.));
#3194 = VECTOR('',#3195,1.);
#3195 = DIRECTION('',(1.,0.,0.));
#3196 = ORIENTED_EDGE('',*,*,#3197,.T.);
#3197 = EDGE_CURVE('',#3190,#3198,#3200,.T.);
#3198 = VERTEX_POINT('',#3199);
#3199 = CARTESIAN_POINT('',(233.830581,-73.376352,0.));
#3200 = CIRCLE('',#3201,1.);
#3201 = AXIS2_PLACEMENT_3D('',#3202,#3203,#3204);
#3202 = CARTESIAN_POINT('',(232.830581,-73.376352,0.));
#3203 = DIRECTION('',(0.,0.,1.));
#3204 = DIRECTION('',(1.,0.,0.));
#3205 = ORIENTED_EDGE('',*,*,#3206,.T.);
#3206 = EDGE_CURVE('',#3198,#3207,#3209,.T.);
#3207 = VERTEX_POINT('',#3208);
#3208 = CARTESIAN_POINT('',(233.830581,-71.766567,0.));
#3209 = LINE('',#3210,#3211);
#3210 = CARTESIAN_POINT('',(233.830581,-73.376352,0.));
#3211 = VECTOR('',#3212,1.);
#3212 = DIRECTION('',(0.,1.,0.));
#3213 = ORIENTED_EDGE('',*,*,#3214,.T.);
#3214 = EDGE_CURVE('',#3207,#3215,#3217,.T.);
#3215 = VERTEX_POINT('',#3216);
#3216 = CARTESIAN_POINT('',(232.830581,-70.766567,0.));
#3217 = CIRCLE('',#3218,1.);
#3218 = AXIS2_PLACEMENT_3D('',#3219,#3220,#3221);
#3219 = CARTESIAN_POINT('',(232.830581,-71.766567,0.));
#3220 = DIRECTION('',(0.,0.,1.));
#3221 = DIRECTION('',(1.,0.,0.));
#3222 = ORIENTED_EDGE('',*,*,#3223,.T.);
#3223 = EDGE_CURVE('',#3215,#3162,#3224,.T.);
#3224 = LINE('',#3225,#3226);
#3225 = CARTESIAN_POINT('',(232.830581,-70.766567,0.));
#3226 = VECTOR('',#3227,1.);
#3227 = DIRECTION('',(-1.,0.,0.));
#3228 = FACE_BOUND('',#3229,.T.);
#3229 = EDGE_LOOP('',(#3230,#3241,#3249,#3258,#3266,#3275,#3283,#3292));
#3230 = ORIENTED_EDGE('',*,*,#3231,.T.);
#3231 = EDGE_CURVE('',#3232,#3234,#3236,.T.);
#3232 = VERTEX_POINT('',#3233);
#3233 = CARTESIAN_POINT('',(5.3,-59.066567,0.));
#3234 = VERTEX_POINT('',#3235);
#3235 = CARTESIAN_POINT('',(4.3,-60.066567,0.));
#3236 = CIRCLE('',#3237,1.);
#3237 = AXIS2_PLACEMENT_3D('',#3238,#3239,#3240);
#3238 = CARTESIAN_POINT('',(5.3,-60.066567,0.));
#3239 = DIRECTION('',(0.,0.,1.));
#3240 = DIRECTION('',(1.,0.,0.));
#3241 = ORIENTED_EDGE('',*,*,#3242,.T.);
#3242 = EDGE_CURVE('',#3234,#3243,#3245,.T.);
#3243 = VERTEX_POINT('',#3244);
#3244 = CARTESIAN_POINT('',(4.3,-61.676352,0.));
#3245 = LINE('',#3246,#3247);
#3246 = CARTESIAN_POINT('',(4.3,-60.066567,0.));
#3247 = VECTOR('',#3248,1.);
#3248 = DIRECTION('',(0.,-1.,0.));
#3249 = ORIENTED_EDGE('',*,*,#3250,.T.);
#3250 = EDGE_CURVE('',#3243,#3251,#3253,.T.);
#3251 = VERTEX_POINT('',#3252);
#3252 = CARTESIAN_POINT('',(5.3,-62.676352,0.));
#3253 = CIRCLE('',#3254,1.);
#3254 = AXIS2_PLACEMENT_3D('',#3255,#3256,#3257);
#3255 = CARTESIAN_POINT('',(5.3,-61.676352,0.));
#3256 = DIRECTION('',(0.,0.,1.));
#3257 = DIRECTION('',(1.,0.,0.));
#3258 = ORIENTED_EDGE('',*,*,#3259,.T.);
#3259 = EDGE_CURVE('',#3251,#3260,#3262,.T.);
#3260 = VERTEX_POINT('',#3261);
#3261 = CARTESIAN_POINT('',(232.830581,-62.676352,0.));
#3262 = LINE('',#3263,#3264);
#3263 = CARTESIAN_POINT('',(5.3,-62.676352,0.));
#3264 = VECTOR('',#3265,1.);
#3265 = DIRECTION('',(1.,0.,0.));
#3266 = ORIENTED_EDGE('',*,*,#3267,.T.);
#3267 = EDGE_CURVE('',#3260,#3268,#3270,.T.);
#3268 = VERTEX_POINT('',#3269);
#3269 = CARTESIAN_POINT('',(233.830581,-61.676352,0.));
#3270 = CIRCLE('',#3271,1.);
#3271 = AXIS2_PLACEMENT_3D('',#3272,#3273,#3274);
#3272 = CARTESIAN_POINT('',(232.830581,-61.676352,0.));
#3273 = DIRECTION('',(0.,0.,1.));
#3274 = DIRECTION('',(1.,0.,0.));
#3275 = ORIENTED_EDGE('',*,*,#3276,.T.);
#3276 = EDGE_CURVE('',#3268,#3277,#3279,.T.);
#3277 = VERTEX_POINT('',#3278);
#3278 = CARTESIAN_POINT('',(233.830581,-60.066567,0.));
#3279 = LINE('',#3280,#3281);
#3280 = CARTESIAN_POINT('',(233.830581,-61.676352,0.));
#3281 = VECTOR('',#3282,1.);
#3282 = DIRECTION('',(0.,1.,0.));
#3283 = ORIENTED_EDGE('',*,*,#3284,.T.);
#3284 = EDGE_CURVE('',#3277,#3285,#3287,.T.);
#3285 = VERTEX_POINT('',#3286);
#3286 = CARTESIAN_POINT('',(232.830581,-59.066567,0.));
#3287 = CIRCLE('',#3288,1.);
#3288 = AXIS2_PLACEMENT_3D('',#3289,#3290,#3291);
#3289 = CARTESIAN_POINT('',(232.830581,-60.066567,0.));
#3290 = DIRECTION('',(0.,0.,1.));
#3291 = DIRECTION('',(1.,0.,0.));
#3292 = ORIENTED_EDGE('',*,*,#3293,.T.);
#3293 = EDGE_CURVE('',#3285,#3232,#3294,.T.);
#3294 = LINE('',#3295,#3296);
#3295 = CARTESIAN_POINT('',(232.830581,-59.066567,0.));
#3296 = VECTOR('',#3297,1.);
#3297 = DIRECTION('',(-1.,0.,0.));
#3298 = FACE_BOUND('',#3299,.T.);
#3299 = EDGE_LOOP('',(#3300,#3310,#3319,#3327,#3336,#3344,#3353,#3361));
#3300 = ORIENTED_EDGE('',*,*,#3301,.F.);
#3301 = EDGE_CURVE('',#3302,#3304,#3306,.T.);
#3302 = VERTEX_POINT('',#3303);
#3303 = CARTESIAN_POINT('',(9.467956804286,-67.3,0.));
#3304 = VERTEX_POINT('',#3305);
#3305 = CARTESIAN_POINT('',(9.467956804286,-65.830528,0.));
#3306 = LINE('',#3307,#3308);
#3307 = CARTESIAN_POINT('',(9.467956804286,-67.3,0.));
#3308 = VECTOR('',#3309,1.);
#3309 = DIRECTION('',(0.,1.,0.));
#3310 = ORIENTED_EDGE('',*,*,#3311,.F.);
#3311 = EDGE_CURVE('',#3312,#3302,#3314,.T.);
#3312 = VERTEX_POINT('',#3313);
#3313 = CARTESIAN_POINT('',(10.467956804286,-68.3,0.));
#3314 = CIRCLE('',#3315,1.);
#3315 = AXIS2_PLACEMENT_3D('',#3316,#3317,#3318);
#3316 = CARTESIAN_POINT('',(10.467956804286,-67.3,0.));
#3317 = DIRECTION('',(0.,0.,-1.));
#3318 = DIRECTION('',(1.,0.,0.));
#3319 = ORIENTED_EDGE('',*,*,#3320,.F.);
#3320 = EDGE_CURVE('',#3321,#3312,#3323,.T.);
#3321 = VERTEX_POINT('',#3322);
#3322 = CARTESIAN_POINT('',(38.692641,-68.3,0.));
#3323 = LINE('',#3324,#3325);
#3324 = CARTESIAN_POINT('',(38.692641,-68.3,0.));
#3325 = VECTOR('',#3326,1.);
#3326 = DIRECTION('',(-1.,0.,0.));
#3327 = ORIENTED_EDGE('',*,*,#3328,.F.);
#3328 = EDGE_CURVE('',#3329,#3321,#3331,.T.);
#3329 = VERTEX_POINT('',#3330);
#3330 = CARTESIAN_POINT('',(39.692641,-67.3,0.));
#3331 = CIRCLE('',#3332,1.);
#3332 = AXIS2_PLACEMENT_3D('',#3333,#3334,#3335);
#3333 = CARTESIAN_POINT('',(38.692641,-67.3,0.));
#3334 = DIRECTION('',(0.,0.,-1.));
#3335 = DIRECTION('',(1.,0.,0.));
#3336 = ORIENTED_EDGE('',*,*,#3337,.F.);
#3337 = EDGE_CURVE('',#3338,#3329,#3340,.T.);
#3338 = VERTEX_POINT('',#3339);
#3339 = CARTESIAN_POINT('',(39.692641,-65.830528,0.));
#3340 = LINE('',#3341,#3342);
#3341 = CARTESIAN_POINT('',(39.692641,-65.830528,0.));
#3342 = VECTOR('',#3343,1.);
#3343 = DIRECTION('',(0.,-1.,0.));
#3344 = ORIENTED_EDGE('',*,*,#3345,.F.);
#3345 = EDGE_CURVE('',#3346,#3338,#3348,.T.);
#3346 = VERTEX_POINT('',#3347);
#3347 = CARTESIAN_POINT('',(38.692641,-64.830528,0.));
#3348 = CIRCLE('',#3349,1.);
#3349 = AXIS2_PLACEMENT_3D('',#3350,#3351,#3352);
#3350 = CARTESIAN_POINT('',(38.692641,-65.830528,0.));
#3351 = DIRECTION('',(0.,0.,-1.));
#3352 = DIRECTION('',(1.,0.,0.));
#3353 = ORIENTED_EDGE('',*,*,#3354,.F.);
#3354 = EDGE_CURVE('',#3355,#3346,#3357,.T.);
#3355 = VERTEX_POINT('',#3356);
#3356 = CARTESIAN_POINT('',(10.467956804286,-64.830528,0.));
#3357 = LINE('',#3358,#3359);
#3358 = CARTESIAN_POINT('',(10.467956804286,-64.830528,0.));
#3359 = VECTOR('',#3360,1.);
#3360 = DIRECTION('',(1.,0.,0.));
#3361 = ORIENTED_EDGE('',*,*,#3362,.F.);
#3362 = EDGE_CURVE('',#3304,#3355,#3363,.T.);
#3363 = CIRCLE('',#3364,1.);
#3364 = AXIS2_PLACEMENT_3D('',#3365,#3366,#3367);
#3365 = CARTESIAN_POINT('',(10.467956804286,-65.830528,0.));
#3366 = DIRECTION('',(0.,0.,-1.));
#3367 = DIRECTION('',(1.,0.,0.));
#3368 = FACE_BOUND('',#3369,.T.);
#3369 = EDGE_LOOP('',(#3370,#3381,#3389,#3398,#3406,#3415,#3423,#3432));
#3370 = ORIENTED_EDGE('',*,*,#3371,.T.);
#3371 = EDGE_CURVE('',#3372,#3374,#3376,.T.);
#3372 = VERTEX_POINT('',#3373);
#3373 = CARTESIAN_POINT('',(5.3,-53.516567,0.));
#3374 = VERTEX_POINT('',#3375);
#3375 = CARTESIAN_POINT('',(4.3,-54.516567,0.));
#3376 = CIRCLE('',#3377,1.);
#3377 = AXIS2_PLACEMENT_3D('',#3378,#3379,#3380);
#3378 = CARTESIAN_POINT('',(5.3,-54.516567,0.));
#3379 = DIRECTION('',(0.,0.,1.));
#3380 = DIRECTION('',(1.,0.,0.));
#3381 = ORIENTED_EDGE('',*,*,#3382,.T.);
#3382 = EDGE_CURVE('',#3374,#3383,#3385,.T.);
#3383 = VERTEX_POINT('',#3384);
#3384 = CARTESIAN_POINT('',(4.3,-56.126352,0.));
#3385 = LINE('',#3386,#3387);
#3386 = CARTESIAN_POINT('',(4.3,-54.516567,0.));
#3387 = VECTOR('',#3388,1.);
#3388 = DIRECTION('',(0.,-1.,0.));
#3389 = ORIENTED_EDGE('',*,*,#3390,.T.);
#3390 = EDGE_CURVE('',#3383,#3391,#3393,.T.);
#3391 = VERTEX_POINT('',#3392);
#3392 = CARTESIAN_POINT('',(5.3,-57.126352,0.));
#3393 = CIRCLE('',#3394,1.);
#3394 = AXIS2_PLACEMENT_3D('',#3395,#3396,#3397);
#3395 = CARTESIAN_POINT('',(5.3,-56.126352,0.));
#3396 = DIRECTION('',(0.,0.,1.));
#3397 = DIRECTION('',(1.,0.,0.));
#3398 = ORIENTED_EDGE('',*,*,#3399,.T.);
#3399 = EDGE_CURVE('',#3391,#3400,#3402,.T.);
#3400 = VERTEX_POINT('',#3401);
#3401 = CARTESIAN_POINT('',(232.830581,-57.126352,0.));
#3402 = LINE('',#3403,#3404);
#3403 = CARTESIAN_POINT('',(5.3,-57.126352,0.));
#3404 = VECTOR('',#3405,1.);
#3405 = DIRECTION('',(1.,0.,0.));
#3406 = ORIENTED_EDGE('',*,*,#3407,.T.);
#3407 = EDGE_CURVE('',#3400,#3408,#3410,.T.);
#3408 = VERTEX_POINT('',#3409);
#3409 = CARTESIAN_POINT('',(233.830581,-56.126352,0.));
#3410 = CIRCLE('',#3411,1.);
#3411 = AXIS2_PLACEMENT_3D('',#3412,#3413,#3414);
#3412 = CARTESIAN_POINT('',(232.830581,-56.126352,0.));
#3413 = DIRECTION('',(0.,0.,1.));
#3414 = DIRECTION('',(1.,0.,0.));
#3415 = ORIENTED_EDGE('',*,*,#3416,.T.);
#3416 = EDGE_CURVE('',#3408,#3417,#3419,.T.);
#3417 = VERTEX_POINT('',#3418);
#3418 = CARTESIAN_POINT('',(233.830581,-54.516567,0.));
#3419 = LINE('',#3420,#3421);
#3420 = CARTESIAN_POINT('',(233.830581,-56.126352,0.));
#3421 = VECTOR('',#3422,1.);
#3422 = DIRECTION('',(0.,1.,0.));
#3423 = ORIENTED_EDGE('',*,*,#3424,.T.);
#3424 = EDGE_CURVE('',#3417,#3425,#3427,.T.);
#3425 = VERTEX_POINT('',#3426);
#3426 = CARTESIAN_POINT('',(232.830581,-53.516567,0.));
#3427 = CIRCLE('',#3428,1.);
#3428 = AXIS2_PLACEMENT_3D('',#3429,#3430,#3431);
#3429 = CARTESIAN_POINT('',(232.830581,-54.516567,0.));
#3430 = DIRECTION('',(0.,0.,1.));
#3431 = DIRECTION('',(1.,0.,0.));
#3432 = ORIENTED_EDGE('',*,*,#3433,.T.);
#3433 = EDGE_CURVE('',#3425,#3372,#3434,.T.);
#3434 = LINE('',#3435,#3436);
#3435 = CARTESIAN_POINT('',(232.830581,-53.516567,0.));
#3436 = VECTOR('',#3437,1.);
#3437 = DIRECTION('',(-1.,0.,0.));
#3438 = FACE_BOUND('',#3439,.T.);
#3439 = EDGE_LOOP('',(#3440,#3451,#3459,#3468,#3476,#3485,#3493,#3502));
#3440 = ORIENTED_EDGE('',*,*,#3441,.T.);
#3441 = EDGE_CURVE('',#3442,#3444,#3446,.T.);
#3442 = VERTEX_POINT('',#3443);
#3443 = CARTESIAN_POINT('',(5.3,-47.966567,0.));
#3444 = VERTEX_POINT('',#3445);
#3445 = CARTESIAN_POINT('',(4.3,-48.966567,0.));
#3446 = CIRCLE('',#3447,1.);
#3447 = AXIS2_PLACEMENT_3D('',#3448,#3449,#3450);
#3448 = CARTESIAN_POINT('',(5.3,-48.966567,0.));
#3449 = DIRECTION('',(0.,0.,1.));
#3450 = DIRECTION('',(1.,0.,0.));
#3451 = ORIENTED_EDGE('',*,*,#3452,.T.);
#3452 = EDGE_CURVE('',#3444,#3453,#3455,.T.);
#3453 = VERTEX_POINT('',#3454);
#3454 = CARTESIAN_POINT('',(4.3,-50.576352,0.));
#3455 = LINE('',#3456,#3457);
#3456 = CARTESIAN_POINT('',(4.3,-48.966567,0.));
#3457 = VECTOR('',#3458,1.);
#3458 = DIRECTION('',(0.,-1.,0.));
#3459 = ORIENTED_EDGE('',*,*,#3460,.T.);
#3460 = EDGE_CURVE('',#3453,#3461,#3463,.T.);
#3461 = VERTEX_POINT('',#3462);
#3462 = CARTESIAN_POINT('',(5.3,-51.576352,0.));
#3463 = CIRCLE('',#3464,1.);
#3464 = AXIS2_PLACEMENT_3D('',#3465,#3466,#3467);
#3465 = CARTESIAN_POINT('',(5.3,-50.576352,0.));
#3466 = DIRECTION('',(0.,0.,1.));
#3467 = DIRECTION('',(1.,0.,0.));
#3468 = ORIENTED_EDGE('',*,*,#3469,.T.);
#3469 = EDGE_CURVE('',#3461,#3470,#3472,.T.);
#3470 = VERTEX_POINT('',#3471);
#3471 = CARTESIAN_POINT('',(232.830581,-51.576352,0.));
#3472 = LINE('',#3473,#3474);
#3473 = CARTESIAN_POINT('',(5.3,-51.576352,0.));
#3474 = VECTOR('',#3475,1.);
#3475 = DIRECTION('',(1.,0.,0.));
#3476 = ORIENTED_EDGE('',*,*,#3477,.T.);
#3477 = EDGE_CURVE('',#3470,#3478,#3480,.T.);
#3478 = VERTEX_POINT('',#3479);
#3479 = CARTESIAN_POINT('',(233.830581,-50.576352,0.));
#3480 = CIRCLE('',#3481,1.);
#3481 = AXIS2_PLACEMENT_3D('',#3482,#3483,#3484);
#3482 = CARTESIAN_POINT('',(232.830581,-50.576352,0.));
#3483 = DIRECTION('',(0.,0.,1.));
#3484 = DIRECTION('',(1.,0.,0.));
#3485 = ORIENTED_EDGE('',*,*,#3486,.T.);
#3486 = EDGE_CURVE('',#3478,#3487,#3489,.T.);
#3487 = VERTEX_POINT('',#3488);
#3488 = CARTESIAN_POINT('',(233.830581,-48.966567,0.));
#3489 = LINE('',#3490,#3491);
#3490 = CARTESIAN_POINT('',(233.830581,-50.576352,0.));
#3491 = VECTOR('',#3492,1.);
#3492 = DIRECTION('',(0.,1.,0.));
#3493 = ORIENTED_EDGE('',*,*,#3494,.T.);
#3494 = EDGE_CURVE('',#3487,#3495,#3497,.T.);
#3495 = VERTEX_POINT('',#3496);
#3496 = CARTESIAN_POINT('',(232.830581,-47.966567,0.));
#3497 = CIRCLE('',#3498,1.);
#3498 = AXIS2_PLACEMENT_3D('',#3499,#3500,#3501);
#3499 = CARTESIAN_POINT('',(232.830581,-48.966567,0.));
#3500 = DIRECTION('',(0.,0.,1.));
#3501 = DIRECTION('',(1.,0.,0.));
#3502 = ORIENTED_EDGE('',*,*,#3503,.T.);
#3503 = EDGE_CURVE('',#3495,#3442,#3504,.T.);
#3504 = LINE('',#3505,#3506);
#3505 = CARTESIAN_POINT('',(232.830581,-47.966567,0.));
#3506 = VECTOR('',#3507,1.);
#3507 = DIRECTION('',(-1.,0.,0.));
#3508 = FACE_BOUND('',#3509,.T.);
#3509 = EDGE_LOOP('',(#3510,#3521,#3529,#3538,#3546,#3555,#3563,#3572));
#3510 = ORIENTED_EDGE('',*,*,#3511,.T.);
#3511 = EDGE_CURVE('',#3512,#3514,#3516,.T.);
#3512 = VERTEX_POINT('',#3513);
#3513 = CARTESIAN_POINT('',(5.3,-42.416567,0.));
#3514 = VERTEX_POINT('',#3515);
#3515 = CARTESIAN_POINT('',(4.3,-43.416567,0.));
#3516 = CIRCLE('',#3517,1.);
#3517 = AXIS2_PLACEMENT_3D('',#3518,#3519,#3520);
#3518 = CARTESIAN_POINT('',(5.3,-43.416567,0.));
#3519 = DIRECTION('',(0.,0.,1.));
#3520 = DIRECTION('',(1.,0.,0.));
#3521 = ORIENTED_EDGE('',*,*,#3522,.T.);
#3522 = EDGE_CURVE('',#3514,#3523,#3525,.T.);
#3523 = VERTEX_POINT('',#3524);
#3524 = CARTESIAN_POINT('',(4.3,-45.026352,0.));
#3525 = LINE('',#3526,#3527);
#3526 = CARTESIAN_POINT('',(4.3,-43.416567,0.));
#3527 = VECTOR('',#3528,1.);
#3528 = DIRECTION('',(0.,-1.,0.));
#3529 = ORIENTED_EDGE('',*,*,#3530,.T.);
#3530 = EDGE_CURVE('',#3523,#3531,#3533,.T.);
#3531 = VERTEX_POINT('',#3532);
#3532 = CARTESIAN_POINT('',(5.3,-46.026352,0.));
#3533 = CIRCLE('',#3534,1.);
#3534 = AXIS2_PLACEMENT_3D('',#3535,#3536,#3537);
#3535 = CARTESIAN_POINT('',(5.3,-45.026352,0.));
#3536 = DIRECTION('',(0.,0.,1.));
#3537 = DIRECTION('',(1.,0.,0.));
#3538 = ORIENTED_EDGE('',*,*,#3539,.T.);
#3539 = EDGE_CURVE('',#3531,#3540,#3542,.T.);
#3540 = VERTEX_POINT('',#3541);
#3541 = CARTESIAN_POINT('',(232.830581,-46.026352,0.));
#3542 = LINE('',#3543,#3544);
#3543 = CARTESIAN_POINT('',(5.3,-46.026352,0.));
#3544 = VECTOR('',#3545,1.);
#3545 = DIRECTION('',(1.,0.,0.));
#3546 = ORIENTED_EDGE('',*,*,#3547,.T.);
#3547 = EDGE_CURVE('',#3540,#3548,#3550,.T.);
#3548 = VERTEX_POINT('',#3549);
#3549 = CARTESIAN_POINT('',(233.830581,-45.026352,0.));
#3550 = CIRCLE('',#3551,1.);
#3551 = AXIS2_PLACEMENT_3D('',#3552,#3553,#3554);
#3552 = CARTESIAN_POINT('',(232.830581,-45.026352,0.));
#3553 = DIRECTION('',(0.,0.,1.));
#3554 = DIRECTION('',(1.,0.,0.));
#3555 = ORIENTED_EDGE('',*,*,#3556,.T.);
#3556 = EDGE_CURVE('',#3548,#3557,#3559,.T.);
#3557 = VERTEX_POINT('',#3558);
#3558 = CARTESIAN_POINT('',(233.830581,-43.416567,0.));
#3559 = LINE('',#3560,#3561);
#3560 = CARTESIAN_POINT('',(233.830581,-45.026352,0.));
#3561 = VECTOR('',#3562,1.);
#3562 = DIRECTION('',(0.,1.,0.));
#3563 = ORIENTED_EDGE('',*,*,#3564,.T.);
#3564 = EDGE_CURVE('',#3557,#3565,#3567,.T.);
#3565 = VERTEX_POINT('',#3566);
#3566 = CARTESIAN_POINT('',(232.830581,-42.416567,0.));
#3567 = CIRCLE('',#3568,1.);
#3568 = AXIS2_PLACEMENT_3D('',#3569,#3570,#3571);
#3569 = CARTESIAN_POINT('',(232.830581,-43.416567,0.));
#3570 = DIRECTION('',(0.,0.,1.));
#3571 = DIRECTION('',(1.,0.,0.));
#3572 = ORIENTED_EDGE('',*,*,#3573,.T.);
#3573 = EDGE_CURVE('',#3565,#3512,#3574,.T.);
#3574 = LINE('',#3575,#3576);
#3575 = CARTESIAN_POINT('',(232.830581,-42.416567,0.));
#3576 = VECTOR('',#3577,1.);
#3577 = DIRECTION('',(-1.,0.,0.));
#3578 = FACE_BOUND('',#3579,.T.);
#3579 = EDGE_LOOP('',(#3580,#3591,#3599,#3608,#3616,#3625,#3633,#3642));
#3580 = ORIENTED_EDGE('',*,*,#3581,.T.);
#3581 = EDGE_CURVE('',#3582,#3584,#3586,.T.);
#3582 = VERTEX_POINT('',#3583);
#3583 = CARTESIAN_POINT('',(5.3,-36.866567,0.));
#3584 = VERTEX_POINT('',#3585);
#3585 = CARTESIAN_POINT('',(4.3,-37.866567,0.));
#3586 = CIRCLE('',#3587,1.);
#3587 = AXIS2_PLACEMENT_3D('',#3588,#3589,#3590);
#3588 = CARTESIAN_POINT('',(5.3,-37.866567,0.));
#3589 = DIRECTION('',(0.,0.,1.));
#3590 = DIRECTION('',(1.,0.,0.));
#3591 = ORIENTED_EDGE('',*,*,#3592,.T.);
#3592 = EDGE_CURVE('',#3584,#3593,#3595,.T.);
#3593 = VERTEX_POINT('',#3594);
#3594 = CARTESIAN_POINT('',(4.3,-39.476352,0.));
#3595 = LINE('',#3596,#3597);
#3596 = CARTESIAN_POINT('',(4.3,-37.866567,0.));
#3597 = VECTOR('',#3598,1.);
#3598 = DIRECTION('',(0.,-1.,0.));
#3599 = ORIENTED_EDGE('',*,*,#3600,.T.);
#3600 = EDGE_CURVE('',#3593,#3601,#3603,.T.);
#3601 = VERTEX_POINT('',#3602);
#3602 = CARTESIAN_POINT('',(5.3,-40.476352,0.));
#3603 = CIRCLE('',#3604,1.);
#3604 = AXIS2_PLACEMENT_3D('',#3605,#3606,#3607);
#3605 = CARTESIAN_POINT('',(5.3,-39.476352,0.));
#3606 = DIRECTION('',(0.,0.,1.));
#3607 = DIRECTION('',(1.,0.,0.));
#3608 = ORIENTED_EDGE('',*,*,#3609,.T.);
#3609 = EDGE_CURVE('',#3601,#3610,#3612,.T.);
#3610 = VERTEX_POINT('',#3611);
#3611 = CARTESIAN_POINT('',(232.830581,-40.476352,0.));
#3612 = LINE('',#3613,#3614);
#3613 = CARTESIAN_POINT('',(5.3,-40.476352,0.));
#3614 = VECTOR('',#3615,1.);
#3615 = DIRECTION('',(1.,0.,0.));
#3616 = ORIENTED_EDGE('',*,*,#3617,.T.);
#3617 = EDGE_CURVE('',#3610,#3618,#3620,.T.);
#3618 = VERTEX_POINT('',#3619);
#3619 = CARTESIAN_POINT('',(233.830581,-39.476352,0.));
#3620 = CIRCLE('',#3621,1.);
#3621 = AXIS2_PLACEMENT_3D('',#3622,#3623,#3624);
#3622 = CARTESIAN_POINT('',(232.830581,-39.476352,0.));
#3623 = DIRECTION('',(0.,0.,1.));
#3624 = DIRECTION('',(1.,0.,0.));
#3625 = ORIENTED_EDGE('',*,*,#3626,.T.);
#3626 = EDGE_CURVE('',#3618,#3627,#3629,.T.);
#3627 = VERTEX_POINT('',#3628);
#3628 = CARTESIAN_POINT('',(233.830581,-37.866567,0.));
#3629 = LINE('',#3630,#3631);
#3630 = CARTESIAN_POINT('',(233.830581,-39.476352,0.));
#3631 = VECTOR('',#3632,1.);
#3632 = DIRECTION('',(0.,1.,0.));
#3633 = ORIENTED_EDGE('',*,*,#3634,.T.);
#3634 = EDGE_CURVE('',#3627,#3635,#3637,.T.);
#3635 = VERTEX_POINT('',#3636);
#3636 = CARTESIAN_POINT('',(232.830581,-36.866567,0.));
#3637 = CIRCLE('',#3638,1.);
#3638 = AXIS2_PLACEMENT_3D('',#3639,#3640,#3641);
#3639 = CARTESIAN_POINT('',(232.830581,-37.866567,0.));
#3640 = DIRECTION('',(0.,0.,1.));
#3641 = DIRECTION('',(1.,0.,0.));
#3642 = ORIENTED_EDGE('',*,*,#3643,.T.);
#3643 = EDGE_CURVE('',#3635,#3582,#3644,.T.);
#3644 = LINE('',#3645,#3646);
#3645 = CARTESIAN_POINT('',(232.830581,-36.866567,0.));
#3646 = VECTOR('',#3647,1.);
#3647 = DIRECTION('',(-1.,0.,0.));
#3648 = FACE_BOUND('',#3649,.T.);
#3649 = EDGE_LOOP('',(#3650,#3660,#3669,#3677,#3686,#3694,#3703,#3711));
#3650 = ORIENTED_EDGE('',*,*,#3651,.F.);
#3651 = EDGE_CURVE('',#3652,#3654,#3656,.T.);
#3652 = VERTEX_POINT('',#3653);
#3653 = CARTESIAN_POINT('',(198.6,-11.304011,0.));
#3654 = VERTEX_POINT('',#3655);
#3655 = CARTESIAN_POINT('',(198.6,-9.804011,0.));
#3656 = LINE('',#3657,#3658);
#3657 = CARTESIAN_POINT('',(198.6,-11.304011,0.));
#3658 = VECTOR('',#3659,1.);
#3659 = DIRECTION('',(0.,1.,0.));
#3660 = ORIENTED_EDGE('',*,*,#3661,.F.);
#3661 = EDGE_CURVE('',#3662,#3652,#3664,.T.);
#3662 = VERTEX_POINT('',#3663);
#3663 = CARTESIAN_POINT('',(199.6,-12.304011,0.));
#3664 = CIRCLE('',#3665,1.);
#3665 = AXIS2_PLACEMENT_3D('',#3666,#3667,#3668);
#3666 = CARTESIAN_POINT('',(199.6,-11.304011,0.));
#3667 = DIRECTION('',(0.,0.,-1.));
#3668 = DIRECTION('',(1.,0.,0.));
#3669 = ORIENTED_EDGE('',*,*,#3670,.F.);
#3670 = EDGE_CURVE('',#3671,#3662,#3673,.T.);
#3671 = VERTEX_POINT('',#3672);
#3672 = CARTESIAN_POINT('',(227.6,-12.304011,0.));
#3673 = LINE('',#3674,#3675);
#3674 = CARTESIAN_POINT('',(227.6,-12.304011,0.));
#3675 = VECTOR('',#3676,1.);
#3676 = DIRECTION('',(-1.,0.,0.));
#3677 = ORIENTED_EDGE('',*,*,#3678,.F.);
#3678 = EDGE_CURVE('',#3679,#3671,#3681,.T.);
#3679 = VERTEX_POINT('',#3680);
#3680 = CARTESIAN_POINT('',(228.6,-11.304011,0.));
#3681 = CIRCLE('',#3682,1.);
#3682 = AXIS2_PLACEMENT_3D('',#3683,#3684,#3685);
#3683 = CARTESIAN_POINT('',(227.6,-11.304011,0.));
#3684 = DIRECTION('',(0.,0.,-1.));
#3685 = DIRECTION('',(1.,0.,0.));
#3686 = ORIENTED_EDGE('',*,*,#3687,.F.);
#3687 = EDGE_CURVE('',#3688,#3679,#3690,.T.);
#3688 = VERTEX_POINT('',#3689);
#3689 = CARTESIAN_POINT('',(228.6,-9.804011,0.));
#3690 = LINE('',#3691,#3692);
#3691 = CARTESIAN_POINT('',(228.6,-9.804011,0.));
#3692 = VECTOR('',#3693,1.);
#3693 = DIRECTION('',(0.,-1.,0.));
#3694 = ORIENTED_EDGE('',*,*,#3695,.F.);
#3695 = EDGE_CURVE('',#3696,#3688,#3698,.T.);
#3696 = VERTEX_POINT('',#3697);
#3697 = CARTESIAN_POINT('',(227.6,-8.804011,0.));
#3698 = CIRCLE('',#3699,1.);
#3699 = AXIS2_PLACEMENT_3D('',#3700,#3701,#3702);
#3700 = CARTESIAN_POINT('',(227.6,-9.804011,0.));
#3701 = DIRECTION('',(0.,0.,-1.));
#3702 = DIRECTION('',(1.,0.,0.));
#3703 = ORIENTED_EDGE('',*,*,#3704,.F.);
#3704 = EDGE_CURVE('',#3705,#3696,#3707,.T.);
#3705 = VERTEX_POINT('',#3706);
#3706 = CARTESIAN_POINT('',(199.6,-8.804011,0.));
#3707 = LINE('',#3708,#3709);
#3708 = CARTESIAN_POINT('',(199.6,-8.804011,0.));
#3709 = VECTOR('',#3710,1.);
#3710 = DIRECTION('',(1.,0.,0.));
#3711 = ORIENTED_EDGE('',*,*,#3712,.F.);
#3712 = EDGE_CURVE('',#3654,#3705,#3713,.T.);
#3713 = CIRCLE('',#3714,1.);
#3714 = AXIS2_PLACEMENT_3D('',#3715,#3716,#3717);
#3715 = CARTESIAN_POINT('',(199.6,-9.804011,0.));
#3716 = DIRECTION('',(0.,0.,-1.));
#3717 = DIRECTION('',(1.,0.,0.));
#3718 = FACE_BOUND('',#3719,.T.);
#3719 = EDGE_LOOP('',(#3720,#3731,#3739,#3748,#3756,#3765,#3773,#3782));
#3720 = ORIENTED_EDGE('',*,*,#3721,.T.);
#3721 = EDGE_CURVE('',#3722,#3724,#3726,.T.);
#3722 = VERTEX_POINT('',#3723);
#3723 = CARTESIAN_POINT('',(5.3,-31.316567,0.));
#3724 = VERTEX_POINT('',#3725);
#3725 = CARTESIAN_POINT('',(4.3,-32.316567,0.));
#3726 = CIRCLE('',#3727,1.);
#3727 = AXIS2_PLACEMENT_3D('',#3728,#3729,#3730);
#3728 = CARTESIAN_POINT('',(5.3,-32.316567,0.));
#3729 = DIRECTION('',(0.,0.,1.));
#3730 = DIRECTION('',(1.,0.,0.));
#3731 = ORIENTED_EDGE('',*,*,#3732,.T.);
#3732 = EDGE_CURVE('',#3724,#3733,#3735,.T.);
#3733 = VERTEX_POINT('',#3734);
#3734 = CARTESIAN_POINT('',(4.3,-33.926352,0.));
#3735 = LINE('',#3736,#3737);
#3736 = CARTESIAN_POINT('',(4.3,-32.316567,0.));
#3737 = VECTOR('',#3738,1.);
#3738 = DIRECTION('',(0.,-1.,0.));
#3739 = ORIENTED_EDGE('',*,*,#3740,.T.);
#3740 = EDGE_CURVE('',#3733,#3741,#3743,.T.);
#3741 = VERTEX_POINT('',#3742);
#3742 = CARTESIAN_POINT('',(5.3,-34.926352,0.));
#3743 = CIRCLE('',#3744,1.);
#3744 = AXIS2_PLACEMENT_3D('',#3745,#3746,#3747);
#3745 = CARTESIAN_POINT('',(5.3,-33.926352,0.));
#3746 = DIRECTION('',(0.,0.,1.));
#3747 = DIRECTION('',(1.,0.,0.));
#3748 = ORIENTED_EDGE('',*,*,#3749,.T.);
#3749 = EDGE_CURVE('',#3741,#3750,#3752,.T.);
#3750 = VERTEX_POINT('',#3751);
#3751 = CARTESIAN_POINT('',(232.830581,-34.926352,0.));
#3752 = LINE('',#3753,#3754);
#3753 = CARTESIAN_POINT('',(5.3,-34.926352,0.));
#3754 = VECTOR('',#3755,1.);
#3755 = DIRECTION('',(1.,0.,0.));
#3756 = ORIENTED_EDGE('',*,*,#3757,.T.);
#3757 = EDGE_CURVE('',#3750,#3758,#3760,.T.);
#3758 = VERTEX_POINT('',#3759);
#3759 = CARTESIAN_POINT('',(233.830581,-33.926352,0.));
#3760 = CIRCLE('',#3761,1.);
#3761 = AXIS2_PLACEMENT_3D('',#3762,#3763,#3764);
#3762 = CARTESIAN_POINT('',(232.830581,-33.926352,0.));
#3763 = DIRECTION('',(0.,0.,1.));
#3764 = DIRECTION('',(1.,0.,0.));
#3765 = ORIENTED_EDGE('',*,*,#3766,.T.);
#3766 = EDGE_CURVE('',#3758,#3767,#3769,.T.);
#3767 = VERTEX_POINT('',#3768);
#3768 = CARTESIAN_POINT('',(233.830581,-32.316567,0.));
#3769 = LINE('',#3770,#3771);
#3770 = CARTESIAN_POINT('',(233.830581,-33.926352,0.));
#3771 = VECTOR('',#3772,1.);
#3772 = DIRECTION('',(0.,1.,0.));
#3773 = ORIENTED_EDGE('',*,*,#3774,.T.);
#3774 = EDGE_CURVE('',#3767,#3775,#3777,.T.);
#3775 = VERTEX_POINT('',#3776);
#3776 = CARTESIAN_POINT('',(232.830581,-31.316567,0.));
#3777 = CIRCLE('',#3778,1.);
#3778 = AXIS2_PLACEMENT_3D('',#3779,#3780,#3781);
#3779 = CARTESIAN_POINT('',(232.830581,-32.316567,0.));
#3780 = DIRECTION('',(0.,0.,1.));
#3781 = DIRECTION('',(1.,0.,0.));
#3782 = ORIENTED_EDGE('',*,*,#3783,.T.);
#3783 = EDGE_CURVE('',#3775,#3722,#3784,.T.);
#3784 = LINE('',#3785,#3786);
#3785 = CARTESIAN_POINT('',(232.830581,-31.316567,0.));
#3786 = VECTOR('',#3787,1.);
#3787 = DIRECTION('',(-1.,0.,0.));
#3788 = FACE_BOUND('',#3789,.T.);
#3789 = EDGE_LOOP('',(#3790,#3801,#3809,#3818,#3826,#3835,#3843,#3852));
#3790 = ORIENTED_EDGE('',*,*,#3791,.T.);
#3791 = EDGE_CURVE('',#3792,#3794,#3796,.T.);
#3792 = VERTEX_POINT('',#3793);
#3793 = CARTESIAN_POINT('',(5.3,-25.766567,0.));
#3794 = VERTEX_POINT('',#3795);
#3795 = CARTESIAN_POINT('',(4.3,-26.766567,0.));
#3796 = CIRCLE('',#3797,1.);
#3797 = AXIS2_PLACEMENT_3D('',#3798,#3799,#3800);
#3798 = CARTESIAN_POINT('',(5.3,-26.766567,0.));
#3799 = DIRECTION('',(0.,0.,1.));
#3800 = DIRECTION('',(1.,0.,0.));
#3801 = ORIENTED_EDGE('',*,*,#3802,.T.);
#3802 = EDGE_CURVE('',#3794,#3803,#3805,.T.);
#3803 = VERTEX_POINT('',#3804);
#3804 = CARTESIAN_POINT('',(4.3,-28.376352,0.));
#3805 = LINE('',#3806,#3807);
#3806 = CARTESIAN_POINT('',(4.3,-26.766567,0.));
#3807 = VECTOR('',#3808,1.);
#3808 = DIRECTION('',(0.,-1.,0.));
#3809 = ORIENTED_EDGE('',*,*,#3810,.T.);
#3810 = EDGE_CURVE('',#3803,#3811,#3813,.T.);
#3811 = VERTEX_POINT('',#3812);
#3812 = CARTESIAN_POINT('',(5.3,-29.376352,0.));
#3813 = CIRCLE('',#3814,1.);
#3814 = AXIS2_PLACEMENT_3D('',#3815,#3816,#3817);
#3815 = CARTESIAN_POINT('',(5.3,-28.376352,0.));
#3816 = DIRECTION('',(0.,0.,1.));
#3817 = DIRECTION('',(1.,0.,0.));
#3818 = ORIENTED_EDGE('',*,*,#3819,.T.);
#3819 = EDGE_CURVE('',#3811,#3820,#3822,.T.);
#3820 = VERTEX_POINT('',#3821);
#3821 = CARTESIAN_POINT('',(232.830581,-29.376352,0.));
#3822 = LINE('',#3823,#3824);
#3823 = CARTESIAN_POINT('',(5.3,-29.376352,0.));
#3824 = VECTOR('',#3825,1.);
#3825 = DIRECTION('',(1.,0.,0.));
#3826 = ORIENTED_EDGE('',*,*,#3827,.T.);
#3827 = EDGE_CURVE('',#3820,#3828,#3830,.T.);
#3828 = VERTEX_POINT('',#3829);
#3829 = CARTESIAN_POINT('',(233.830581,-28.376352,0.));
#3830 = CIRCLE('',#3831,1.);
#3831 = AXIS2_PLACEMENT_3D('',#3832,#3833,#3834);
#3832 = CARTESIAN_POINT('',(232.830581,-28.376352,0.));
#3833 = DIRECTION('',(0.,0.,1.));
#3834 = DIRECTION('',(1.,0.,0.));
#3835 = ORIENTED_EDGE('',*,*,#3836,.T.);
#3836 = EDGE_CURVE('',#3828,#3837,#3839,.T.);
#3837 = VERTEX_POINT('',#3838);
#3838 = CARTESIAN_POINT('',(233.830581,-26.766567,0.));
#3839 = LINE('',#3840,#3841);
#3840 = CARTESIAN_POINT('',(233.830581,-28.376352,0.));
#3841 = VECTOR('',#3842,1.);
#3842 = DIRECTION('',(0.,1.,0.));
#3843 = ORIENTED_EDGE('',*,*,#3844,.T.);
#3844 = EDGE_CURVE('',#3837,#3845,#3847,.T.);
#3845 = VERTEX_POINT('',#3846);
#3846 = CARTESIAN_POINT('',(232.830581,-25.766567,0.));
#3847 = CIRCLE('',#3848,1.);
#3848 = AXIS2_PLACEMENT_3D('',#3849,#3850,#3851);
#3849 = CARTESIAN_POINT('',(232.830581,-26.766567,0.));
#3850 = DIRECTION('',(0.,0.,1.));
#3851 = DIRECTION('',(1.,0.,0.));
#3852 = ORIENTED_EDGE('',*,*,#3853,.T.);
#3853 = EDGE_CURVE('',#3845,#3792,#3854,.T.);
#3854 = LINE('',#3855,#3856);
#3855 = CARTESIAN_POINT('',(232.830581,-25.766567,0.));
#3856 = VECTOR('',#3857,1.);
#3857 = DIRECTION('',(-1.,0.,0.));
#3858 = FACE_BOUND('',#3859,.T.);
#3859 = EDGE_LOOP('',(#3860,#3871,#3879,#3888,#3896,#3905,#3913,#3922));
#3860 = ORIENTED_EDGE('',*,*,#3861,.T.);
#3861 = EDGE_CURVE('',#3862,#3864,#3866,.T.);
#3862 = VERTEX_POINT('',#3863);
#3863 = CARTESIAN_POINT('',(5.3,-20.216567,0.));
#3864 = VERTEX_POINT('',#3865);
#3865 = CARTESIAN_POINT('',(4.3,-21.216567,0.));
#3866 = CIRCLE('',#3867,1.);
#3867 = AXIS2_PLACEMENT_3D('',#3868,#3869,#3870);
#3868 = CARTESIAN_POINT('',(5.3,-21.216567,0.));
#3869 = DIRECTION('',(0.,0.,1.));
#3870 = DIRECTION('',(1.,0.,0.));
#3871 = ORIENTED_EDGE('',*,*,#3872,.T.);
#3872 = EDGE_CURVE('',#3864,#3873,#3875,.T.);
#3873 = VERTEX_POINT('',#3874);
#3874 = CARTESIAN_POINT('',(4.3,-22.826352,0.));
#3875 = LINE('',#3876,#3877);
#3876 = CARTESIAN_POINT('',(4.3,-21.216567,0.));
#3877 = VECTOR('',#3878,1.);
#3878 = DIRECTION('',(0.,-1.,0.));
#3879 = ORIENTED_EDGE('',*,*,#3880,.T.);
#3880 = EDGE_CURVE('',#3873,#3881,#3883,.T.);
#3881 = VERTEX_POINT('',#3882);
#3882 = CARTESIAN_POINT('',(5.3,-23.826352,0.));
#3883 = CIRCLE('',#3884,1.);
#3884 = AXIS2_PLACEMENT_3D('',#3885,#3886,#3887);
#3885 = CARTESIAN_POINT('',(5.3,-22.826352,0.));
#3886 = DIRECTION('',(0.,0.,1.));
#3887 = DIRECTION('',(1.,0.,0.));
#3888 = ORIENTED_EDGE('',*,*,#3889,.T.);
#3889 = EDGE_CURVE('',#3881,#3890,#3892,.T.);
#3890 = VERTEX_POINT('',#3891);
#3891 = CARTESIAN_POINT('',(232.830581,-23.826352,0.));
#3892 = LINE('',#3893,#3894);
#3893 = CARTESIAN_POINT('',(5.3,-23.826352,0.));
#3894 = VECTOR('',#3895,1.);
#3895 = DIRECTION('',(1.,0.,0.));
#3896 = ORIENTED_EDGE('',*,*,#3897,.T.);
#3897 = EDGE_CURVE('',#3890,#3898,#3900,.T.);
#3898 = VERTEX_POINT('',#3899);
#3899 = CARTESIAN_POINT('',(233.830581,-22.826352,0.));
#3900 = CIRCLE('',#3901,1.);
#3901 = AXIS2_PLACEMENT_3D('',#3902,#3903,#3904);
#3902 = CARTESIAN_POINT('',(232.830581,-22.826352,0.));
#3903 = DIRECTION('',(0.,0.,1.));
#3904 = DIRECTION('',(1.,0.,0.));
#3905 = ORIENTED_EDGE('',*,*,#3906,.T.);
#3906 = EDGE_CURVE('',#3898,#3907,#3909,.T.);
#3907 = VERTEX_POINT('',#3908);
#3908 = CARTESIAN_POINT('',(233.830581,-21.216567,0.));
#3909 = LINE('',#3910,#3911);
#3910 = CARTESIAN_POINT('',(233.830581,-22.826352,0.));
#3911 = VECTOR('',#3912,1.);
#3912 = DIRECTION('',(0.,1.,0.));
#3913 = ORIENTED_EDGE('',*,*,#3914,.T.);
#3914 = EDGE_CURVE('',#3907,#3915,#3917,.T.);
#3915 = VERTEX_POINT('',#3916);
#3916 = CARTESIAN_POINT('',(232.830581,-20.216567,0.));
#3917 = CIRCLE('',#3918,1.);
#3918 = AXIS2_PLACEMENT_3D('',#3919,#3920,#3921);
#3919 = CARTESIAN_POINT('',(232.830581,-21.216567,0.));
#3920 = DIRECTION('',(0.,0.,1.));
#3921 = DIRECTION('',(1.,0.,0.));
#3922 = ORIENTED_EDGE('',*,*,#3923,.T.);
#3923 = EDGE_CURVE('',#3915,#3862,#3924,.T.);
#3924 = LINE('',#3925,#3926);
#3925 = CARTESIAN_POINT('',(232.830581,-20.216567,0.));
#3926 = VECTOR('',#3927,1.);
#3927 = DIRECTION('',(-1.,0.,0.));
#3928 = FACE_BOUND('',#3929,.T.);
#3929 = EDGE_LOOP('',(#3930,#3941,#3949,#3958,#3966,#3975,#3983,#3992));
#3930 = ORIENTED_EDGE('',*,*,#3931,.T.);
#3931 = EDGE_CURVE('',#3932,#3934,#3936,.T.);
#3932 = VERTEX_POINT('',#3933);
#3933 = CARTESIAN_POINT('',(5.3,-14.666567,0.));
#3934 = VERTEX_POINT('',#3935);
#3935 = CARTESIAN_POINT('',(4.3,-15.666567,0.));
#3936 = CIRCLE('',#3937,1.);
#3937 = AXIS2_PLACEMENT_3D('',#3938,#3939,#3940);
#3938 = CARTESIAN_POINT('',(5.3,-15.666567,0.));
#3939 = DIRECTION('',(0.,0.,1.));
#3940 = DIRECTION('',(1.,0.,0.));
#3941 = ORIENTED_EDGE('',*,*,#3942,.T.);
#3942 = EDGE_CURVE('',#3934,#3943,#3945,.T.);
#3943 = VERTEX_POINT('',#3944);
#3944 = CARTESIAN_POINT('',(4.3,-17.276352,0.));
#3945 = LINE('',#3946,#3947);
#3946 = CARTESIAN_POINT('',(4.3,-15.666567,0.));
#3947 = VECTOR('',#3948,1.);
#3948 = DIRECTION('',(0.,-1.,0.));
#3949 = ORIENTED_EDGE('',*,*,#3950,.T.);
#3950 = EDGE_CURVE('',#3943,#3951,#3953,.T.);
#3951 = VERTEX_POINT('',#3952);
#3952 = CARTESIAN_POINT('',(5.3,-18.276352,0.));
#3953 = CIRCLE('',#3954,1.);
#3954 = AXIS2_PLACEMENT_3D('',#3955,#3956,#3957);
#3955 = CARTESIAN_POINT('',(5.3,-17.276352,0.));
#3956 = DIRECTION('',(0.,0.,1.));
#3957 = DIRECTION('',(1.,0.,0.));
#3958 = ORIENTED_EDGE('',*,*,#3959,.T.);
#3959 = EDGE_CURVE('',#3951,#3960,#3962,.T.);
#3960 = VERTEX_POINT('',#3961);
#3961 = CARTESIAN_POINT('',(232.830581,-18.276352,0.));
#3962 = LINE('',#3963,#3964);
#3963 = CARTESIAN_POINT('',(5.3,-18.276352,0.));
#3964 = VECTOR('',#3965,1.);
#3965 = DIRECTION('',(1.,0.,0.));
#3966 = ORIENTED_EDGE('',*,*,#3967,.T.);
#3967 = EDGE_CURVE('',#3960,#3968,#3970,.T.);
#3968 = VERTEX_POINT('',#3969);
#3969 = CARTESIAN_POINT('',(233.830581,-17.276352,0.));
#3970 = CIRCLE('',#3971,1.);
#3971 = AXIS2_PLACEMENT_3D('',#3972,#3973,#3974);
#3972 = CARTESIAN_POINT('',(232.830581,-17.276352,0.));
#3973 = DIRECTION('',(0.,0.,1.));
#3974 = DIRECTION('',(1.,0.,0.));
#3975 = ORIENTED_EDGE('',*,*,#3976,.T.);
#3976 = EDGE_CURVE('',#3968,#3977,#3979,.T.);
#3977 = VERTEX_POINT('',#3978);
#3978 = CARTESIAN_POINT('',(233.830581,-15.666567,0.));
#3979 = LINE('',#3980,#3981);
#3980 = CARTESIAN_POINT('',(233.830581,-17.276352,0.));
#3981 = VECTOR('',#3982,1.);
#3982 = DIRECTION('',(0.,1.,0.));
#3983 = ORIENTED_EDGE('',*,*,#3984,.T.);
#3984 = EDGE_CURVE('',#3977,#3985,#3987,.T.);
#3985 = VERTEX_POINT('',#3986);
#3986 = CARTESIAN_POINT('',(232.830581,-14.666567,0.));
#3987 = CIRCLE('',#3988,1.);
#3988 = AXIS2_PLACEMENT_3D('',#3989,#3990,#3991);
#3989 = CARTESIAN_POINT('',(232.830581,-15.666567,0.));
#3990 = DIRECTION('',(0.,0.,1.));
#3991 = DIRECTION('',(1.,0.,0.));
#3992 = ORIENTED_EDGE('',*,*,#3993,.T.);
#3993 = EDGE_CURVE('',#3985,#3932,#3994,.T.);
#3994 = LINE('',#3995,#3996);
#3995 = CARTESIAN_POINT('',(232.830581,-14.666567,0.));
#3996 = VECTOR('',#3997,1.);
#3997 = DIRECTION('',(-1.,0.,0.));
#3998 = FACE_BOUND('',#3999,.T.);
#3999 = EDGE_LOOP('',(#4000,#4011,#4019,#4028,#4036,#4045,#4053,#4062));
#4000 = ORIENTED_EDGE('',*,*,#4001,.T.);
#4001 = EDGE_CURVE('',#4002,#4004,#4006,.T.);
#4002 = VERTEX_POINT('',#4003);
#4003 = CARTESIAN_POINT('',(5.3,-2.566567,0.));
#4004 = VERTEX_POINT('',#4005);
#4005 = CARTESIAN_POINT('',(4.3,-3.566567,0.));
#4006 = CIRCLE('',#4007,1.);
#4007 = AXIS2_PLACEMENT_3D('',#4008,#4009,#4010);
#4008 = CARTESIAN_POINT('',(5.3,-3.566567,0.));
#4009 = DIRECTION('',(0.,0.,1.));
#4010 = DIRECTION('',(1.,0.,0.));
#4011 = ORIENTED_EDGE('',*,*,#4012,.T.);
#4012 = EDGE_CURVE('',#4004,#4013,#4015,.T.);
#4013 = VERTEX_POINT('',#4014);
#4014 = CARTESIAN_POINT('',(4.3,-5.176352,0.));
#4015 = LINE('',#4016,#4017);
#4016 = CARTESIAN_POINT('',(4.3,-3.566567,0.));
#4017 = VECTOR('',#4018,1.);
#4018 = DIRECTION('',(0.,-1.,0.));
#4019 = ORIENTED_EDGE('',*,*,#4020,.T.);
#4020 = EDGE_CURVE('',#4013,#4021,#4023,.T.);
#4021 = VERTEX_POINT('',#4022);
#4022 = CARTESIAN_POINT('',(5.3,-6.176352,0.));
#4023 = CIRCLE('',#4024,1.);
#4024 = AXIS2_PLACEMENT_3D('',#4025,#4026,#4027);
#4025 = CARTESIAN_POINT('',(5.3,-5.176352,0.));
#4026 = DIRECTION('',(0.,0.,1.));
#4027 = DIRECTION('',(1.,0.,0.));
#4028 = ORIENTED_EDGE('',*,*,#4029,.T.);
#4029 = EDGE_CURVE('',#4021,#4030,#4032,.T.);
#4030 = VERTEX_POINT('',#4031);
#4031 = CARTESIAN_POINT('',(232.830581,-6.176352,0.));
#4032 = LINE('',#4033,#4034);
#4033 = CARTESIAN_POINT('',(5.3,-6.176352,0.));
#4034 = VECTOR('',#4035,1.);
#4035 = DIRECTION('',(1.,0.,0.));
#4036 = ORIENTED_EDGE('',*,*,#4037,.T.);
#4037 = EDGE_CURVE('',#4030,#4038,#4040,.T.);
#4038 = VERTEX_POINT('',#4039);
#4039 = CARTESIAN_POINT('',(233.830581,-5.176352,0.));
#4040 = CIRCLE('',#4041,1.);
#4041 = AXIS2_PLACEMENT_3D('',#4042,#4043,#4044);
#4042 = CARTESIAN_POINT('',(232.830581,-5.176352,0.));
#4043 = DIRECTION('',(0.,0.,1.));
#4044 = DIRECTION('',(1.,0.,0.));
#4045 = ORIENTED_EDGE('',*,*,#4046,.T.);
#4046 = EDGE_CURVE('',#4038,#4047,#4049,.T.);
#4047 = VERTEX_POINT('',#4048);
#4048 = CARTESIAN_POINT('',(233.830581,-3.566567,0.));
#4049 = LINE('',#4050,#4051);
#4050 = CARTESIAN_POINT('',(233.830581,-5.176352,0.));
#4051 = VECTOR('',#4052,1.);
#4052 = DIRECTION('',(0.,1.,0.));
#4053 = ORIENTED_EDGE('',*,*,#4054,.T.);
#4054 = EDGE_CURVE('',#4047,#4055,#4057,.T.);
#4055 = VERTEX_POINT('',#4056);
#4056 = CARTESIAN_POINT('',(232.830581,-2.566567,0.));
#4057 = CIRCLE('',#4058,1.);
#4058 = AXIS2_PLACEMENT_3D('',#4059,#4060,#4061);
#4059 = CARTESIAN_POINT('',(232.830581,-3.566567,0.));
#4060 = DIRECTION('',(0.,0.,1.));
#4061 = DIRECTION('',(1.,0.,0.));
#4062 = ORIENTED_EDGE('',*,*,#4063,.T.);
#4063 = EDGE_CURVE('',#4055,#4002,#4064,.T.);
#4064 = LINE('',#4065,#4066);
#4065 = CARTESIAN_POINT('',(232.830581,-2.566567,0.));
#4066 = VECTOR('',#4067,1.);
#4067 = DIRECTION('',(-1.,0.,0.));
#4068 = FACE_BOUND('',#4069,.T.);
#4069 = EDGE_LOOP('',(#4070,#4080,#4089,#4097,#4106,#4114,#4123,#4131));
#4070 = ORIENTED_EDGE('',*,*,#4071,.F.);
#4071 = EDGE_CURVE('',#4072,#4074,#4076,.T.);
#4072 = VERTEX_POINT('',#4073);
#4073 = CARTESIAN_POINT('',(9.592814664638,-11.29710805964,0.));
#4074 = VERTEX_POINT('',#4075);
#4075 = CARTESIAN_POINT('',(9.597130817033,-9.797122549187,0.));
#4076 = LINE('',#4077,#4078);
#4077 = CARTESIAN_POINT('',(9.592814664638,-11.29710805964,0.));
#4078 = VECTOR('',#4079,1.);
#4079 = DIRECTION('',(2.877450812553E-03,0.99999586013,0.));
#4080 = ORIENTED_EDGE('',*,*,#4081,.F.);
#4081 = EDGE_CURVE('',#4082,#4072,#4084,.T.);
#4082 = VERTEX_POINT('',#4083);
#4083 = CARTESIAN_POINT('',(10.592810524768,-12.29998551045,0.));
#4084 = CIRCLE('',#4085,1.);
#4085 = AXIS2_PLACEMENT_3D('',#4086,#4087,#4088);
#4086 = CARTESIAN_POINT('',(10.592810524768,-11.29998551045,0.));
#4087 = DIRECTION('',(0.,0.,-1.));
#4088 = DIRECTION('',(1.,0.,0.));
#4089 = ORIENTED_EDGE('',*,*,#4090,.F.);
#4090 = EDGE_CURVE('',#4091,#4082,#4093,.T.);
#4091 = VERTEX_POINT('',#4092);
#4092 = CARTESIAN_POINT('',(38.589928922156,-12.29998551045,0.));
#4093 = LINE('',#4094,#4095);
#4094 = CARTESIAN_POINT('',(38.589928922156,-12.29998551045,0.));
#4095 = VECTOR('',#4096,1.);
#4096 = DIRECTION('',(-1.,0.,0.));
#4097 = ORIENTED_EDGE('',*,*,#4098,.F.);
#4098 = EDGE_CURVE('',#4099,#4091,#4101,.T.);
#4099 = VERTEX_POINT('',#4100);
#4100 = CARTESIAN_POINT('',(39.589928922156,-11.29998551045,0.));
#4101 = CIRCLE('',#4102,1.);
#4102 = AXIS2_PLACEMENT_3D('',#4103,#4104,#4105);
#4103 = CARTESIAN_POINT('',(38.589928922156,-11.29998551045,0.));
#4104 = DIRECTION('',(0.,0.,-1.));
#4105 = DIRECTION('',(1.,0.,0.));
#4106 = ORIENTED_EDGE('',*,*,#4107,.F.);
#4107 = EDGE_CURVE('',#4108,#4099,#4110,.T.);
#4108 = VERTEX_POINT('',#4109);
#4109 = CARTESIAN_POINT('',(39.589928922155,-9.799999999967,0.));
#4110 = LINE('',#4111,#4112);
#4111 = CARTESIAN_POINT('',(39.589928922156,-9.799999999967,0.));
#4112 = VECTOR('',#4113,1.);
#4113 = DIRECTION('',(0.,-1.,0.));
#4114 = ORIENTED_EDGE('',*,*,#4115,.F.);
#4115 = EDGE_CURVE('',#4116,#4108,#4118,.T.);
#4116 = VERTEX_POINT('',#4117);
#4117 = CARTESIAN_POINT('',(38.58992892219,-8.800000000001,0.));
#4118 = CIRCLE('',#4119,1.);
#4119 = AXIS2_PLACEMENT_3D('',#4120,#4121,#4122);
#4120 = CARTESIAN_POINT('',(38.589928922155,-9.800000000001,0.));
#4121 = DIRECTION('',(0.,0.,-1.));
#4122 = DIRECTION('',(1.,0.,0.));
#4123 = ORIENTED_EDGE('',*,*,#4124,.F.);
#4124 = EDGE_CURVE('',#4125,#4116,#4127,.T.);
#4125 = VERTEX_POINT('',#4126);
#4126 = CARTESIAN_POINT('',(10.597126677162,-8.800000000001,0.));
#4127 = LINE('',#4128,#4129);
#4128 = CARTESIAN_POINT('',(10.597126677162,-8.800000000001,0.));
#4129 = VECTOR('',#4130,1.);
#4130 = DIRECTION('',(1.,0.,0.));
#4131 = ORIENTED_EDGE('',*,*,#4132,.F.);
#4132 = EDGE_CURVE('',#4074,#4125,#4133,.T.);
#4133 = CIRCLE('',#4134,1.);
#4134 = AXIS2_PLACEMENT_3D('',#4135,#4136,#4137);
#4135 = CARTESIAN_POINT('',(10.597126677162,-9.8,0.));
#4136 = DIRECTION('',(0.,0.,-1.));
#4137 = DIRECTION('',(1.,0.,0.));
#4138 = PLANE('',#4139);
#4139 = AXIS2_PLACEMENT_3D('',#4140,#4141,#4142);
#4140 = CARTESIAN_POINT('',(119.065,-38.55,0.));
#4141 = DIRECTION('',(-0.,-0.,-1.));
#4142 = DIRECTION('',(-1.,0.,0.));
#4143 = ADVANCED_FACE('',(#4144),#4155,.T.);
#4144 = FACE_BOUND('',#4145,.T.);
#4145 = EDGE_LOOP('',(#4146,#4147,#4153,#4154));
#4146 = ORIENTED_EDGE('',*,*,#2992,.F.);
#4147 = ORIENTED_EDGE('',*,*,#4148,.T.);
#4148 = EDGE_CURVE('',#2984,#2901,#4149,.T.);
#4149 = LINE('',#4150,#4151);
#4150 = CARTESIAN_POINT('',(241.13,-74.1,2.7));
#4151 = VECTOR('',#4152,1.);
#4152 = DIRECTION('',(0.,1.,0.));
#4153 = ORIENTED_EDGE('',*,*,#2909,.T.);
#4154 = ORIENTED_EDGE('',*,*,#2883,.F.);
#4155 = PLANE('',#4156);
#4156 = AXIS2_PLACEMENT_3D('',#4157,#4158,#4159);
#4157 = CARTESIAN_POINT('',(241.13,-38.55,7.));
#4158 = DIRECTION('',(1.,0.,0.));
#4159 = DIRECTION('',(0.,0.,1.));
#4160 = ADVANCED_FACE('',(#4161),#4173,.T.);
#4161 = FACE_BOUND('',#4162,.F.);
#4162 = EDGE_LOOP('',(#4163,#4170,#4171,#4172));
#4163 = ORIENTED_EDGE('',*,*,#4164,.F.);
#4164 = EDGE_CURVE('',#2901,#3066,#4165,.T.);
#4165 = CIRCLE('',#4166,2.7);
#4166 = AXIS2_PLACEMENT_3D('',#4167,#4168,#4169);
#4167 = CARTESIAN_POINT('',(238.43,-3.,2.7));
#4168 = DIRECTION('',(-0.,1.,0.));
#4169 = DIRECTION('',(1.,0.,0.));
#4170 = ORIENTED_EDGE('',*,*,#2900,.T.);
#4171 = ORIENTED_EDGE('',*,*,#3025,.T.);
#4172 = ORIENTED_EDGE('',*,*,#3065,.F.);
#4173 = TOROIDAL_SURFACE('',#4174,3.3,2.7);
#4174 = AXIS2_PLACEMENT_3D('',#4175,#4176,#4177);
#4175 = CARTESIAN_POINT('',(235.13,-3.,2.7));
#4176 = DIRECTION('',(0.,0.,-1.));
#4177 = DIRECTION('',(1.,3.E-16,0.));
#4178 = ADVANCED_FACE('',(#4179),#4191,.T.);
#4179 = FACE_BOUND('',#4180,.T.);
#4180 = EDGE_LOOP('',(#4181,#4182,#4183,#4190));
#4181 = ORIENTED_EDGE('',*,*,#2934,.T.);
#4182 = ORIENTED_EDGE('',*,*,#3053,.T.);
#4183 = ORIENTED_EDGE('',*,*,#4184,.F.);
#4184 = EDGE_CURVE('',#2960,#3054,#4185,.T.);
#4185 = CIRCLE('',#4186,2.7);
#4186 = AXIS2_PLACEMENT_3D('',#4187,#4188,#4189);
#4187 = CARTESIAN_POINT('',(235.13,-77.4,2.7));
#4188 = DIRECTION('',(1.,0.,0.));
#4189 = DIRECTION('',(0.,-1.,0.));
#4190 = ORIENTED_EDGE('',*,*,#2959,.F.);
#4191 = CYLINDRICAL_SURFACE('',#4192,2.7);
#4192 = AXIS2_PLACEMENT_3D('',#4193,#4194,#4195);
#4193 = CARTESIAN_POINT('',(3.,-77.4,2.7));
#4194 = DIRECTION('',(1.,0.,0.));
#4195 = DIRECTION('',(0.,-1.,0.));
#4196 = ADVANCED_FACE('',(#4197),#4209,.T.);
#4197 = FACE_BOUND('',#4198,.F.);
#4198 = EDGE_LOOP('',(#4199,#4200,#4201,#4208));
#4199 = ORIENTED_EDGE('',*,*,#4184,.F.);
#4200 = ORIENTED_EDGE('',*,*,#2983,.T.);
#4201 = ORIENTED_EDGE('',*,*,#4202,.T.);
#4202 = EDGE_CURVE('',#2984,#3075,#4203,.T.);
#4203 = CIRCLE('',#4204,2.7);
#4204 = AXIS2_PLACEMENT_3D('',#4205,#4206,#4207);
#4205 = CARTESIAN_POINT('',(238.43,-74.1,2.7));
#4206 = DIRECTION('',(6.E-17,1.,0.));
#4207 = DIRECTION('',(1.,-6.E-17,0.));
#4208 = ORIENTED_EDGE('',*,*,#3082,.F.);
#4209 = TOROIDAL_SURFACE('',#4210,3.3,2.7);
#4210 = AXIS2_PLACEMENT_3D('',#4211,#4212,#4213);
#4211 = CARTESIAN_POINT('',(235.13,-74.1,2.7));
#4212 = DIRECTION('',(0.,0.,-1.));
#4213 = DIRECTION('',(0.,-1.,0.));
#4214 = ADVANCED_FACE('',(#4215),#4221,.T.);
#4215 = FACE_BOUND('',#4216,.T.);
#4216 = EDGE_LOOP('',(#4217,#4218,#4219,#4220));
#4217 = ORIENTED_EDGE('',*,*,#4202,.T.);
#4218 = ORIENTED_EDGE('',*,*,#3074,.T.);
#4219 = ORIENTED_EDGE('',*,*,#4164,.F.);
#4220 = ORIENTED_EDGE('',*,*,#4148,.F.);
#4221 = CYLINDRICAL_SURFACE('',#4222,2.7);
#4222 = AXIS2_PLACEMENT_3D('',#4223,#4224,#4225);
#4223 = CARTESIAN_POINT('',(238.43,-74.1,2.7));
#4224 = DIRECTION('',(0.,1.,0.));
#4225 = DIRECTION('',(1.,0.,0.));
#4226 = ADVANCED_FACE('',(#4227),#4252,.F.);
#4227 = FACE_BOUND('',#4228,.F.);
#4228 = EDGE_LOOP('',(#4229,#4237,#4245,#4251));
#4229 = ORIENTED_EDGE('',*,*,#4230,.T.);
#4230 = EDGE_CURVE('',#3092,#4231,#4233,.T.);
#4231 = VERTEX_POINT('',#4232);
#4232 = CARTESIAN_POINT('',(198.6,-67.3,1.1));
#4233 = LINE('',#4234,#4235);
#4234 = CARTESIAN_POINT('',(198.6,-67.3,0.));
#4235 = VECTOR('',#4236,1.);
#4236 = DIRECTION('',(0.,0.,1.));
#4237 = ORIENTED_EDGE('',*,*,#4238,.T.);
#4238 = EDGE_CURVE('',#4231,#4239,#4241,.T.);
#4239 = VERTEX_POINT('',#4240);
#4240 = CARTESIAN_POINT('',(198.6,-65.8,1.1));
#4241 = LINE('',#4242,#4243);
#4242 = CARTESIAN_POINT('',(198.6,-67.3,1.1));
#4243 = VECTOR('',#4244,1.);
#4244 = DIRECTION('',(0.,1.,0.));
#4245 = ORIENTED_EDGE('',*,*,#4246,.F.);
#4246 = EDGE_CURVE('',#3094,#4239,#4247,.T.);
#4247 = LINE('',#4248,#4249);
#4248 = CARTESIAN_POINT('',(198.6,-65.8,0.));
#4249 = VECTOR('',#4250,1.);
#4250 = DIRECTION('',(0.,0.,1.));
#4251 = ORIENTED_EDGE('',*,*,#3091,.F.);
#4252 = PLANE('',#4253);
#4253 = AXIS2_PLACEMENT_3D('',#4254,#4255,#4256);
#4254 = CARTESIAN_POINT('',(198.6,-67.3,0.));
#4255 = DIRECTION('',(-1.,0.,0.));
#4256 = DIRECTION('',(0.,1.,0.));
#4257 = ADVANCED_FACE('',(#4258),#4277,.F.);
#4258 = FACE_BOUND('',#4259,.F.);
#4259 = EDGE_LOOP('',(#4260,#4268,#4275,#4276));
#4260 = ORIENTED_EDGE('',*,*,#4261,.T.);
#4261 = EDGE_CURVE('',#3102,#4262,#4264,.T.);
#4262 = VERTEX_POINT('',#4263);
#4263 = CARTESIAN_POINT('',(199.6,-68.3,1.1));
#4264 = LINE('',#4265,#4266);
#4265 = CARTESIAN_POINT('',(199.6,-68.3,0.));
#4266 = VECTOR('',#4267,1.);
#4267 = DIRECTION('',(0.,0.,1.));
#4268 = ORIENTED_EDGE('',*,*,#4269,.T.);
#4269 = EDGE_CURVE('',#4262,#4231,#4270,.T.);
#4270 = CIRCLE('',#4271,1.);
#4271 = AXIS2_PLACEMENT_3D('',#4272,#4273,#4274);
#4272 = CARTESIAN_POINT('',(199.6,-67.3,1.1));
#4273 = DIRECTION('',(0.,0.,-1.));
#4274 = DIRECTION('',(1.,0.,0.));
#4275 = ORIENTED_EDGE('',*,*,#4230,.F.);
#4276 = ORIENTED_EDGE('',*,*,#3101,.F.);
#4277 = CYLINDRICAL_SURFACE('',#4278,1.);
#4278 = AXIS2_PLACEMENT_3D('',#4279,#4280,#4281);
#4279 = CARTESIAN_POINT('',(199.6,-67.3,0.));
#4280 = DIRECTION('',(0.,0.,-1.));
#4281 = DIRECTION('',(1.,0.,0.));
#4282 = ADVANCED_FACE('',(#4283),#4302,.F.);
#4283 = FACE_BOUND('',#4284,.F.);
#4284 = EDGE_LOOP('',(#4285,#4286,#4295,#4301));
#4285 = ORIENTED_EDGE('',*,*,#4246,.T.);
#4286 = ORIENTED_EDGE('',*,*,#4287,.T.);
#4287 = EDGE_CURVE('',#4239,#4288,#4290,.T.);
#4288 = VERTEX_POINT('',#4289);
#4289 = CARTESIAN_POINT('',(199.6,-64.8,1.1));
#4290 = CIRCLE('',#4291,1.);
#4291 = AXIS2_PLACEMENT_3D('',#4292,#4293,#4294);
#4292 = CARTESIAN_POINT('',(199.6,-65.8,1.1));
#4293 = DIRECTION('',(0.,0.,-1.));
#4294 = DIRECTION('',(1.,0.,0.));
#4295 = ORIENTED_EDGE('',*,*,#4296,.F.);
#4296 = EDGE_CURVE('',#3145,#4288,#4297,.T.);
#4297 = LINE('',#4298,#4299);
#4298 = CARTESIAN_POINT('',(199.6,-64.8,0.));
#4299 = VECTOR('',#4300,1.);
#4300 = DIRECTION('',(0.,0.,1.));
#4301 = ORIENTED_EDGE('',*,*,#3152,.F.);
#4302 = CYLINDRICAL_SURFACE('',#4303,1.);
#4303 = AXIS2_PLACEMENT_3D('',#4304,#4305,#4306);
#4304 = CARTESIAN_POINT('',(199.6,-65.8,0.));
#4305 = DIRECTION('',(0.,0.,-1.));
#4306 = DIRECTION('',(1.,0.,0.));
#4307 = ADVANCED_FACE('',(#4308),#4326,.F.);
#4308 = FACE_BOUND('',#4309,.F.);
#4309 = EDGE_LOOP('',(#4310,#4318,#4324,#4325));
#4310 = ORIENTED_EDGE('',*,*,#4311,.T.);
#4311 = EDGE_CURVE('',#3111,#4312,#4314,.T.);
#4312 = VERTEX_POINT('',#4313);
#4313 = CARTESIAN_POINT('',(227.6,-68.3,1.1));
#4314 = LINE('',#4315,#4316);
#4315 = CARTESIAN_POINT('',(227.6,-68.3,0.));
#4316 = VECTOR('',#4317,1.);
#4317 = DIRECTION('',(0.,0.,1.));
#4318 = ORIENTED_EDGE('',*,*,#4319,.T.);
#4319 = EDGE_CURVE('',#4312,#4262,#4320,.T.);
#4320 = LINE('',#4321,#4322);
#4321 = CARTESIAN_POINT('',(227.6,-68.3,1.1));
#4322 = VECTOR('',#4323,1.);
#4323 = DIRECTION('',(-1.,0.,0.));
#4324 = ORIENTED_EDGE('',*,*,#4261,.F.);
#4325 = ORIENTED_EDGE('',*,*,#3110,.F.);
#4326 = PLANE('',#4327);
#4327 = AXIS2_PLACEMENT_3D('',#4328,#4329,#4330);
#4328 = CARTESIAN_POINT('',(227.6,-68.3,0.));
#4329 = DIRECTION('',(0.,-1.,0.));
#4330 = DIRECTION('',(-1.,0.,0.));
#4331 = ADVANCED_FACE('',(#4332),#4350,.F.);
#4332 = FACE_BOUND('',#4333,.F.);
#4333 = EDGE_LOOP('',(#4334,#4335,#4343,#4349));
#4334 = ORIENTED_EDGE('',*,*,#4296,.T.);
#4335 = ORIENTED_EDGE('',*,*,#4336,.T.);
#4336 = EDGE_CURVE('',#4288,#4337,#4339,.T.);
#4337 = VERTEX_POINT('',#4338);
#4338 = CARTESIAN_POINT('',(227.6,-64.8,1.1));
#4339 = LINE('',#4340,#4341);
#4340 = CARTESIAN_POINT('',(199.6,-64.8,1.1));
#4341 = VECTOR('',#4342,1.);
#4342 = DIRECTION('',(1.,0.,0.));
#4343 = ORIENTED_EDGE('',*,*,#4344,.F.);
#4344 = EDGE_CURVE('',#3136,#4337,#4345,.T.);
#4345 = LINE('',#4346,#4347);
#4346 = CARTESIAN_POINT('',(227.6,-64.8,0.));
#4347 = VECTOR('',#4348,1.);
#4348 = DIRECTION('',(0.,0.,1.));
#4349 = ORIENTED_EDGE('',*,*,#3144,.F.);
#4350 = PLANE('',#4351);
#4351 = AXIS2_PLACEMENT_3D('',#4352,#4353,#4354);
#4352 = CARTESIAN_POINT('',(199.6,-64.8,0.));
#4353 = DIRECTION('',(0.,1.,0.));
#4354 = DIRECTION('',(1.,0.,0.));
#4355 = ADVANCED_FACE('',(#4356),#4375,.F.);
#4356 = FACE_BOUND('',#4357,.F.);
#4357 = EDGE_LOOP('',(#4358,#4366,#4373,#4374));
#4358 = ORIENTED_EDGE('',*,*,#4359,.T.);
#4359 = EDGE_CURVE('',#3119,#4360,#4362,.T.);
#4360 = VERTEX_POINT('',#4361);
#4361 = CARTESIAN_POINT('',(228.6,-67.3,1.1));
#4362 = LINE('',#4363,#4364);
#4363 = CARTESIAN_POINT('',(228.6,-67.3,0.));
#4364 = VECTOR('',#4365,1.);
#4365 = DIRECTION('',(0.,0.,1.));
#4366 = ORIENTED_EDGE('',*,*,#4367,.T.);
#4367 = EDGE_CURVE('',#4360,#4312,#4368,.T.);
#4368 = CIRCLE('',#4369,1.);
#4369 = AXIS2_PLACEMENT_3D('',#4370,#4371,#4372);
#4370 = CARTESIAN_POINT('',(227.6,-67.3,1.1));
#4371 = DIRECTION('',(0.,0.,-1.));
#4372 = DIRECTION('',(1.,0.,0.));
#4373 = ORIENTED_EDGE('',*,*,#4311,.F.);
#4374 = ORIENTED_EDGE('',*,*,#3118,.F.);
#4375 = CYLINDRICAL_SURFACE('',#4376,1.);
#4376 = AXIS2_PLACEMENT_3D('',#4377,#4378,#4379);
#4377 = CARTESIAN_POINT('',(227.6,-67.3,0.));
#4378 = DIRECTION('',(0.,0.,-1.));
#4379 = DIRECTION('',(1.,0.,0.));
#4380 = ADVANCED_FACE('',(#4381),#4400,.F.);
#4381 = FACE_BOUND('',#4382,.F.);
#4382 = EDGE_LOOP('',(#4383,#4384,#4393,#4399));
#4383 = ORIENTED_EDGE('',*,*,#4344,.T.);
#4384 = ORIENTED_EDGE('',*,*,#4385,.T.);
#4385 = EDGE_CURVE('',#4337,#4386,#4388,.T.);
#4386 = VERTEX_POINT('',#4387);
#4387 = CARTESIAN_POINT('',(228.6,-65.8,1.1));
#4388 = CIRCLE('',#4389,1.);
#4389 = AXIS2_PLACEMENT_3D('',#4390,#4391,#4392);
#4390 = CARTESIAN_POINT('',(227.6,-65.8,1.1));
#4391 = DIRECTION('',(0.,0.,-1.));
#4392 = DIRECTION('',(1.,0.,0.));
#4393 = ORIENTED_EDGE('',*,*,#4394,.F.);
#4394 = EDGE_CURVE('',#3128,#4386,#4395,.T.);
#4395 = LINE('',#4396,#4397);
#4396 = CARTESIAN_POINT('',(228.6,-65.8,0.));
#4397 = VECTOR('',#4398,1.);
#4398 = DIRECTION('',(0.,0.,1.));
#4399 = ORIENTED_EDGE('',*,*,#3135,.F.);
#4400 = CYLINDRICAL_SURFACE('',#4401,1.);
#4401 = AXIS2_PLACEMENT_3D('',#4402,#4403,#4404);
#4402 = CARTESIAN_POINT('',(227.6,-65.8,0.));
#4403 = DIRECTION('',(0.,0.,-1.));
#4404 = DIRECTION('',(1.,0.,0.));
#4405 = ADVANCED_FACE('',(#4406),#4417,.F.);
#4406 = FACE_BOUND('',#4407,.F.);
#4407 = EDGE_LOOP('',(#4408,#4409,#4415,#4416));
#4408 = ORIENTED_EDGE('',*,*,#4394,.T.);
#4409 = ORIENTED_EDGE('',*,*,#4410,.T.);
#4410 = EDGE_CURVE('',#4386,#4360,#4411,.T.);
#4411 = LINE('',#4412,#4413);
#4412 = CARTESIAN_POINT('',(228.6,-65.8,1.1));
#4413 = VECTOR('',#4414,1.);
#4414 = DIRECTION('',(0.,-1.,0.));
#4415 = ORIENTED_EDGE('',*,*,#4359,.F.);
#4416 = ORIENTED_EDGE('',*,*,#3127,.F.);
#4417 = PLANE('',#4418);
#4418 = AXIS2_PLACEMENT_3D('',#4419,#4420,#4421);
#4419 = CARTESIAN_POINT('',(228.6,-65.8,0.));
#4420 = DIRECTION('',(1.,0.,0.));
#4421 = DIRECTION('',(0.,-1.,0.));
#4422 = ADVANCED_FACE('',(#4423),#4449,.F.);
#4423 = FACE_BOUND('',#4424,.T.);
#4424 = EDGE_LOOP('',(#4425,#4433,#4442,#4448));
#4425 = ORIENTED_EDGE('',*,*,#4426,.T.);
#4426 = EDGE_CURVE('',#3162,#4427,#4429,.T.);
#4427 = VERTEX_POINT('',#4428);
#4428 = CARTESIAN_POINT('',(5.3,-70.766567,1.));
#4429 = LINE('',#4430,#4431);
#4430 = CARTESIAN_POINT('',(5.3,-70.766567,0.));
#4431 = VECTOR('',#4432,1.);
#4432 = DIRECTION('',(0.,0.,1.));
#4433 = ORIENTED_EDGE('',*,*,#4434,.T.);
#4434 = EDGE_CURVE('',#4427,#4435,#4437,.T.);
#4435 = VERTEX_POINT('',#4436);
#4436 = CARTESIAN_POINT('',(4.3,-71.766567,1.));
#4437 = CIRCLE('',#4438,1.);
#4438 = AXIS2_PLACEMENT_3D('',#4439,#4440,#4441);
#4439 = CARTESIAN_POINT('',(5.3,-71.766567,1.));
#4440 = DIRECTION('',(0.,0.,1.));
#4441 = DIRECTION('',(1.,0.,0.));
#4442 = ORIENTED_EDGE('',*,*,#4443,.F.);
#4443 = EDGE_CURVE('',#3164,#4435,#4444,.T.);
#4444 = LINE('',#4445,#4446);
#4445 = CARTESIAN_POINT('',(4.3,-71.766567,0.));
#4446 = VECTOR('',#4447,1.);
#4447 = DIRECTION('',(0.,0.,1.));
#4448 = ORIENTED_EDGE('',*,*,#3161,.F.);
#4449 = CYLINDRICAL_SURFACE('',#4450,1.);
#4450 = AXIS2_PLACEMENT_3D('',#4451,#4452,#4453);
#4451 = CARTESIAN_POINT('',(5.3,-71.766567,0.));
#4452 = DIRECTION('',(-0.,-0.,-1.));
#4453 = DIRECTION('',(1.,0.,0.));
#4454 = ADVANCED_FACE('',(#4455),#4473,.T.);
#4455 = FACE_BOUND('',#4456,.T.);
#4456 = EDGE_LOOP('',(#4457,#4465,#4471,#4472));
#4457 = ORIENTED_EDGE('',*,*,#4458,.T.);
#4458 = EDGE_CURVE('',#3215,#4459,#4461,.T.);
#4459 = VERTEX_POINT('',#4460);
#4460 = CARTESIAN_POINT('',(232.830581,-70.766567,1.));
#4461 = LINE('',#4462,#4463);
#4462 = CARTESIAN_POINT('',(232.830581,-70.766567,0.));
#4463 = VECTOR('',#4464,1.);
#4464 = DIRECTION('',(0.,0.,1.));
#4465 = ORIENTED_EDGE('',*,*,#4466,.T.);
#4466 = EDGE_CURVE('',#4459,#4427,#4467,.T.);
#4467 = LINE('',#4468,#4469);
#4468 = CARTESIAN_POINT('',(232.830581,-70.766567,1.));
#4469 = VECTOR('',#4470,1.);
#4470 = DIRECTION('',(-1.,0.,0.));
#4471 = ORIENTED_EDGE('',*,*,#4426,.F.);
#4472 = ORIENTED_EDGE('',*,*,#3223,.F.);
#4473 = PLANE('',#4474);
#4474 = AXIS2_PLACEMENT_3D('',#4475,#4476,#4477);
#4475 = CARTESIAN_POINT('',(232.830581,-70.766567,0.));
#4476 = DIRECTION('',(0.,-1.,0.));
#4477 = DIRECTION('',(-1.,0.,0.));
#4478 = ADVANCED_FACE('',(#4479),#4498,.F.);
#4479 = FACE_BOUND('',#4480,.T.);
#4480 = EDGE_LOOP('',(#4481,#4489,#4496,#4497));
#4481 = ORIENTED_EDGE('',*,*,#4482,.T.);
#4482 = EDGE_CURVE('',#3207,#4483,#4485,.T.);
#4483 = VERTEX_POINT('',#4484);
#4484 = CARTESIAN_POINT('',(233.830581,-71.766567,1.));
#4485 = LINE('',#4486,#4487);
#4486 = CARTESIAN_POINT('',(233.830581,-71.766567,0.));
#4487 = VECTOR('',#4488,1.);
#4488 = DIRECTION('',(0.,0.,1.));
#4489 = ORIENTED_EDGE('',*,*,#4490,.T.);
#4490 = EDGE_CURVE('',#4483,#4459,#4491,.T.);
#4491 = CIRCLE('',#4492,1.);
#4492 = AXIS2_PLACEMENT_3D('',#4493,#4494,#4495);
#4493 = CARTESIAN_POINT('',(232.830581,-71.766567,1.));
#4494 = DIRECTION('',(0.,0.,1.));
#4495 = DIRECTION('',(1.,0.,0.));
#4496 = ORIENTED_EDGE('',*,*,#4458,.F.);
#4497 = ORIENTED_EDGE('',*,*,#3214,.F.);
#4498 = CYLINDRICAL_SURFACE('',#4499,1.);
#4499 = AXIS2_PLACEMENT_3D('',#4500,#4501,#4502);
#4500 = CARTESIAN_POINT('',(232.830581,-71.766567,0.));
#4501 = DIRECTION('',(-0.,-0.,-1.));
#4502 = DIRECTION('',(1.,0.,0.));
#4503 = ADVANCED_FACE('',(#4504),#4522,.T.);
#4504 = FACE_BOUND('',#4505,.T.);
#4505 = EDGE_LOOP('',(#4506,#4514,#4520,#4521));
#4506 = ORIENTED_EDGE('',*,*,#4507,.T.);
#4507 = EDGE_CURVE('',#3198,#4508,#4510,.T.);
#4508 = VERTEX_POINT('',#4509);
#4509 = CARTESIAN_POINT('',(233.830581,-73.376352,1.));
#4510 = LINE('',#4511,#4512);
#4511 = CARTESIAN_POINT('',(233.830581,-73.376352,0.));
#4512 = VECTOR('',#4513,1.);
#4513 = DIRECTION('',(0.,0.,1.));
#4514 = ORIENTED_EDGE('',*,*,#4515,.T.);
#4515 = EDGE_CURVE('',#4508,#4483,#4516,.T.);
#4516 = LINE('',#4517,#4518);
#4517 = CARTESIAN_POINT('',(233.830581,-73.376352,1.));
#4518 = VECTOR('',#4519,1.);
#4519 = DIRECTION('',(0.,1.,0.));
#4520 = ORIENTED_EDGE('',*,*,#4482,.F.);
#4521 = ORIENTED_EDGE('',*,*,#3206,.F.);
#4522 = PLANE('',#4523);
#4523 = AXIS2_PLACEMENT_3D('',#4524,#4525,#4526);
#4524 = CARTESIAN_POINT('',(233.830581,-73.376352,0.));
#4525 = DIRECTION('',(-1.,0.,0.));
#4526 = DIRECTION('',(0.,1.,0.));
#4527 = ADVANCED_FACE('',(#4528),#4547,.F.);
#4528 = FACE_BOUND('',#4529,.T.);
#4529 = EDGE_LOOP('',(#4530,#4538,#4545,#4546));
#4530 = ORIENTED_EDGE('',*,*,#4531,.T.);
#4531 = EDGE_CURVE('',#3190,#4532,#4534,.T.);
#4532 = VERTEX_POINT('',#4533);
#4533 = CARTESIAN_POINT('',(232.830581,-74.376352,1.));
#4534 = LINE('',#4535,#4536);
#4535 = CARTESIAN_POINT('',(232.830581,-74.376352,0.));
#4536 = VECTOR('',#4537,1.);
#4537 = DIRECTION('',(0.,0.,1.));
#4538 = ORIENTED_EDGE('',*,*,#4539,.T.);
#4539 = EDGE_CURVE('',#4532,#4508,#4540,.T.);
#4540 = CIRCLE('',#4541,1.);
#4541 = AXIS2_PLACEMENT_3D('',#4542,#4543,#4544);
#4542 = CARTESIAN_POINT('',(232.830581,-73.376352,1.));
#4543 = DIRECTION('',(0.,0.,1.));
#4544 = DIRECTION('',(1.,0.,0.));
#4545 = ORIENTED_EDGE('',*,*,#4507,.F.);
#4546 = ORIENTED_EDGE('',*,*,#3197,.F.);
#4547 = CYLINDRICAL_SURFACE('',#4548,1.);
#4548 = AXIS2_PLACEMENT_3D('',#4549,#4550,#4551);
#4549 = CARTESIAN_POINT('',(232.830581,-73.376352,0.));
#4550 = DIRECTION('',(-0.,-0.,-1.));
#4551 = DIRECTION('',(1.,0.,0.));
#4552 = ADVANCED_FACE('',(#4553),#4571,.T.);
#4553 = FACE_BOUND('',#4554,.T.);
#4554 = EDGE_LOOP('',(#4555,#4563,#4569,#4570));
#4555 = ORIENTED_EDGE('',*,*,#4556,.T.);
#4556 = EDGE_CURVE('',#3181,#4557,#4559,.T.);
#4557 = VERTEX_POINT('',#4558);
#4558 = CARTESIAN_POINT('',(5.3,-74.376352,1.));
#4559 = LINE('',#4560,#4561);
#4560 = CARTESIAN_POINT('',(5.3,-74.376352,0.));
#4561 = VECTOR('',#4562,1.);
#4562 = DIRECTION('',(0.,0.,1.));
#4563 = ORIENTED_EDGE('',*,*,#4564,.T.);
#4564 = EDGE_CURVE('',#4557,#4532,#4565,.T.);
#4565 = LINE('',#4566,#4567);
#4566 = CARTESIAN_POINT('',(5.3,-74.376352,1.));
#4567 = VECTOR('',#4568,1.);
#4568 = DIRECTION('',(1.,0.,0.));
#4569 = ORIENTED_EDGE('',*,*,#4531,.F.);
#4570 = ORIENTED_EDGE('',*,*,#3189,.F.);
#4571 = PLANE('',#4572);
#4572 = AXIS2_PLACEMENT_3D('',#4573,#4574,#4575);
#4573 = CARTESIAN_POINT('',(5.3,-74.376352,0.));
#4574 = DIRECTION('',(0.,1.,0.));
#4575 = DIRECTION('',(1.,0.,0.));
#4576 = ADVANCED_FACE('',(#4577),#4596,.F.);
#4577 = FACE_BOUND('',#4578,.T.);
#4578 = EDGE_LOOP('',(#4579,#4587,#4594,#4595));
#4579 = ORIENTED_EDGE('',*,*,#4580,.T.);
#4580 = EDGE_CURVE('',#3173,#4581,#4583,.T.);
#4581 = VERTEX_POINT('',#4582);
#4582 = CARTESIAN_POINT('',(4.3,-73.376352,1.));
#4583 = LINE('',#4584,#4585);
#4584 = CARTESIAN_POINT('',(4.3,-73.376352,0.));
#4585 = VECTOR('',#4586,1.);
#4586 = DIRECTION('',(0.,0.,1.));
#4587 = ORIENTED_EDGE('',*,*,#4588,.T.);
#4588 = EDGE_CURVE('',#4581,#4557,#4589,.T.);
#4589 = CIRCLE('',#4590,1.);
#4590 = AXIS2_PLACEMENT_3D('',#4591,#4592,#4593);
#4591 = CARTESIAN_POINT('',(5.3,-73.376352,1.));
#4592 = DIRECTION('',(0.,0.,1.));
#4593 = DIRECTION('',(1.,0.,0.));
#4594 = ORIENTED_EDGE('',*,*,#4556,.F.);
#4595 = ORIENTED_EDGE('',*,*,#3180,.F.);
#4596 = CYLINDRICAL_SURFACE('',#4597,1.);
#4597 = AXIS2_PLACEMENT_3D('',#4598,#4599,#4600);
#4598 = CARTESIAN_POINT('',(5.3,-73.376352,0.));
#4599 = DIRECTION('',(-0.,-0.,-1.));
#4600 = DIRECTION('',(1.,0.,0.));
#4601 = ADVANCED_FACE('',(#4602),#4613,.T.);
#4602 = FACE_BOUND('',#4603,.T.);
#4603 = EDGE_LOOP('',(#4604,#4605,#4611,#4612));
#4604 = ORIENTED_EDGE('',*,*,#4443,.T.);
#4605 = ORIENTED_EDGE('',*,*,#4606,.T.);
#4606 = EDGE_CURVE('',#4435,#4581,#4607,.T.);
#4607 = LINE('',#4608,#4609);
#4608 = CARTESIAN_POINT('',(4.3,-71.766567,1.));
#4609 = VECTOR('',#4610,1.);
#4610 = DIRECTION('',(0.,-1.,0.));
#4611 = ORIENTED_EDGE('',*,*,#4580,.F.);
#4612 = ORIENTED_EDGE('',*,*,#3172,.F.);
#4613 = PLANE('',#4614);
#4614 = AXIS2_PLACEMENT_3D('',#4615,#4616,#4617);
#4615 = CARTESIAN_POINT('',(4.3,-71.766567,0.));
#4616 = DIRECTION('',(1.,0.,0.));
#4617 = DIRECTION('',(0.,-1.,0.));
#4618 = ADVANCED_FACE('',(#4619),#4645,.F.);
#4619 = FACE_BOUND('',#4620,.T.);
#4620 = EDGE_LOOP('',(#4621,#4629,#4638,#4644));
#4621 = ORIENTED_EDGE('',*,*,#4622,.T.);
#4622 = EDGE_CURVE('',#3232,#4623,#4625,.T.);
#4623 = VERTEX_POINT('',#4624);
#4624 = CARTESIAN_POINT('',(5.3,-59.066567,1.));
#4625 = LINE('',#4626,#4627);
#4626 = CARTESIAN_POINT('',(5.3,-59.066567,0.));
#4627 = VECTOR('',#4628,1.);
#4628 = DIRECTION('',(0.,0.,1.));
#4629 = ORIENTED_EDGE('',*,*,#4630,.T.);
#4630 = EDGE_CURVE('',#4623,#4631,#4633,.T.);
#4631 = VERTEX_POINT('',#4632);
#4632 = CARTESIAN_POINT('',(4.3,-60.066567,1.));
#4633 = CIRCLE('',#4634,1.);
#4634 = AXIS2_PLACEMENT_3D('',#4635,#4636,#4637);
#4635 = CARTESIAN_POINT('',(5.3,-60.066567,1.));
#4636 = DIRECTION('',(0.,0.,1.));
#4637 = DIRECTION('',(1.,0.,0.));
#4638 = ORIENTED_EDGE('',*,*,#4639,.F.);
#4639 = EDGE_CURVE('',#3234,#4631,#4640,.T.);
#4640 = LINE('',#4641,#4642);
#4641 = CARTESIAN_POINT('',(4.3,-60.066567,0.));
#4642 = VECTOR('',#4643,1.);
#4643 = DIRECTION('',(0.,0.,1.));
#4644 = ORIENTED_EDGE('',*,*,#3231,.F.);
#4645 = CYLINDRICAL_SURFACE('',#4646,1.);
#4646 = AXIS2_PLACEMENT_3D('',#4647,#4648,#4649);
#4647 = CARTESIAN_POINT('',(5.3,-60.066567,0.));
#4648 = DIRECTION('',(-0.,-0.,-1.));
#4649 = DIRECTION('',(1.,0.,0.));
#4650 = ADVANCED_FACE('',(#4651),#4669,.T.);
#4651 = FACE_BOUND('',#4652,.T.);
#4652 = EDGE_LOOP('',(#4653,#4661,#4667,#4668));
#4653 = ORIENTED_EDGE('',*,*,#4654,.T.);
#4654 = EDGE_CURVE('',#3285,#4655,#4657,.T.);
#4655 = VERTEX_POINT('',#4656);
#4656 = CARTESIAN_POINT('',(232.830581,-59.066567,1.));
#4657 = LINE('',#4658,#4659);
#4658 = CARTESIAN_POINT('',(232.830581,-59.066567,0.));
#4659 = VECTOR('',#4660,1.);
#4660 = DIRECTION('',(0.,0.,1.));
#4661 = ORIENTED_EDGE('',*,*,#4662,.T.);
#4662 = EDGE_CURVE('',#4655,#4623,#4663,.T.);
#4663 = LINE('',#4664,#4665);
#4664 = CARTESIAN_POINT('',(232.830581,-59.066567,1.));
#4665 = VECTOR('',#4666,1.);
#4666 = DIRECTION('',(-1.,0.,0.));
#4667 = ORIENTED_EDGE('',*,*,#4622,.F.);
#4668 = ORIENTED_EDGE('',*,*,#3293,.F.);
#4669 = PLANE('',#4670);
#4670 = AXIS2_PLACEMENT_3D('',#4671,#4672,#4673);
#4671 = CARTESIAN_POINT('',(232.830581,-59.066567,0.));
#4672 = DIRECTION('',(0.,-1.,0.));
#4673 = DIRECTION('',(-1.,0.,0.));
#4674 = ADVANCED_FACE('',(#4675),#4694,.F.);
#4675 = FACE_BOUND('',#4676,.T.);
#4676 = EDGE_LOOP('',(#4677,#4685,#4692,#4693));
#4677 = ORIENTED_EDGE('',*,*,#4678,.T.);
#4678 = EDGE_CURVE('',#3277,#4679,#4681,.T.);
#4679 = VERTEX_POINT('',#4680);
#4680 = CARTESIAN_POINT('',(233.830581,-60.066567,1.));
#4681 = LINE('',#4682,#4683);
#4682 = CARTESIAN_POINT('',(233.830581,-60.066567,0.));
#4683 = VECTOR('',#4684,1.);
#4684 = DIRECTION('',(0.,0.,1.));
#4685 = ORIENTED_EDGE('',*,*,#4686,.T.);
#4686 = EDGE_CURVE('',#4679,#4655,#4687,.T.);
#4687 = CIRCLE('',#4688,1.);
#4688 = AXIS2_PLACEMENT_3D('',#4689,#4690,#4691);
#4689 = CARTESIAN_POINT('',(232.830581,-60.066567,1.));
#4690 = DIRECTION('',(0.,0.,1.));
#4691 = DIRECTION('',(1.,0.,0.));
#4692 = ORIENTED_EDGE('',*,*,#4654,.F.);
#4693 = ORIENTED_EDGE('',*,*,#3284,.F.);
#4694 = CYLINDRICAL_SURFACE('',#4695,1.);
#4695 = AXIS2_PLACEMENT_3D('',#4696,#4697,#4698);
#4696 = CARTESIAN_POINT('',(232.830581,-60.066567,0.));
#4697 = DIRECTION('',(-0.,-0.,-1.));
#4698 = DIRECTION('',(1.,0.,0.));
#4699 = ADVANCED_FACE('',(#4700),#4718,.T.);
#4700 = FACE_BOUND('',#4701,.T.);
#4701 = EDGE_LOOP('',(#4702,#4710,#4716,#4717));
#4702 = ORIENTED_EDGE('',*,*,#4703,.T.);
#4703 = EDGE_CURVE('',#3268,#4704,#4706,.T.);
#4704 = VERTEX_POINT('',#4705);
#4705 = CARTESIAN_POINT('',(233.830581,-61.676352,1.));
#4706 = LINE('',#4707,#4708);
#4707 = CARTESIAN_POINT('',(233.830581,-61.676352,0.));
#4708 = VECTOR('',#4709,1.);
#4709 = DIRECTION('',(0.,0.,1.));
#4710 = ORIENTED_EDGE('',*,*,#4711,.T.);
#4711 = EDGE_CURVE('',#4704,#4679,#4712,.T.);
#4712 = LINE('',#4713,#4714);
#4713 = CARTESIAN_POINT('',(233.830581,-61.676352,1.));
#4714 = VECTOR('',#4715,1.);
#4715 = DIRECTION('',(0.,1.,0.));
#4716 = ORIENTED_EDGE('',*,*,#4678,.F.);
#4717 = ORIENTED_EDGE('',*,*,#3276,.F.);
#4718 = PLANE('',#4719);
#4719 = AXIS2_PLACEMENT_3D('',#4720,#4721,#4722);
#4720 = CARTESIAN_POINT('',(233.830581,-61.676352,0.));
#4721 = DIRECTION('',(-1.,0.,0.));
#4722 = DIRECTION('',(0.,1.,0.));
#4723 = ADVANCED_FACE('',(#4724),#4743,.F.);
#4724 = FACE_BOUND('',#4725,.T.);
#4725 = EDGE_LOOP('',(#4726,#4734,#4741,#4742));
#4726 = ORIENTED_EDGE('',*,*,#4727,.T.);
#4727 = EDGE_CURVE('',#3260,#4728,#4730,.T.);
#4728 = VERTEX_POINT('',#4729);
#4729 = CARTESIAN_POINT('',(232.830581,-62.676352,1.));
#4730 = LINE('',#4731,#4732);
#4731 = CARTESIAN_POINT('',(232.830581,-62.676352,0.));
#4732 = VECTOR('',#4733,1.);
#4733 = DIRECTION('',(0.,0.,1.));
#4734 = ORIENTED_EDGE('',*,*,#4735,.T.);
#4735 = EDGE_CURVE('',#4728,#4704,#4736,.T.);
#4736 = CIRCLE('',#4737,1.);
#4737 = AXIS2_PLACEMENT_3D('',#4738,#4739,#4740);
#4738 = CARTESIAN_POINT('',(232.830581,-61.676352,1.));
#4739 = DIRECTION('',(0.,0.,1.));
#4740 = DIRECTION('',(1.,0.,0.));
#4741 = ORIENTED_EDGE('',*,*,#4703,.F.);
#4742 = ORIENTED_EDGE('',*,*,#3267,.F.);
#4743 = CYLINDRICAL_SURFACE('',#4744,1.);
#4744 = AXIS2_PLACEMENT_3D('',#4745,#4746,#4747);
#4745 = CARTESIAN_POINT('',(232.830581,-61.676352,0.));
#4746 = DIRECTION('',(-0.,-0.,-1.));
#4747 = DIRECTION('',(1.,0.,0.));
#4748 = ADVANCED_FACE('',(#4749),#4767,.T.);
#4749 = FACE_BOUND('',#4750,.T.);
#4750 = EDGE_LOOP('',(#4751,#4759,#4765,#4766));
#4751 = ORIENTED_EDGE('',*,*,#4752,.T.);
#4752 = EDGE_CURVE('',#3251,#4753,#4755,.T.);
#4753 = VERTEX_POINT('',#4754);
#4754 = CARTESIAN_POINT('',(5.3,-62.676352,1.));
#4755 = LINE('',#4756,#4757);
#4756 = CARTESIAN_POINT('',(5.3,-62.676352,0.));
#4757 = VECTOR('',#4758,1.);
#4758 = DIRECTION('',(0.,0.,1.));
#4759 = ORIENTED_EDGE('',*,*,#4760,.T.);
#4760 = EDGE_CURVE('',#4753,#4728,#4761,.T.);
#4761 = LINE('',#4762,#4763);
#4762 = CARTESIAN_POINT('',(5.3,-62.676352,1.));
#4763 = VECTOR('',#4764,1.);
#4764 = DIRECTION('',(1.,0.,0.));
#4765 = ORIENTED_EDGE('',*,*,#4727,.F.);
#4766 = ORIENTED_EDGE('',*,*,#3259,.F.);
#4767 = PLANE('',#4768);
#4768 = AXIS2_PLACEMENT_3D('',#4769,#4770,#4771);
#4769 = CARTESIAN_POINT('',(5.3,-62.676352,0.));
#4770 = DIRECTION('',(0.,1.,0.));
#4771 = DIRECTION('',(1.,0.,0.));
#4772 = ADVANCED_FACE('',(#4773),#4792,.F.);
#4773 = FACE_BOUND('',#4774,.T.);
#4774 = EDGE_LOOP('',(#4775,#4783,#4790,#4791));
#4775 = ORIENTED_EDGE('',*,*,#4776,.T.);
#4776 = EDGE_CURVE('',#3243,#4777,#4779,.T.);
#4777 = VERTEX_POINT('',#4778);
#4778 = CARTESIAN_POINT('',(4.3,-61.676352,1.));
#4779 = LINE('',#4780,#4781);
#4780 = CARTESIAN_POINT('',(4.3,-61.676352,0.));
#4781 = VECTOR('',#4782,1.);
#4782 = DIRECTION('',(0.,0.,1.));
#4783 = ORIENTED_EDGE('',*,*,#4784,.T.);
#4784 = EDGE_CURVE('',#4777,#4753,#4785,.T.);
#4785 = CIRCLE('',#4786,1.);
#4786 = AXIS2_PLACEMENT_3D('',#4787,#4788,#4789);
#4787 = CARTESIAN_POINT('',(5.3,-61.676352,1.));
#4788 = DIRECTION('',(0.,0.,1.));
#4789 = DIRECTION('',(1.,0.,0.));
#4790 = ORIENTED_EDGE('',*,*,#4752,.F.);
#4791 = ORIENTED_EDGE('',*,*,#3250,.F.);
#4792 = CYLINDRICAL_SURFACE('',#4793,1.);
#4793 = AXIS2_PLACEMENT_3D('',#4794,#4795,#4796);
#4794 = CARTESIAN_POINT('',(5.3,-61.676352,0.));
#4795 = DIRECTION('',(-0.,-0.,-1.));
#4796 = DIRECTION('',(1.,0.,0.));
#4797 = ADVANCED_FACE('',(#4798),#4809,.T.);
#4798 = FACE_BOUND('',#4799,.T.);
#4799 = EDGE_LOOP('',(#4800,#4801,#4807,#4808));
#4800 = ORIENTED_EDGE('',*,*,#4639,.T.);
#4801 = ORIENTED_EDGE('',*,*,#4802,.T.);
#4802 = EDGE_CURVE('',#4631,#4777,#4803,.T.);
#4803 = LINE('',#4804,#4805);
#4804 = CARTESIAN_POINT('',(4.3,-60.066567,1.));
#4805 = VECTOR('',#4806,1.);
#4806 = DIRECTION('',(0.,-1.,0.));
#4807 = ORIENTED_EDGE('',*,*,#4776,.F.);
#4808 = ORIENTED_EDGE('',*,*,#3242,.F.);
#4809 = PLANE('',#4810);
#4810 = AXIS2_PLACEMENT_3D('',#4811,#4812,#4813);
#4811 = CARTESIAN_POINT('',(4.3,-60.066567,0.));
#4812 = DIRECTION('',(1.,0.,0.));
#4813 = DIRECTION('',(0.,-1.,0.));
#4814 = ADVANCED_FACE('',(#4815),#4840,.F.);
#4815 = FACE_BOUND('',#4816,.F.);
#4816 = EDGE_LOOP('',(#4817,#4825,#4833,#4839));
#4817 = ORIENTED_EDGE('',*,*,#4818,.T.);
#4818 = EDGE_CURVE('',#3302,#4819,#4821,.T.);
#4819 = VERTEX_POINT('',#4820);
#4820 = CARTESIAN_POINT('',(9.467956804286,-67.3,1.1));
#4821 = LINE('',#4822,#4823);
#4822 = CARTESIAN_POINT('',(9.467956804286,-67.3,0.));
#4823 = VECTOR('',#4824,1.);
#4824 = DIRECTION('',(0.,0.,1.));
#4825 = ORIENTED_EDGE('',*,*,#4826,.T.);
#4826 = EDGE_CURVE('',#4819,#4827,#4829,.T.);
#4827 = VERTEX_POINT('',#4828);
#4828 = CARTESIAN_POINT('',(9.467956804286,-65.830528,1.1));
#4829 = LINE('',#4830,#4831);
#4830 = CARTESIAN_POINT('',(9.467956804286,-67.3,1.1));
#4831 = VECTOR('',#4832,1.);
#4832 = DIRECTION('',(0.,1.,0.));
#4833 = ORIENTED_EDGE('',*,*,#4834,.F.);
#4834 = EDGE_CURVE('',#3304,#4827,#4835,.T.);
#4835 = LINE('',#4836,#4837);
#4836 = CARTESIAN_POINT('',(9.467956804286,-65.830528,0.));
#4837 = VECTOR('',#4838,1.);
#4838 = DIRECTION('',(0.,0.,1.));
#4839 = ORIENTED_EDGE('',*,*,#3301,.F.);
#4840 = PLANE('',#4841);
#4841 = AXIS2_PLACEMENT_3D('',#4842,#4843,#4844);
#4842 = CARTESIAN_POINT('',(9.467956804286,-67.3,0.));
#4843 = DIRECTION('',(-1.,0.,0.));
#4844 = DIRECTION('',(0.,1.,0.));
#4845 = ADVANCED_FACE('',(#4846),#4865,.F.);
#4846 = FACE_BOUND('',#4847,.F.);
#4847 = EDGE_LOOP('',(#4848,#4856,#4863,#4864));
#4848 = ORIENTED_EDGE('',*,*,#4849,.T.);
#4849 = EDGE_CURVE('',#3312,#4850,#4852,.T.);
#4850 = VERTEX_POINT('',#4851);
#4851 = CARTESIAN_POINT('',(10.467956804286,-68.3,1.1));
#4852 = LINE('',#4853,#4854);
#4853 = CARTESIAN_POINT('',(10.467956804286,-68.3,0.));
#4854 = VECTOR('',#4855,1.);
#4855 = DIRECTION('',(0.,0.,1.));
#4856 = ORIENTED_EDGE('',*,*,#4857,.T.);
#4857 = EDGE_CURVE('',#4850,#4819,#4858,.T.);
#4858 = CIRCLE('',#4859,1.);
#4859 = AXIS2_PLACEMENT_3D('',#4860,#4861,#4862);
#4860 = CARTESIAN_POINT('',(10.467956804286,-67.3,1.1));
#4861 = DIRECTION('',(0.,0.,-1.));
#4862 = DIRECTION('',(1.,0.,0.));
#4863 = ORIENTED_EDGE('',*,*,#4818,.F.);
#4864 = ORIENTED_EDGE('',*,*,#3311,.F.);
#4865 = CYLINDRICAL_SURFACE('',#4866,1.);
#4866 = AXIS2_PLACEMENT_3D('',#4867,#4868,#4869);
#4867 = CARTESIAN_POINT('',(10.467956804286,-67.3,0.));
#4868 = DIRECTION('',(0.,0.,-1.));
#4869 = DIRECTION('',(1.,0.,0.));
#4870 = ADVANCED_FACE('',(#4871),#4890,.F.);
#4871 = FACE_BOUND('',#4872,.F.);
#4872 = EDGE_LOOP('',(#4873,#4874,#4883,#4889));
#4873 = ORIENTED_EDGE('',*,*,#4834,.T.);
#4874 = ORIENTED_EDGE('',*,*,#4875,.T.);
#4875 = EDGE_CURVE('',#4827,#4876,#4878,.T.);
#4876 = VERTEX_POINT('',#4877);
#4877 = CARTESIAN_POINT('',(10.467956804286,-64.830528,1.1));
#4878 = CIRCLE('',#4879,1.);
#4879 = AXIS2_PLACEMENT_3D('',#4880,#4881,#4882);
#4880 = CARTESIAN_POINT('',(10.467956804286,-65.830528,1.1));
#4881 = DIRECTION('',(0.,0.,-1.));
#4882 = DIRECTION('',(1.,0.,0.));
#4883 = ORIENTED_EDGE('',*,*,#4884,.F.);
#4884 = EDGE_CURVE('',#3355,#4876,#4885,.T.);
#4885 = LINE('',#4886,#4887);
#4886 = CARTESIAN_POINT('',(10.467956804286,-64.830528,0.));
#4887 = VECTOR('',#4888,1.);
#4888 = DIRECTION('',(0.,0.,1.));
#4889 = ORIENTED_EDGE('',*,*,#3362,.F.);
#4890 = CYLINDRICAL_SURFACE('',#4891,1.);
#4891 = AXIS2_PLACEMENT_3D('',#4892,#4893,#4894);
#4892 = CARTESIAN_POINT('',(10.467956804286,-65.830528,0.));
#4893 = DIRECTION('',(0.,0.,-1.));
#4894 = DIRECTION('',(1.,0.,0.));
#4895 = ADVANCED_FACE('',(#4896),#4914,.F.);
#4896 = FACE_BOUND('',#4897,.F.);
#4897 = EDGE_LOOP('',(#4898,#4906,#4912,#4913));
#4898 = ORIENTED_EDGE('',*,*,#4899,.T.);
#4899 = EDGE_CURVE('',#3321,#4900,#4902,.T.);
#4900 = VERTEX_POINT('',#4901);
#4901 = CARTESIAN_POINT('',(38.692641,-68.3,1.1));
#4902 = LINE('',#4903,#4904);
#4903 = CARTESIAN_POINT('',(38.692641,-68.3,0.));
#4904 = VECTOR('',#4905,1.);
#4905 = DIRECTION('',(0.,0.,1.));
#4906 = ORIENTED_EDGE('',*,*,#4907,.T.);
#4907 = EDGE_CURVE('',#4900,#4850,#4908,.T.);
#4908 = LINE('',#4909,#4910);
#4909 = CARTESIAN_POINT('',(38.692641,-68.3,1.1));
#4910 = VECTOR('',#4911,1.);
#4911 = DIRECTION('',(-1.,0.,0.));
#4912 = ORIENTED_EDGE('',*,*,#4849,.F.);
#4913 = ORIENTED_EDGE('',*,*,#3320,.F.);
#4914 = PLANE('',#4915);
#4915 = AXIS2_PLACEMENT_3D('',#4916,#4917,#4918);
#4916 = CARTESIAN_POINT('',(38.692641,-68.3,0.));
#4917 = DIRECTION('',(0.,-1.,0.));
#4918 = DIRECTION('',(-1.,0.,0.));
#4919 = ADVANCED_FACE('',(#4920),#4938,.F.);
#4920 = FACE_BOUND('',#4921,.F.);
#4921 = EDGE_LOOP('',(#4922,#4923,#4931,#4937));
#4922 = ORIENTED_EDGE('',*,*,#4884,.T.);
#4923 = ORIENTED_EDGE('',*,*,#4924,.T.);
#4924 = EDGE_CURVE('',#4876,#4925,#4927,.T.);
#4925 = VERTEX_POINT('',#4926);
#4926 = CARTESIAN_POINT('',(38.692641,-64.830528,1.1));
#4927 = LINE('',#4928,#4929);
#4928 = CARTESIAN_POINT('',(10.467956804286,-64.830528,1.1));
#4929 = VECTOR('',#4930,1.);
#4930 = DIRECTION('',(1.,0.,0.));
#4931 = ORIENTED_EDGE('',*,*,#4932,.F.);
#4932 = EDGE_CURVE('',#3346,#4925,#4933,.T.);
#4933 = LINE('',#4934,#4935);
#4934 = CARTESIAN_POINT('',(38.692641,-64.830528,0.));
#4935 = VECTOR('',#4936,1.);
#4936 = DIRECTION('',(0.,0.,1.));
#4937 = ORIENTED_EDGE('',*,*,#3354,.F.);
#4938 = PLANE('',#4939);
#4939 = AXIS2_PLACEMENT_3D('',#4940,#4941,#4942);
#4940 = CARTESIAN_POINT('',(10.467956804286,-64.830528,0.));
#4941 = DIRECTION('',(0.,1.,0.));
#4942 = DIRECTION('',(1.,0.,0.));
#4943 = ADVANCED_FACE('',(#4944),#4963,.F.);
#4944 = FACE_BOUND('',#4945,.F.);
#4945 = EDGE_LOOP('',(#4946,#4954,#4961,#4962));
#4946 = ORIENTED_EDGE('',*,*,#4947,.T.);
#4947 = EDGE_CURVE('',#3329,#4948,#4950,.T.);
#4948 = VERTEX_POINT('',#4949);
#4949 = CARTESIAN_POINT('',(39.692641,-67.3,1.1));
#4950 = LINE('',#4951,#4952);
#4951 = CARTESIAN_POINT('',(39.692641,-67.3,0.));
#4952 = VECTOR('',#4953,1.);
#4953 = DIRECTION('',(0.,0.,1.));
#4954 = ORIENTED_EDGE('',*,*,#4955,.T.);
#4955 = EDGE_CURVE('',#4948,#4900,#4956,.T.);
#4956 = CIRCLE('',#4957,1.);
#4957 = AXIS2_PLACEMENT_3D('',#4958,#4959,#4960);
#4958 = CARTESIAN_POINT('',(38.692641,-67.3,1.1));
#4959 = DIRECTION('',(0.,0.,-1.));
#4960 = DIRECTION('',(1.,0.,0.));
#4961 = ORIENTED_EDGE('',*,*,#4899,.F.);
#4962 = ORIENTED_EDGE('',*,*,#3328,.F.);
#4963 = CYLINDRICAL_SURFACE('',#4964,1.);
#4964 = AXIS2_PLACEMENT_3D('',#4965,#4966,#4967);
#4965 = CARTESIAN_POINT('',(38.692641,-67.3,0.));
#4966 = DIRECTION('',(0.,0.,-1.));
#4967 = DIRECTION('',(1.,0.,0.));
#4968 = ADVANCED_FACE('',(#4969),#4988,.F.);
#4969 = FACE_BOUND('',#4970,.F.);
#4970 = EDGE_LOOP('',(#4971,#4972,#4981,#4987));
#4971 = ORIENTED_EDGE('',*,*,#4932,.T.);
#4972 = ORIENTED_EDGE('',*,*,#4973,.T.);
#4973 = EDGE_CURVE('',#4925,#4974,#4976,.T.);
#4974 = VERTEX_POINT('',#4975);
#4975 = CARTESIAN_POINT('',(39.692641,-65.830528,1.1));
#4976 = CIRCLE('',#4977,1.);
#4977 = AXIS2_PLACEMENT_3D('',#4978,#4979,#4980);
#4978 = CARTESIAN_POINT('',(38.692641,-65.830528,1.1));
#4979 = DIRECTION('',(0.,0.,-1.));
#4980 = DIRECTION('',(1.,0.,0.));
#4981 = ORIENTED_EDGE('',*,*,#4982,.F.);
#4982 = EDGE_CURVE('',#3338,#4974,#4983,.T.);
#4983 = LINE('',#4984,#4985);
#4984 = CARTESIAN_POINT('',(39.692641,-65.830528,0.));
#4985 = VECTOR('',#4986,1.);
#4986 = DIRECTION('',(0.,0.,1.));
#4987 = ORIENTED_EDGE('',*,*,#3345,.F.);
#4988 = CYLINDRICAL_SURFACE('',#4989,1.);
#4989 = AXIS2_PLACEMENT_3D('',#4990,#4991,#4992);
#4990 = CARTESIAN_POINT('',(38.692641,-65.830528,0.));
#4991 = DIRECTION('',(0.,0.,-1.));
#4992 = DIRECTION('',(1.,0.,0.));
#4993 = ADVANCED_FACE('',(#4994),#5005,.F.);
#4994 = FACE_BOUND('',#4995,.F.);
#4995 = EDGE_LOOP('',(#4996,#4997,#5003,#5004));
#4996 = ORIENTED_EDGE('',*,*,#4982,.T.);
#4997 = ORIENTED_EDGE('',*,*,#4998,.T.);
#4998 = EDGE_CURVE('',#4974,#4948,#4999,.T.);
#4999 = LINE('',#5000,#5001);
#5000 = CARTESIAN_POINT('',(39.692641,-65.830528,1.1));
#5001 = VECTOR('',#5002,1.);
#5002 = DIRECTION('',(0.,-1.,0.));
#5003 = ORIENTED_EDGE('',*,*,#4947,.F.);
#5004 = ORIENTED_EDGE('',*,*,#3337,.F.);
#5005 = PLANE('',#5006);
#5006 = AXIS2_PLACEMENT_3D('',#5007,#5008,#5009);
#5007 = CARTESIAN_POINT('',(39.692641,-65.830528,0.));
#5008 = DIRECTION('',(1.,0.,0.));
#5009 = DIRECTION('',(0.,-1.,0.));
#5010 = ADVANCED_FACE('',(#5011),#5037,.F.);
#5011 = FACE_BOUND('',#5012,.T.);
#5012 = EDGE_LOOP('',(#5013,#5021,#5030,#5036));
#5013 = ORIENTED_EDGE('',*,*,#5014,.T.);
#5014 = EDGE_CURVE('',#3372,#5015,#5017,.T.);
#5015 = VERTEX_POINT('',#5016);
#5016 = CARTESIAN_POINT('',(5.3,-53.516567,1.));
#5017 = LINE('',#5018,#5019);
#5018 = CARTESIAN_POINT('',(5.3,-53.516567,0.));
#5019 = VECTOR('',#5020,1.);
#5020 = DIRECTION('',(0.,0.,1.));
#5021 = ORIENTED_EDGE('',*,*,#5022,.T.);
#5022 = EDGE_CURVE('',#5015,#5023,#5025,.T.);
#5023 = VERTEX_POINT('',#5024);
#5024 = CARTESIAN_POINT('',(4.3,-54.516567,1.));
#5025 = CIRCLE('',#5026,1.);
#5026 = AXIS2_PLACEMENT_3D('',#5027,#5028,#5029);
#5027 = CARTESIAN_POINT('',(5.3,-54.516567,1.));
#5028 = DIRECTION('',(0.,0.,1.));
#5029 = DIRECTION('',(1.,0.,0.));
#5030 = ORIENTED_EDGE('',*,*,#5031,.F.);
#5031 = EDGE_CURVE('',#3374,#5023,#5032,.T.);
#5032 = LINE('',#5033,#5034);
#5033 = CARTESIAN_POINT('',(4.3,-54.516567,0.));
#5034 = VECTOR('',#5035,1.);
#5035 = DIRECTION('',(0.,0.,1.));
#5036 = ORIENTED_EDGE('',*,*,#3371,.F.);
#5037 = CYLINDRICAL_SURFACE('',#5038,1.);
#5038 = AXIS2_PLACEMENT_3D('',#5039,#5040,#5041);
#5039 = CARTESIAN_POINT('',(5.3,-54.516567,0.));
#5040 = DIRECTION('',(-0.,-0.,-1.));
#5041 = DIRECTION('',(1.,0.,0.));
#5042 = ADVANCED_FACE('',(#5043),#5061,.T.);
#5043 = FACE_BOUND('',#5044,.T.);
#5044 = EDGE_LOOP('',(#5045,#5053,#5059,#5060));
#5045 = ORIENTED_EDGE('',*,*,#5046,.T.);
#5046 = EDGE_CURVE('',#3425,#5047,#5049,.T.);
#5047 = VERTEX_POINT('',#5048);
#5048 = CARTESIAN_POINT('',(232.830581,-53.516567,1.));
#5049 = LINE('',#5050,#5051);
#5050 = CARTESIAN_POINT('',(232.830581,-53.516567,0.));
#5051 = VECTOR('',#5052,1.);
#5052 = DIRECTION('',(0.,0.,1.));
#5053 = ORIENTED_EDGE('',*,*,#5054,.T.);
#5054 = EDGE_CURVE('',#5047,#5015,#5055,.T.);
#5055 = LINE('',#5056,#5057);
#5056 = CARTESIAN_POINT('',(232.830581,-53.516567,1.));
#5057 = VECTOR('',#5058,1.);
#5058 = DIRECTION('',(-1.,0.,0.));
#5059 = ORIENTED_EDGE('',*,*,#5014,.F.);
#5060 = ORIENTED_EDGE('',*,*,#3433,.F.);
#5061 = PLANE('',#5062);
#5062 = AXIS2_PLACEMENT_3D('',#5063,#5064,#5065);
#5063 = CARTESIAN_POINT('',(232.830581,-53.516567,0.));
#5064 = DIRECTION('',(0.,-1.,0.));
#5065 = DIRECTION('',(-1.,0.,0.));
#5066 = ADVANCED_FACE('',(#5067),#5086,.F.);
#5067 = FACE_BOUND('',#5068,.T.);
#5068 = EDGE_LOOP('',(#5069,#5077,#5084,#5085));
#5069 = ORIENTED_EDGE('',*,*,#5070,.T.);
#5070 = EDGE_CURVE('',#3417,#5071,#5073,.T.);
#5071 = VERTEX_POINT('',#5072);
#5072 = CARTESIAN_POINT('',(233.830581,-54.516567,1.));
#5073 = LINE('',#5074,#5075);
#5074 = CARTESIAN_POINT('',(233.830581,-54.516567,0.));
#5075 = VECTOR('',#5076,1.);
#5076 = DIRECTION('',(0.,0.,1.));
#5077 = ORIENTED_EDGE('',*,*,#5078,.T.);
#5078 = EDGE_CURVE('',#5071,#5047,#5079,.T.);
#5079 = CIRCLE('',#5080,1.);
#5080 = AXIS2_PLACEMENT_3D('',#5081,#5082,#5083);
#5081 = CARTESIAN_POINT('',(232.830581,-54.516567,1.));
#5082 = DIRECTION('',(0.,0.,1.));
#5083 = DIRECTION('',(1.,0.,0.));
#5084 = ORIENTED_EDGE('',*,*,#5046,.F.);
#5085 = ORIENTED_EDGE('',*,*,#3424,.F.);
#5086 = CYLINDRICAL_SURFACE('',#5087,1.);
#5087 = AXIS2_PLACEMENT_3D('',#5088,#5089,#5090);
#5088 = CARTESIAN_POINT('',(232.830581,-54.516567,0.));
#5089 = DIRECTION('',(-0.,-0.,-1.));
#5090 = DIRECTION('',(1.,0.,0.));
#5091 = ADVANCED_FACE('',(#5092),#5110,.T.);
#5092 = FACE_BOUND('',#5093,.T.);
#5093 = EDGE_LOOP('',(#5094,#5102,#5108,#5109));
#5094 = ORIENTED_EDGE('',*,*,#5095,.T.);
#5095 = EDGE_CURVE('',#3408,#5096,#5098,.T.);
#5096 = VERTEX_POINT('',#5097);
#5097 = CARTESIAN_POINT('',(233.830581,-56.126352,1.));
#5098 = LINE('',#5099,#5100);
#5099 = CARTESIAN_POINT('',(233.830581,-56.126352,0.));
#5100 = VECTOR('',#5101,1.);
#5101 = DIRECTION('',(0.,0.,1.));
#5102 = ORIENTED_EDGE('',*,*,#5103,.T.);
#5103 = EDGE_CURVE('',#5096,#5071,#5104,.T.);
#5104 = LINE('',#5105,#5106);
#5105 = CARTESIAN_POINT('',(233.830581,-56.126352,1.));
#5106 = VECTOR('',#5107,1.);
#5107 = DIRECTION('',(0.,1.,0.));
#5108 = ORIENTED_EDGE('',*,*,#5070,.F.);
#5109 = ORIENTED_EDGE('',*,*,#3416,.F.);
#5110 = PLANE('',#5111);
#5111 = AXIS2_PLACEMENT_3D('',#5112,#5113,#5114);
#5112 = CARTESIAN_POINT('',(233.830581,-56.126352,0.));
#5113 = DIRECTION('',(-1.,0.,0.));
#5114 = DIRECTION('',(0.,1.,0.));
#5115 = ADVANCED_FACE('',(#5116),#5135,.F.);
#5116 = FACE_BOUND('',#5117,.T.);
#5117 = EDGE_LOOP('',(#5118,#5126,#5133,#5134));
#5118 = ORIENTED_EDGE('',*,*,#5119,.T.);
#5119 = EDGE_CURVE('',#3400,#5120,#5122,.T.);
#5120 = VERTEX_POINT('',#5121);
#5121 = CARTESIAN_POINT('',(232.830581,-57.126352,1.));
#5122 = LINE('',#5123,#5124);
#5123 = CARTESIAN_POINT('',(232.830581,-57.126352,0.));
#5124 = VECTOR('',#5125,1.);
#5125 = DIRECTION('',(0.,0.,1.));
#5126 = ORIENTED_EDGE('',*,*,#5127,.T.);
#5127 = EDGE_CURVE('',#5120,#5096,#5128,.T.);
#5128 = CIRCLE('',#5129,1.);
#5129 = AXIS2_PLACEMENT_3D('',#5130,#5131,#5132);
#5130 = CARTESIAN_POINT('',(232.830581,-56.126352,1.));
#5131 = DIRECTION('',(0.,0.,1.));
#5132 = DIRECTION('',(1.,0.,0.));
#5133 = ORIENTED_EDGE('',*,*,#5095,.F.);
#5134 = ORIENTED_EDGE('',*,*,#3407,.F.);
#5135 = CYLINDRICAL_SURFACE('',#5136,1.);
#5136 = AXIS2_PLACEMENT_3D('',#5137,#5138,#5139);
#5137 = CARTESIAN_POINT('',(232.830581,-56.126352,0.));
#5138 = DIRECTION('',(-0.,-0.,-1.));
#5139 = DIRECTION('',(1.,0.,0.));
#5140 = ADVANCED_FACE('',(#5141),#5159,.T.);
#5141 = FACE_BOUND('',#5142,.T.);
#5142 = EDGE_LOOP('',(#5143,#5151,#5157,#5158));
#5143 = ORIENTED_EDGE('',*,*,#5144,.T.);
#5144 = EDGE_CURVE('',#3391,#5145,#5147,.T.);
#5145 = VERTEX_POINT('',#5146);
#5146 = CARTESIAN_POINT('',(5.3,-57.126352,1.));
#5147 = LINE('',#5148,#5149);
#5148 = CARTESIAN_POINT('',(5.3,-57.126352,0.));
#5149 = VECTOR('',#5150,1.);
#5150 = DIRECTION('',(0.,0.,1.));
#5151 = ORIENTED_EDGE('',*,*,#5152,.T.);
#5152 = EDGE_CURVE('',#5145,#5120,#5153,.T.);
#5153 = LINE('',#5154,#5155);
#5154 = CARTESIAN_POINT('',(5.3,-57.126352,1.));
#5155 = VECTOR('',#5156,1.);
#5156 = DIRECTION('',(1.,0.,0.));
#5157 = ORIENTED_EDGE('',*,*,#5119,.F.);
#5158 = ORIENTED_EDGE('',*,*,#3399,.F.);
#5159 = PLANE('',#5160);
#5160 = AXIS2_PLACEMENT_3D('',#5161,#5162,#5163);
#5161 = CARTESIAN_POINT('',(5.3,-57.126352,0.));
#5162 = DIRECTION('',(0.,1.,0.));
#5163 = DIRECTION('',(1.,0.,0.));
#5164 = ADVANCED_FACE('',(#5165),#5184,.F.);
#5165 = FACE_BOUND('',#5166,.T.);
#5166 = EDGE_LOOP('',(#5167,#5175,#5182,#5183));
#5167 = ORIENTED_EDGE('',*,*,#5168,.T.);
#5168 = EDGE_CURVE('',#3383,#5169,#5171,.T.);
#5169 = VERTEX_POINT('',#5170);
#5170 = CARTESIAN_POINT('',(4.3,-56.126352,1.));
#5171 = LINE('',#5172,#5173);
#5172 = CARTESIAN_POINT('',(4.3,-56.126352,0.));
#5173 = VECTOR('',#5174,1.);
#5174 = DIRECTION('',(0.,0.,1.));
#5175 = ORIENTED_EDGE('',*,*,#5176,.T.);
#5176 = EDGE_CURVE('',#5169,#5145,#5177,.T.);
#5177 = CIRCLE('',#5178,1.);
#5178 = AXIS2_PLACEMENT_3D('',#5179,#5180,#5181);
#5179 = CARTESIAN_POINT('',(5.3,-56.126352,1.));
#5180 = DIRECTION('',(0.,0.,1.));
#5181 = DIRECTION('',(1.,0.,0.));
#5182 = ORIENTED_EDGE('',*,*,#5144,.F.);
#5183 = ORIENTED_EDGE('',*,*,#3390,.F.);
#5184 = CYLINDRICAL_SURFACE('',#5185,1.);
#5185 = AXIS2_PLACEMENT_3D('',#5186,#5187,#5188);
#5186 = CARTESIAN_POINT('',(5.3,-56.126352,0.));
#5187 = DIRECTION('',(-0.,-0.,-1.));
#5188 = DIRECTION('',(1.,0.,0.));
#5189 = ADVANCED_FACE('',(#5190),#5201,.T.);
#5190 = FACE_BOUND('',#5191,.T.);
#5191 = EDGE_LOOP('',(#5192,#5193,#5199,#5200));
#5192 = ORIENTED_EDGE('',*,*,#5031,.T.);
#5193 = ORIENTED_EDGE('',*,*,#5194,.T.);
#5194 = EDGE_CURVE('',#5023,#5169,#5195,.T.);
#5195 = LINE('',#5196,#5197);
#5196 = CARTESIAN_POINT('',(4.3,-54.516567,1.));
#5197 = VECTOR('',#5198,1.);
#5198 = DIRECTION('',(0.,-1.,0.));
#5199 = ORIENTED_EDGE('',*,*,#5168,.F.);
#5200 = ORIENTED_EDGE('',*,*,#3382,.F.);
#5201 = PLANE('',#5202);
#5202 = AXIS2_PLACEMENT_3D('',#5203,#5204,#5205);
#5203 = CARTESIAN_POINT('',(4.3,-54.516567,0.));
#5204 = DIRECTION('',(1.,0.,0.));
#5205 = DIRECTION('',(0.,-1.,0.));
#5206 = ADVANCED_FACE('',(#5207),#5233,.F.);
#5207 = FACE_BOUND('',#5208,.T.);
#5208 = EDGE_LOOP('',(#5209,#5217,#5226,#5232));
#5209 = ORIENTED_EDGE('',*,*,#5210,.T.);
#5210 = EDGE_CURVE('',#3442,#5211,#5213,.T.);
#5211 = VERTEX_POINT('',#5212);
#5212 = CARTESIAN_POINT('',(5.3,-47.966567,1.));
#5213 = LINE('',#5214,#5215);
#5214 = CARTESIAN_POINT('',(5.3,-47.966567,0.));
#5215 = VECTOR('',#5216,1.);
#5216 = DIRECTION('',(0.,0.,1.));
#5217 = ORIENTED_EDGE('',*,*,#5218,.T.);
#5218 = EDGE_CURVE('',#5211,#5219,#5221,.T.);
#5219 = VERTEX_POINT('',#5220);
#5220 = CARTESIAN_POINT('',(4.3,-48.966567,1.));
#5221 = CIRCLE('',#5222,1.);
#5222 = AXIS2_PLACEMENT_3D('',#5223,#5224,#5225);
#5223 = CARTESIAN_POINT('',(5.3,-48.966567,1.));
#5224 = DIRECTION('',(0.,0.,1.));
#5225 = DIRECTION('',(1.,0.,0.));
#5226 = ORIENTED_EDGE('',*,*,#5227,.F.);
#5227 = EDGE_CURVE('',#3444,#5219,#5228,.T.);
#5228 = LINE('',#5229,#5230);
#5229 = CARTESIAN_POINT('',(4.3,-48.966567,0.));
#5230 = VECTOR('',#5231,1.);
#5231 = DIRECTION('',(0.,0.,1.));
#5232 = ORIENTED_EDGE('',*,*,#3441,.F.);
#5233 = CYLINDRICAL_SURFACE('',#5234,1.);
#5234 = AXIS2_PLACEMENT_3D('',#5235,#5236,#5237);
#5235 = CARTESIAN_POINT('',(5.3,-48.966567,0.));
#5236 = DIRECTION('',(-0.,-0.,-1.));
#5237 = DIRECTION('',(1.,0.,0.));
#5238 = ADVANCED_FACE('',(#5239),#5257,.T.);
#5239 = FACE_BOUND('',#5240,.T.);
#5240 = EDGE_LOOP('',(#5241,#5249,#5255,#5256));
#5241 = ORIENTED_EDGE('',*,*,#5242,.T.);
#5242 = EDGE_CURVE('',#3495,#5243,#5245,.T.);
#5243 = VERTEX_POINT('',#5244);
#5244 = CARTESIAN_POINT('',(232.830581,-47.966567,1.));
#5245 = LINE('',#5246,#5247);
#5246 = CARTESIAN_POINT('',(232.830581,-47.966567,0.));
#5247 = VECTOR('',#5248,1.);
#5248 = DIRECTION('',(0.,0.,1.));
#5249 = ORIENTED_EDGE('',*,*,#5250,.T.);
#5250 = EDGE_CURVE('',#5243,#5211,#5251,.T.);
#5251 = LINE('',#5252,#5253);
#5252 = CARTESIAN_POINT('',(232.830581,-47.966567,1.));
#5253 = VECTOR('',#5254,1.);
#5254 = DIRECTION('',(-1.,0.,0.));
#5255 = ORIENTED_EDGE('',*,*,#5210,.F.);
#5256 = ORIENTED_EDGE('',*,*,#3503,.F.);
#5257 = PLANE('',#5258);
#5258 = AXIS2_PLACEMENT_3D('',#5259,#5260,#5261);
#5259 = CARTESIAN_POINT('',(232.830581,-47.966567,0.));
#5260 = DIRECTION('',(0.,-1.,0.));
#5261 = DIRECTION('',(-1.,0.,0.));
#5262 = ADVANCED_FACE('',(#5263),#5282,.F.);
#5263 = FACE_BOUND('',#5264,.T.);
#5264 = EDGE_LOOP('',(#5265,#5273,#5280,#5281));
#5265 = ORIENTED_EDGE('',*,*,#5266,.T.);
#5266 = EDGE_CURVE('',#3487,#5267,#5269,.T.);
#5267 = VERTEX_POINT('',#5268);
#5268 = CARTESIAN_POINT('',(233.830581,-48.966567,1.));
#5269 = LINE('',#5270,#5271);
#5270 = CARTESIAN_POINT('',(233.830581,-48.966567,0.));
#5271 = VECTOR('',#5272,1.);
#5272 = DIRECTION('',(0.,0.,1.));
#5273 = ORIENTED_EDGE('',*,*,#5274,.T.);
#5274 = EDGE_CURVE('',#5267,#5243,#5275,.T.);
#5275 = CIRCLE('',#5276,1.);
#5276 = AXIS2_PLACEMENT_3D('',#5277,#5278,#5279);
#5277 = CARTESIAN_POINT('',(232.830581,-48.966567,1.));
#5278 = DIRECTION('',(0.,0.,1.));
#5279 = DIRECTION('',(1.,0.,0.));
#5280 = ORIENTED_EDGE('',*,*,#5242,.F.);
#5281 = ORIENTED_EDGE('',*,*,#3494,.F.);
#5282 = CYLINDRICAL_SURFACE('',#5283,1.);
#5283 = AXIS2_PLACEMENT_3D('',#5284,#5285,#5286);
#5284 = CARTESIAN_POINT('',(232.830581,-48.966567,0.));
#5285 = DIRECTION('',(-0.,-0.,-1.));
#5286 = DIRECTION('',(1.,0.,0.));
#5287 = ADVANCED_FACE('',(#5288),#5306,.T.);
#5288 = FACE_BOUND('',#5289,.T.);
#5289 = EDGE_LOOP('',(#5290,#5298,#5304,#5305));
#5290 = ORIENTED_EDGE('',*,*,#5291,.T.);
#5291 = EDGE_CURVE('',#3478,#5292,#5294,.T.);
#5292 = VERTEX_POINT('',#5293);
#5293 = CARTESIAN_POINT('',(233.830581,-50.576352,1.));
#5294 = LINE('',#5295,#5296);
#5295 = CARTESIAN_POINT('',(233.830581,-50.576352,0.));
#5296 = VECTOR('',#5297,1.);
#5297 = DIRECTION('',(0.,0.,1.));
#5298 = ORIENTED_EDGE('',*,*,#5299,.T.);
#5299 = EDGE_CURVE('',#5292,#5267,#5300,.T.);
#5300 = LINE('',#5301,#5302);
#5301 = CARTESIAN_POINT('',(233.830581,-50.576352,1.));
#5302 = VECTOR('',#5303,1.);
#5303 = DIRECTION('',(0.,1.,0.));
#5304 = ORIENTED_EDGE('',*,*,#5266,.F.);
#5305 = ORIENTED_EDGE('',*,*,#3486,.F.);
#5306 = PLANE('',#5307);
#5307 = AXIS2_PLACEMENT_3D('',#5308,#5309,#5310);
#5308 = CARTESIAN_POINT('',(233.830581,-50.576352,0.));
#5309 = DIRECTION('',(-1.,0.,0.));
#5310 = DIRECTION('',(0.,1.,0.));
#5311 = ADVANCED_FACE('',(#5312),#5331,.F.);
#5312 = FACE_BOUND('',#5313,.T.);
#5313 = EDGE_LOOP('',(#5314,#5322,#5329,#5330));
#5314 = ORIENTED_EDGE('',*,*,#5315,.T.);
#5315 = EDGE_CURVE('',#3470,#5316,#5318,.T.);
#5316 = VERTEX_POINT('',#5317);
#5317 = CARTESIAN_POINT('',(232.830581,-51.576352,1.));
#5318 = LINE('',#5319,#5320);
#5319 = CARTESIAN_POINT('',(232.830581,-51.576352,0.));
#5320 = VECTOR('',#5321,1.);
#5321 = DIRECTION('',(0.,0.,1.));
#5322 = ORIENTED_EDGE('',*,*,#5323,.T.);
#5323 = EDGE_CURVE('',#5316,#5292,#5324,.T.);
#5324 = CIRCLE('',#5325,1.);
#5325 = AXIS2_PLACEMENT_3D('',#5326,#5327,#5328);
#5326 = CARTESIAN_POINT('',(232.830581,-50.576352,1.));
#5327 = DIRECTION('',(0.,0.,1.));
#5328 = DIRECTION('',(1.,0.,0.));
#5329 = ORIENTED_EDGE('',*,*,#5291,.F.);
#5330 = ORIENTED_EDGE('',*,*,#3477,.F.);
#5331 = CYLINDRICAL_SURFACE('',#5332,1.);
#5332 = AXIS2_PLACEMENT_3D('',#5333,#5334,#5335);
#5333 = CARTESIAN_POINT('',(232.830581,-50.576352,0.));
#5334 = DIRECTION('',(-0.,-0.,-1.));
#5335 = DIRECTION('',(1.,0.,0.));
#5336 = ADVANCED_FACE('',(#5337),#5355,.T.);
#5337 = FACE_BOUND('',#5338,.T.);
#5338 = EDGE_LOOP('',(#5339,#5347,#5353,#5354));
#5339 = ORIENTED_EDGE('',*,*,#5340,.T.);
#5340 = EDGE_CURVE('',#3461,#5341,#5343,.T.);
#5341 = VERTEX_POINT('',#5342);
#5342 = CARTESIAN_POINT('',(5.3,-51.576352,1.));
#5343 = LINE('',#5344,#5345);
#5344 = CARTESIAN_POINT('',(5.3,-51.576352,0.));
#5345 = VECTOR('',#5346,1.);
#5346 = DIRECTION('',(0.,0.,1.));
#5347 = ORIENTED_EDGE('',*,*,#5348,.T.);
#5348 = EDGE_CURVE('',#5341,#5316,#5349,.T.);
#5349 = LINE('',#5350,#5351);
#5350 = CARTESIAN_POINT('',(5.3,-51.576352,1.));
#5351 = VECTOR('',#5352,1.);
#5352 = DIRECTION('',(1.,0.,0.));
#5353 = ORIENTED_EDGE('',*,*,#5315,.F.);
#5354 = ORIENTED_EDGE('',*,*,#3469,.F.);
#5355 = PLANE('',#5356);
#5356 = AXIS2_PLACEMENT_3D('',#5357,#5358,#5359);
#5357 = CARTESIAN_POINT('',(5.3,-51.576352,0.));
#5358 = DIRECTION('',(0.,1.,0.));
#5359 = DIRECTION('',(1.,0.,0.));
#5360 = ADVANCED_FACE('',(#5361),#5380,.F.);
#5361 = FACE_BOUND('',#5362,.T.);
#5362 = EDGE_LOOP('',(#5363,#5371,#5378,#5379));
#5363 = ORIENTED_EDGE('',*,*,#5364,.T.);
#5364 = EDGE_CURVE('',#3453,#5365,#5367,.T.);
#5365 = VERTEX_POINT('',#5366);
#5366 = CARTESIAN_POINT('',(4.3,-50.576352,1.));
#5367 = LINE('',#5368,#5369);
#5368 = CARTESIAN_POINT('',(4.3,-50.576352,0.));
#5369 = VECTOR('',#5370,1.);
#5370 = DIRECTION('',(0.,0.,1.));
#5371 = ORIENTED_EDGE('',*,*,#5372,.T.);
#5372 = EDGE_CURVE('',#5365,#5341,#5373,.T.);
#5373 = CIRCLE('',#5374,1.);
#5374 = AXIS2_PLACEMENT_3D('',#5375,#5376,#5377);
#5375 = CARTESIAN_POINT('',(5.3,-50.576352,1.));
#5376 = DIRECTION('',(0.,0.,1.));
#5377 = DIRECTION('',(1.,0.,0.));
#5378 = ORIENTED_EDGE('',*,*,#5340,.F.);
#5379 = ORIENTED_EDGE('',*,*,#3460,.F.);
#5380 = CYLINDRICAL_SURFACE('',#5381,1.);
#5381 = AXIS2_PLACEMENT_3D('',#5382,#5383,#5384);
#5382 = CARTESIAN_POINT('',(5.3,-50.576352,0.));
#5383 = DIRECTION('',(-0.,-0.,-1.));
#5384 = DIRECTION('',(1.,0.,0.));
#5385 = ADVANCED_FACE('',(#5386),#5397,.T.);
#5386 = FACE_BOUND('',#5387,.T.);
#5387 = EDGE_LOOP('',(#5388,#5389,#5395,#5396));
#5388 = ORIENTED_EDGE('',*,*,#5227,.T.);
#5389 = ORIENTED_EDGE('',*,*,#5390,.T.);
#5390 = EDGE_CURVE('',#5219,#5365,#5391,.T.);
#5391 = LINE('',#5392,#5393);
#5392 = CARTESIAN_POINT('',(4.3,-48.966567,1.));
#5393 = VECTOR('',#5394,1.);
#5394 = DIRECTION('',(0.,-1.,0.));
#5395 = ORIENTED_EDGE('',*,*,#5364,.F.);
#5396 = ORIENTED_EDGE('',*,*,#3452,.F.);
#5397 = PLANE('',#5398);
#5398 = AXIS2_PLACEMENT_3D('',#5399,#5400,#5401);
#5399 = CARTESIAN_POINT('',(4.3,-48.966567,0.));
#5400 = DIRECTION('',(1.,0.,0.));
#5401 = DIRECTION('',(0.,-1.,0.));
#5402 = ADVANCED_FACE('',(#5403),#5429,.F.);
#5403 = FACE_BOUND('',#5404,.T.);
#5404 = EDGE_LOOP('',(#5405,#5413,#5422,#5428));
#5405 = ORIENTED_EDGE('',*,*,#5406,.T.);
#5406 = EDGE_CURVE('',#3512,#5407,#5409,.T.);
#5407 = VERTEX_POINT('',#5408);
#5408 = CARTESIAN_POINT('',(5.3,-42.416567,1.));
#5409 = LINE('',#5410,#5411);
#5410 = CARTESIAN_POINT('',(5.3,-42.416567,0.));
#5411 = VECTOR('',#5412,1.);
#5412 = DIRECTION('',(0.,0.,1.));
#5413 = ORIENTED_EDGE('',*,*,#5414,.T.);
#5414 = EDGE_CURVE('',#5407,#5415,#5417,.T.);
#5415 = VERTEX_POINT('',#5416);
#5416 = CARTESIAN_POINT('',(4.3,-43.416567,1.));
#5417 = CIRCLE('',#5418,1.);
#5418 = AXIS2_PLACEMENT_3D('',#5419,#5420,#5421);
#5419 = CARTESIAN_POINT('',(5.3,-43.416567,1.));
#5420 = DIRECTION('',(0.,0.,1.));
#5421 = DIRECTION('',(1.,0.,0.));
#5422 = ORIENTED_EDGE('',*,*,#5423,.F.);
#5423 = EDGE_CURVE('',#3514,#5415,#5424,.T.);
#5424 = LINE('',#5425,#5426);
#5425 = CARTESIAN_POINT('',(4.3,-43.416567,0.));
#5426 = VECTOR('',#5427,1.);
#5427 = DIRECTION('',(0.,0.,1.));
#5428 = ORIENTED_EDGE('',*,*,#3511,.F.);
#5429 = CYLINDRICAL_SURFACE('',#5430,1.);
#5430 = AXIS2_PLACEMENT_3D('',#5431,#5432,#5433);
#5431 = CARTESIAN_POINT('',(5.3,-43.416567,0.));
#5432 = DIRECTION('',(-0.,-0.,-1.));
#5433 = DIRECTION('',(1.,0.,0.));
#5434 = ADVANCED_FACE('',(#5435),#5453,.T.);
#5435 = FACE_BOUND('',#5436,.T.);
#5436 = EDGE_LOOP('',(#5437,#5445,#5451,#5452));
#5437 = ORIENTED_EDGE('',*,*,#5438,.T.);
#5438 = EDGE_CURVE('',#3565,#5439,#5441,.T.);
#5439 = VERTEX_POINT('',#5440);
#5440 = CARTESIAN_POINT('',(232.830581,-42.416567,1.));
#5441 = LINE('',#5442,#5443);
#5442 = CARTESIAN_POINT('',(232.830581,-42.416567,0.));
#5443 = VECTOR('',#5444,1.);
#5444 = DIRECTION('',(0.,0.,1.));
#5445 = ORIENTED_EDGE('',*,*,#5446,.T.);
#5446 = EDGE_CURVE('',#5439,#5407,#5447,.T.);
#5447 = LINE('',#5448,#5449);
#5448 = CARTESIAN_POINT('',(232.830581,-42.416567,1.));
#5449 = VECTOR('',#5450,1.);
#5450 = DIRECTION('',(-1.,0.,0.));
#5451 = ORIENTED_EDGE('',*,*,#5406,.F.);
#5452 = ORIENTED_EDGE('',*,*,#3573,.F.);
#5453 = PLANE('',#5454);
#5454 = AXIS2_PLACEMENT_3D('',#5455,#5456,#5457);
#5455 = CARTESIAN_POINT('',(232.830581,-42.416567,0.));
#5456 = DIRECTION('',(0.,-1.,0.));
#5457 = DIRECTION('',(-1.,0.,0.));
#5458 = ADVANCED_FACE('',(#5459),#5478,.F.);
#5459 = FACE_BOUND('',#5460,.T.);
#5460 = EDGE_LOOP('',(#5461,#5469,#5476,#5477));
#5461 = ORIENTED_EDGE('',*,*,#5462,.T.);
#5462 = EDGE_CURVE('',#3557,#5463,#5465,.T.);
#5463 = VERTEX_POINT('',#5464);
#5464 = CARTESIAN_POINT('',(233.830581,-43.416567,1.));
#5465 = LINE('',#5466,#5467);
#5466 = CARTESIAN_POINT('',(233.830581,-43.416567,0.));
#5467 = VECTOR('',#5468,1.);
#5468 = DIRECTION('',(0.,0.,1.));
#5469 = ORIENTED_EDGE('',*,*,#5470,.T.);
#5470 = EDGE_CURVE('',#5463,#5439,#5471,.T.);
#5471 = CIRCLE('',#5472,1.);
#5472 = AXIS2_PLACEMENT_3D('',#5473,#5474,#5475);
#5473 = CARTESIAN_POINT('',(232.830581,-43.416567,1.));
#5474 = DIRECTION('',(0.,0.,1.));
#5475 = DIRECTION('',(1.,0.,0.));
#5476 = ORIENTED_EDGE('',*,*,#5438,.F.);
#5477 = ORIENTED_EDGE('',*,*,#3564,.F.);
#5478 = CYLINDRICAL_SURFACE('',#5479,1.);
#5479 = AXIS2_PLACEMENT_3D('',#5480,#5481,#5482);
#5480 = CARTESIAN_POINT('',(232.830581,-43.416567,0.));
#5481 = DIRECTION('',(-0.,-0.,-1.));
#5482 = DIRECTION('',(1.,0.,0.));
#5483 = ADVANCED_FACE('',(#5484),#5502,.T.);
#5484 = FACE_BOUND('',#5485,.T.);
#5485 = EDGE_LOOP('',(#5486,#5494,#5500,#5501));
#5486 = ORIENTED_EDGE('',*,*,#5487,.T.);
#5487 = EDGE_CURVE('',#3548,#5488,#5490,.T.);
#5488 = VERTEX_POINT('',#5489);
#5489 = CARTESIAN_POINT('',(233.830581,-45.026352,1.));
#5490 = LINE('',#5491,#5492);
#5491 = CARTESIAN_POINT('',(233.830581,-45.026352,0.));
#5492 = VECTOR('',#5493,1.);
#5493 = DIRECTION('',(0.,0.,1.));
#5494 = ORIENTED_EDGE('',*,*,#5495,.T.);
#5495 = EDGE_CURVE('',#5488,#5463,#5496,.T.);
#5496 = LINE('',#5497,#5498);
#5497 = CARTESIAN_POINT('',(233.830581,-45.026352,1.));
#5498 = VECTOR('',#5499,1.);
#5499 = DIRECTION('',(0.,1.,0.));
#5500 = ORIENTED_EDGE('',*,*,#5462,.F.);
#5501 = ORIENTED_EDGE('',*,*,#3556,.F.);
#5502 = PLANE('',#5503);
#5503 = AXIS2_PLACEMENT_3D('',#5504,#5505,#5506);
#5504 = CARTESIAN_POINT('',(233.830581,-45.026352,0.));
#5505 = DIRECTION('',(-1.,0.,0.));
#5506 = DIRECTION('',(0.,1.,0.));
#5507 = ADVANCED_FACE('',(#5508),#5527,.F.);
#5508 = FACE_BOUND('',#5509,.T.);
#5509 = EDGE_LOOP('',(#5510,#5518,#5525,#5526));
#5510 = ORIENTED_EDGE('',*,*,#5511,.T.);
#5511 = EDGE_CURVE('',#3540,#5512,#5514,.T.);
#5512 = VERTEX_POINT('',#5513);
#5513 = CARTESIAN_POINT('',(232.830581,-46.026352,1.));
#5514 = LINE('',#5515,#5516);
#5515 = CARTESIAN_POINT('',(232.830581,-46.026352,0.));
#5516 = VECTOR('',#5517,1.);
#5517 = DIRECTION('',(0.,0.,1.));
#5518 = ORIENTED_EDGE('',*,*,#5519,.T.);
#5519 = EDGE_CURVE('',#5512,#5488,#5520,.T.);
#5520 = CIRCLE('',#5521,1.);
#5521 = AXIS2_PLACEMENT_3D('',#5522,#5523,#5524);
#5522 = CARTESIAN_POINT('',(232.830581,-45.026352,1.));
#5523 = DIRECTION('',(0.,0.,1.));
#5524 = DIRECTION('',(1.,0.,0.));
#5525 = ORIENTED_EDGE('',*,*,#5487,.F.);
#5526 = ORIENTED_EDGE('',*,*,#3547,.F.);
#5527 = CYLINDRICAL_SURFACE('',#5528,1.);
#5528 = AXIS2_PLACEMENT_3D('',#5529,#5530,#5531);
#5529 = CARTESIAN_POINT('',(232.830581,-45.026352,0.));
#5530 = DIRECTION('',(-0.,-0.,-1.));
#5531 = DIRECTION('',(1.,0.,0.));
#5532 = ADVANCED_FACE('',(#5533),#5551,.T.);
#5533 = FACE_BOUND('',#5534,.T.);
#5534 = EDGE_LOOP('',(#5535,#5543,#5549,#5550));
#5535 = ORIENTED_EDGE('',*,*,#5536,.T.);
#5536 = EDGE_CURVE('',#3531,#5537,#5539,.T.);
#5537 = VERTEX_POINT('',#5538);
#5538 = CARTESIAN_POINT('',(5.3,-46.026352,1.));
#5539 = LINE('',#5540,#5541);
#5540 = CARTESIAN_POINT('',(5.3,-46.026352,0.));
#5541 = VECTOR('',#5542,1.);
#5542 = DIRECTION('',(0.,0.,1.));
#5543 = ORIENTED_EDGE('',*,*,#5544,.T.);
#5544 = EDGE_CURVE('',#5537,#5512,#5545,.T.);
#5545 = LINE('',#5546,#5547);
#5546 = CARTESIAN_POINT('',(5.3,-46.026352,1.));
#5547 = VECTOR('',#5548,1.);
#5548 = DIRECTION('',(1.,0.,0.));
#5549 = ORIENTED_EDGE('',*,*,#5511,.F.);
#5550 = ORIENTED_EDGE('',*,*,#3539,.F.);
#5551 = PLANE('',#5552);
#5552 = AXIS2_PLACEMENT_3D('',#5553,#5554,#5555);
#5553 = CARTESIAN_POINT('',(5.3,-46.026352,0.));
#5554 = DIRECTION('',(0.,1.,0.));
#5555 = DIRECTION('',(1.,0.,0.));
#5556 = ADVANCED_FACE('',(#5557),#5576,.F.);
#5557 = FACE_BOUND('',#5558,.T.);
#5558 = EDGE_LOOP('',(#5559,#5567,#5574,#5575));
#5559 = ORIENTED_EDGE('',*,*,#5560,.T.);
#5560 = EDGE_CURVE('',#3523,#5561,#5563,.T.);
#5561 = VERTEX_POINT('',#5562);
#5562 = CARTESIAN_POINT('',(4.3,-45.026352,1.));
#5563 = LINE('',#5564,#5565);
#5564 = CARTESIAN_POINT('',(4.3,-45.026352,0.));
#5565 = VECTOR('',#5566,1.);
#5566 = DIRECTION('',(0.,0.,1.));
#5567 = ORIENTED_EDGE('',*,*,#5568,.T.);
#5568 = EDGE_CURVE('',#5561,#5537,#5569,.T.);
#5569 = CIRCLE('',#5570,1.);
#5570 = AXIS2_PLACEMENT_3D('',#5571,#5572,#5573);
#5571 = CARTESIAN_POINT('',(5.3,-45.026352,1.));
#5572 = DIRECTION('',(0.,0.,1.));
#5573 = DIRECTION('',(1.,0.,0.));
#5574 = ORIENTED_EDGE('',*,*,#5536,.F.);
#5575 = ORIENTED_EDGE('',*,*,#3530,.F.);
#5576 = CYLINDRICAL_SURFACE('',#5577,1.);
#5577 = AXIS2_PLACEMENT_3D('',#5578,#5579,#5580);
#5578 = CARTESIAN_POINT('',(5.3,-45.026352,0.));
#5579 = DIRECTION('',(-0.,-0.,-1.));
#5580 = DIRECTION('',(1.,0.,0.));
#5581 = ADVANCED_FACE('',(#5582),#5593,.T.);
#5582 = FACE_BOUND('',#5583,.T.);
#5583 = EDGE_LOOP('',(#5584,#5585,#5591,#5592));
#5584 = ORIENTED_EDGE('',*,*,#5423,.T.);
#5585 = ORIENTED_EDGE('',*,*,#5586,.T.);
#5586 = EDGE_CURVE('',#5415,#5561,#5587,.T.);
#5587 = LINE('',#5588,#5589);
#5588 = CARTESIAN_POINT('',(4.3,-43.416567,1.));
#5589 = VECTOR('',#5590,1.);
#5590 = DIRECTION('',(0.,-1.,0.));
#5591 = ORIENTED_EDGE('',*,*,#5560,.F.);
#5592 = ORIENTED_EDGE('',*,*,#3522,.F.);
#5593 = PLANE('',#5594);
#5594 = AXIS2_PLACEMENT_3D('',#5595,#5596,#5597);
#5595 = CARTESIAN_POINT('',(4.3,-43.416567,0.));
#5596 = DIRECTION('',(1.,0.,0.));
#5597 = DIRECTION('',(0.,-1.,0.));
#5598 = ADVANCED_FACE('',(#5599),#5625,.F.);
#5599 = FACE_BOUND('',#5600,.T.);
#5600 = EDGE_LOOP('',(#5601,#5609,#5618,#5624));
#5601 = ORIENTED_EDGE('',*,*,#5602,.T.);
#5602 = EDGE_CURVE('',#3582,#5603,#5605,.T.);
#5603 = VERTEX_POINT('',#5604);
#5604 = CARTESIAN_POINT('',(5.3,-36.866567,1.));
#5605 = LINE('',#5606,#5607);
#5606 = CARTESIAN_POINT('',(5.3,-36.866567,0.));
#5607 = VECTOR('',#5608,1.);
#5608 = DIRECTION('',(0.,0.,1.));
#5609 = ORIENTED_EDGE('',*,*,#5610,.T.);
#5610 = EDGE_CURVE('',#5603,#5611,#5613,.T.);
#5611 = VERTEX_POINT('',#5612);
#5612 = CARTESIAN_POINT('',(4.3,-37.866567,1.));
#5613 = CIRCLE('',#5614,1.);
#5614 = AXIS2_PLACEMENT_3D('',#5615,#5616,#5617);
#5615 = CARTESIAN_POINT('',(5.3,-37.866567,1.));
#5616 = DIRECTION('',(0.,0.,1.));
#5617 = DIRECTION('',(1.,0.,0.));
#5618 = ORIENTED_EDGE('',*,*,#5619,.F.);
#5619 = EDGE_CURVE('',#3584,#5611,#5620,.T.);
#5620 = LINE('',#5621,#5622);
#5621 = CARTESIAN_POINT('',(4.3,-37.866567,0.));
#5622 = VECTOR('',#5623,1.);
#5623 = DIRECTION('',(0.,0.,1.));
#5624 = ORIENTED_EDGE('',*,*,#3581,.F.);
#5625 = CYLINDRICAL_SURFACE('',#5626,1.);
#5626 = AXIS2_PLACEMENT_3D('',#5627,#5628,#5629);
#5627 = CARTESIAN_POINT('',(5.3,-37.866567,0.));
#5628 = DIRECTION('',(-0.,-0.,-1.));
#5629 = DIRECTION('',(1.,0.,0.));
#5630 = ADVANCED_FACE('',(#5631),#5649,.T.);
#5631 = FACE_BOUND('',#5632,.T.);
#5632 = EDGE_LOOP('',(#5633,#5641,#5647,#5648));
#5633 = ORIENTED_EDGE('',*,*,#5634,.T.);
#5634 = EDGE_CURVE('',#3635,#5635,#5637,.T.);
#5635 = VERTEX_POINT('',#5636);
#5636 = CARTESIAN_POINT('',(232.830581,-36.866567,1.));
#5637 = LINE('',#5638,#5639);
#5638 = CARTESIAN_POINT('',(232.830581,-36.866567,0.));
#5639 = VECTOR('',#5640,1.);
#5640 = DIRECTION('',(0.,0.,1.));
#5641 = ORIENTED_EDGE('',*,*,#5642,.T.);
#5642 = EDGE_CURVE('',#5635,#5603,#5643,.T.);
#5643 = LINE('',#5644,#5645);
#5644 = CARTESIAN_POINT('',(232.830581,-36.866567,1.));
#5645 = VECTOR('',#5646,1.);
#5646 = DIRECTION('',(-1.,0.,0.));
#5647 = ORIENTED_EDGE('',*,*,#5602,.F.);
#5648 = ORIENTED_EDGE('',*,*,#3643,.F.);
#5649 = PLANE('',#5650);
#5650 = AXIS2_PLACEMENT_3D('',#5651,#5652,#5653);
#5651 = CARTESIAN_POINT('',(232.830581,-36.866567,0.));
#5652 = DIRECTION('',(0.,-1.,0.));
#5653 = DIRECTION('',(-1.,0.,0.));
#5654 = ADVANCED_FACE('',(#5655),#5674,.F.);
#5655 = FACE_BOUND('',#5656,.T.);
#5656 = EDGE_LOOP('',(#5657,#5665,#5672,#5673));
#5657 = ORIENTED_EDGE('',*,*,#5658,.T.);
#5658 = EDGE_CURVE('',#3627,#5659,#5661,.T.);
#5659 = VERTEX_POINT('',#5660);
#5660 = CARTESIAN_POINT('',(233.830581,-37.866567,1.));
#5661 = LINE('',#5662,#5663);
#5662 = CARTESIAN_POINT('',(233.830581,-37.866567,0.));
#5663 = VECTOR('',#5664,1.);
#5664 = DIRECTION('',(0.,0.,1.));
#5665 = ORIENTED_EDGE('',*,*,#5666,.T.);
#5666 = EDGE_CURVE('',#5659,#5635,#5667,.T.);
#5667 = CIRCLE('',#5668,1.);
#5668 = AXIS2_PLACEMENT_3D('',#5669,#5670,#5671);
#5669 = CARTESIAN_POINT('',(232.830581,-37.866567,1.));
#5670 = DIRECTION('',(0.,0.,1.));
#5671 = DIRECTION('',(1.,0.,0.));
#5672 = ORIENTED_EDGE('',*,*,#5634,.F.);
#5673 = ORIENTED_EDGE('',*,*,#3634,.F.);
#5674 = CYLINDRICAL_SURFACE('',#5675,1.);
#5675 = AXIS2_PLACEMENT_3D('',#5676,#5677,#5678);
#5676 = CARTESIAN_POINT('',(232.830581,-37.866567,0.));
#5677 = DIRECTION('',(-0.,-0.,-1.));
#5678 = DIRECTION('',(1.,0.,0.));
#5679 = ADVANCED_FACE('',(#5680),#5698,.T.);
#5680 = FACE_BOUND('',#5681,.T.);
#5681 = EDGE_LOOP('',(#5682,#5690,#5696,#5697));
#5682 = ORIENTED_EDGE('',*,*,#5683,.T.);
#5683 = EDGE_CURVE('',#3618,#5684,#5686,.T.);
#5684 = VERTEX_POINT('',#5685);
#5685 = CARTESIAN_POINT('',(233.830581,-39.476352,1.));
#5686 = LINE('',#5687,#5688);
#5687 = CARTESIAN_POINT('',(233.830581,-39.476352,0.));
#5688 = VECTOR('',#5689,1.);
#5689 = DIRECTION('',(0.,0.,1.));
#5690 = ORIENTED_EDGE('',*,*,#5691,.T.);
#5691 = EDGE_CURVE('',#5684,#5659,#5692,.T.);
#5692 = LINE('',#5693,#5694);
#5693 = CARTESIAN_POINT('',(233.830581,-39.476352,1.));
#5694 = VECTOR('',#5695,1.);
#5695 = DIRECTION('',(0.,1.,0.));
#5696 = ORIENTED_EDGE('',*,*,#5658,.F.);
#5697 = ORIENTED_EDGE('',*,*,#3626,.F.);
#5698 = PLANE('',#5699);
#5699 = AXIS2_PLACEMENT_3D('',#5700,#5701,#5702);
#5700 = CARTESIAN_POINT('',(233.830581,-39.476352,0.));
#5701 = DIRECTION('',(-1.,0.,0.));
#5702 = DIRECTION('',(0.,1.,0.));
#5703 = ADVANCED_FACE('',(#5704),#5723,.F.);
#5704 = FACE_BOUND('',#5705,.T.);
#5705 = EDGE_LOOP('',(#5706,#5714,#5721,#5722));
#5706 = ORIENTED_EDGE('',*,*,#5707,.T.);
#5707 = EDGE_CURVE('',#3610,#5708,#5710,.T.);
#5708 = VERTEX_POINT('',#5709);
#5709 = CARTESIAN_POINT('',(232.830581,-40.476352,1.));
#5710 = LINE('',#5711,#5712);
#5711 = CARTESIAN_POINT('',(232.830581,-40.476352,0.));
#5712 = VECTOR('',#5713,1.);
#5713 = DIRECTION('',(0.,0.,1.));
#5714 = ORIENTED_EDGE('',*,*,#5715,.T.);
#5715 = EDGE_CURVE('',#5708,#5684,#5716,.T.);
#5716 = CIRCLE('',#5717,1.);
#5717 = AXIS2_PLACEMENT_3D('',#5718,#5719,#5720);
#5718 = CARTESIAN_POINT('',(232.830581,-39.476352,1.));
#5719 = DIRECTION('',(0.,0.,1.));
#5720 = DIRECTION('',(1.,0.,0.));
#5721 = ORIENTED_EDGE('',*,*,#5683,.F.);
#5722 = ORIENTED_EDGE('',*,*,#3617,.F.);
#5723 = CYLINDRICAL_SURFACE('',#5724,1.);
#5724 = AXIS2_PLACEMENT_3D('',#5725,#5726,#5727);
#5725 = CARTESIAN_POINT('',(232.830581,-39.476352,0.));
#5726 = DIRECTION('',(-0.,-0.,-1.));
#5727 = DIRECTION('',(1.,0.,0.));
#5728 = ADVANCED_FACE('',(#5729),#5747,.T.);
#5729 = FACE_BOUND('',#5730,.T.);
#5730 = EDGE_LOOP('',(#5731,#5739,#5745,#5746));
#5731 = ORIENTED_EDGE('',*,*,#5732,.T.);
#5732 = EDGE_CURVE('',#3601,#5733,#5735,.T.);
#5733 = VERTEX_POINT('',#5734);
#5734 = CARTESIAN_POINT('',(5.3,-40.476352,1.));
#5735 = LINE('',#5736,#5737);
#5736 = CARTESIAN_POINT('',(5.3,-40.476352,0.));
#5737 = VECTOR('',#5738,1.);
#5738 = DIRECTION('',(0.,0.,1.));
#5739 = ORIENTED_EDGE('',*,*,#5740,.T.);
#5740 = EDGE_CURVE('',#5733,#5708,#5741,.T.);
#5741 = LINE('',#5742,#5743);
#5742 = CARTESIAN_POINT('',(5.3,-40.476352,1.));
#5743 = VECTOR('',#5744,1.);
#5744 = DIRECTION('',(1.,0.,0.));
#5745 = ORIENTED_EDGE('',*,*,#5707,.F.);
#5746 = ORIENTED_EDGE('',*,*,#3609,.F.);
#5747 = PLANE('',#5748);
#5748 = AXIS2_PLACEMENT_3D('',#5749,#5750,#5751);
#5749 = CARTESIAN_POINT('',(5.3,-40.476352,0.));
#5750 = DIRECTION('',(0.,1.,0.));
#5751 = DIRECTION('',(1.,0.,0.));
#5752 = ADVANCED_FACE('',(#5753),#5772,.F.);
#5753 = FACE_BOUND('',#5754,.T.);
#5754 = EDGE_LOOP('',(#5755,#5763,#5770,#5771));
#5755 = ORIENTED_EDGE('',*,*,#5756,.T.);
#5756 = EDGE_CURVE('',#3593,#5757,#5759,.T.);
#5757 = VERTEX_POINT('',#5758);
#5758 = CARTESIAN_POINT('',(4.3,-39.476352,1.));
#5759 = LINE('',#5760,#5761);
#5760 = CARTESIAN_POINT('',(4.3,-39.476352,0.));
#5761 = VECTOR('',#5762,1.);
#5762 = DIRECTION('',(0.,0.,1.));
#5763 = ORIENTED_EDGE('',*,*,#5764,.T.);
#5764 = EDGE_CURVE('',#5757,#5733,#5765,.T.);
#5765 = CIRCLE('',#5766,1.);
#5766 = AXIS2_PLACEMENT_3D('',#5767,#5768,#5769);
#5767 = CARTESIAN_POINT('',(5.3,-39.476352,1.));
#5768 = DIRECTION('',(0.,0.,1.));
#5769 = DIRECTION('',(1.,0.,0.));
#5770 = ORIENTED_EDGE('',*,*,#5732,.F.);
#5771 = ORIENTED_EDGE('',*,*,#3600,.F.);
#5772 = CYLINDRICAL_SURFACE('',#5773,1.);
#5773 = AXIS2_PLACEMENT_3D('',#5774,#5775,#5776);
#5774 = CARTESIAN_POINT('',(5.3,-39.476352,0.));
#5775 = DIRECTION('',(-0.,-0.,-1.));
#5776 = DIRECTION('',(1.,0.,0.));
#5777 = ADVANCED_FACE('',(#5778),#5789,.T.);
#5778 = FACE_BOUND('',#5779,.T.);
#5779 = EDGE_LOOP('',(#5780,#5781,#5787,#5788));
#5780 = ORIENTED_EDGE('',*,*,#5619,.T.);
#5781 = ORIENTED_EDGE('',*,*,#5782,.T.);
#5782 = EDGE_CURVE('',#5611,#5757,#5783,.T.);
#5783 = LINE('',#5784,#5785);
#5784 = CARTESIAN_POINT('',(4.3,-37.866567,1.));
#5785 = VECTOR('',#5786,1.);
#5786 = DIRECTION('',(0.,-1.,0.));
#5787 = ORIENTED_EDGE('',*,*,#5756,.F.);
#5788 = ORIENTED_EDGE('',*,*,#3592,.F.);
#5789 = PLANE('',#5790);
#5790 = AXIS2_PLACEMENT_3D('',#5791,#5792,#5793);
#5791 = CARTESIAN_POINT('',(4.3,-37.866567,0.));
#5792 = DIRECTION('',(1.,0.,0.));
#5793 = DIRECTION('',(0.,-1.,0.));
#5794 = ADVANCED_FACE('',(#5795),#5820,.F.);
#5795 = FACE_BOUND('',#5796,.F.);
#5796 = EDGE_LOOP('',(#5797,#5805,#5813,#5819));
#5797 = ORIENTED_EDGE('',*,*,#5798,.T.);
#5798 = EDGE_CURVE('',#3652,#5799,#5801,.T.);
#5799 = VERTEX_POINT('',#5800);
#5800 = CARTESIAN_POINT('',(198.6,-11.304011,1.1));
#5801 = LINE('',#5802,#5803);
#5802 = CARTESIAN_POINT('',(198.6,-11.304011,0.));
#5803 = VECTOR('',#5804,1.);
#5804 = DIRECTION('',(0.,0.,1.));
#5805 = ORIENTED_EDGE('',*,*,#5806,.T.);
#5806 = EDGE_CURVE('',#5799,#5807,#5809,.T.);
#5807 = VERTEX_POINT('',#5808);
#5808 = CARTESIAN_POINT('',(198.6,-9.804011,1.1));
#5809 = LINE('',#5810,#5811);
#5810 = CARTESIAN_POINT('',(198.6,-11.304011,1.1));
#5811 = VECTOR('',#5812,1.);
#5812 = DIRECTION('',(0.,1.,0.));
#5813 = ORIENTED_EDGE('',*,*,#5814,.F.);
#5814 = EDGE_CURVE('',#3654,#5807,#5815,.T.);
#5815 = LINE('',#5816,#5817);
#5816 = CARTESIAN_POINT('',(198.6,-9.804011,0.));
#5817 = VECTOR('',#5818,1.);
#5818 = DIRECTION('',(0.,0.,1.));
#5819 = ORIENTED_EDGE('',*,*,#3651,.F.);
#5820 = PLANE('',#5821);
#5821 = AXIS2_PLACEMENT_3D('',#5822,#5823,#5824);
#5822 = CARTESIAN_POINT('',(198.6,-11.304011,0.));
#5823 = DIRECTION('',(-1.,0.,0.));
#5824 = DIRECTION('',(0.,1.,0.));
#5825 = ADVANCED_FACE('',(#5826),#5845,.F.);
#5826 = FACE_BOUND('',#5827,.F.);
#5827 = EDGE_LOOP('',(#5828,#5836,#5843,#5844));
#5828 = ORIENTED_EDGE('',*,*,#5829,.T.);
#5829 = EDGE_CURVE('',#3662,#5830,#5832,.T.);
#5830 = VERTEX_POINT('',#5831);
#5831 = CARTESIAN_POINT('',(199.6,-12.304011,1.1));
#5832 = LINE('',#5833,#5834);
#5833 = CARTESIAN_POINT('',(199.6,-12.304011,0.));
#5834 = VECTOR('',#5835,1.);
#5835 = DIRECTION('',(0.,0.,1.));
#5836 = ORIENTED_EDGE('',*,*,#5837,.T.);
#5837 = EDGE_CURVE('',#5830,#5799,#5838,.T.);
#5838 = CIRCLE('',#5839,1.);
#5839 = AXIS2_PLACEMENT_3D('',#5840,#5841,#5842);
#5840 = CARTESIAN_POINT('',(199.6,-11.304011,1.1));
#5841 = DIRECTION('',(0.,0.,-1.));
#5842 = DIRECTION('',(1.,0.,0.));
#5843 = ORIENTED_EDGE('',*,*,#5798,.F.);
#5844 = ORIENTED_EDGE('',*,*,#3661,.F.);
#5845 = CYLINDRICAL_SURFACE('',#5846,1.);
#5846 = AXIS2_PLACEMENT_3D('',#5847,#5848,#5849);
#5847 = CARTESIAN_POINT('',(199.6,-11.304011,0.));
#5848 = DIRECTION('',(0.,0.,-1.));
#5849 = DIRECTION('',(1.,0.,0.));
#5850 = ADVANCED_FACE('',(#5851),#5870,.F.);
#5851 = FACE_BOUND('',#5852,.F.);
#5852 = EDGE_LOOP('',(#5853,#5854,#5863,#5869));
#5853 = ORIENTED_EDGE('',*,*,#5814,.T.);
#5854 = ORIENTED_EDGE('',*,*,#5855,.T.);
#5855 = EDGE_CURVE('',#5807,#5856,#5858,.T.);
#5856 = VERTEX_POINT('',#5857);
#5857 = CARTESIAN_POINT('',(199.6,-8.804011,1.1));
#5858 = CIRCLE('',#5859,1.);
#5859 = AXIS2_PLACEMENT_3D('',#5860,#5861,#5862);
#5860 = CARTESIAN_POINT('',(199.6,-9.804011,1.1));
#5861 = DIRECTION('',(0.,0.,-1.));
#5862 = DIRECTION('',(1.,0.,0.));
#5863 = ORIENTED_EDGE('',*,*,#5864,.F.);
#5864 = EDGE_CURVE('',#3705,#5856,#5865,.T.);
#5865 = LINE('',#5866,#5867);
#5866 = CARTESIAN_POINT('',(199.6,-8.804011,0.));
#5867 = VECTOR('',#5868,1.);
#5868 = DIRECTION('',(0.,0.,1.));
#5869 = ORIENTED_EDGE('',*,*,#3712,.F.);
#5870 = CYLINDRICAL_SURFACE('',#5871,1.);
#5871 = AXIS2_PLACEMENT_3D('',#5872,#5873,#5874);
#5872 = CARTESIAN_POINT('',(199.6,-9.804011,0.));
#5873 = DIRECTION('',(0.,0.,-1.));
#5874 = DIRECTION('',(1.,0.,0.));
#5875 = ADVANCED_FACE('',(#5876),#5894,.F.);
#5876 = FACE_BOUND('',#5877,.F.);
#5877 = EDGE_LOOP('',(#5878,#5886,#5892,#5893));
#5878 = ORIENTED_EDGE('',*,*,#5879,.T.);
#5879 = EDGE_CURVE('',#3671,#5880,#5882,.T.);
#5880 = VERTEX_POINT('',#5881);
#5881 = CARTESIAN_POINT('',(227.6,-12.304011,1.1));
#5882 = LINE('',#5883,#5884);
#5883 = CARTESIAN_POINT('',(227.6,-12.304011,0.));
#5884 = VECTOR('',#5885,1.);
#5885 = DIRECTION('',(0.,0.,1.));
#5886 = ORIENTED_EDGE('',*,*,#5887,.T.);
#5887 = EDGE_CURVE('',#5880,#5830,#5888,.T.);
#5888 = LINE('',#5889,#5890);
#5889 = CARTESIAN_POINT('',(227.6,-12.304011,1.1));
#5890 = VECTOR('',#5891,1.);
#5891 = DIRECTION('',(-1.,0.,0.));
#5892 = ORIENTED_EDGE('',*,*,#5829,.F.);
#5893 = ORIENTED_EDGE('',*,*,#3670,.F.);
#5894 = PLANE('',#5895);
#5895 = AXIS2_PLACEMENT_3D('',#5896,#5897,#5898);
#5896 = CARTESIAN_POINT('',(227.6,-12.304011,0.));
#5897 = DIRECTION('',(0.,-1.,0.));
#5898 = DIRECTION('',(-1.,0.,0.));
#5899 = ADVANCED_FACE('',(#5900),#5918,.F.);
#5900 = FACE_BOUND('',#5901,.F.);
#5901 = EDGE_LOOP('',(#5902,#5903,#5911,#5917));
#5902 = ORIENTED_EDGE('',*,*,#5864,.T.);
#5903 = ORIENTED_EDGE('',*,*,#5904,.T.);
#5904 = EDGE_CURVE('',#5856,#5905,#5907,.T.);
#5905 = VERTEX_POINT('',#5906);
#5906 = CARTESIAN_POINT('',(227.6,-8.804011,1.1));
#5907 = LINE('',#5908,#5909);
#5908 = CARTESIAN_POINT('',(199.6,-8.804011,1.1));
#5909 = VECTOR('',#5910,1.);
#5910 = DIRECTION('',(1.,0.,0.));
#5911 = ORIENTED_EDGE('',*,*,#5912,.F.);
#5912 = EDGE_CURVE('',#3696,#5905,#5913,.T.);
#5913 = LINE('',#5914,#5915);
#5914 = CARTESIAN_POINT('',(227.6,-8.804011,0.));
#5915 = VECTOR('',#5916,1.);
#5916 = DIRECTION('',(0.,0.,1.));
#5917 = ORIENTED_EDGE('',*,*,#3704,.F.);
#5918 = PLANE('',#5919);
#5919 = AXIS2_PLACEMENT_3D('',#5920,#5921,#5922);
#5920 = CARTESIAN_POINT('',(199.6,-8.804011,0.));
#5921 = DIRECTION('',(0.,1.,0.));
#5922 = DIRECTION('',(1.,0.,0.));
#5923 = ADVANCED_FACE('',(#5924),#5943,.F.);
#5924 = FACE_BOUND('',#5925,.F.);
#5925 = EDGE_LOOP('',(#5926,#5934,#5941,#5942));
#5926 = ORIENTED_EDGE('',*,*,#5927,.T.);
#5927 = EDGE_CURVE('',#3679,#5928,#5930,.T.);
#5928 = VERTEX_POINT('',#5929);
#5929 = CARTESIAN_POINT('',(228.6,-11.304011,1.1));
#5930 = LINE('',#5931,#5932);
#5931 = CARTESIAN_POINT('',(228.6,-11.304011,0.));
#5932 = VECTOR('',#5933,1.);
#5933 = DIRECTION('',(0.,0.,1.));
#5934 = ORIENTED_EDGE('',*,*,#5935,.T.);
#5935 = EDGE_CURVE('',#5928,#5880,#5936,.T.);
#5936 = CIRCLE('',#5937,1.);
#5937 = AXIS2_PLACEMENT_3D('',#5938,#5939,#5940);
#5938 = CARTESIAN_POINT('',(227.6,-11.304011,1.1));
#5939 = DIRECTION('',(0.,0.,-1.));
#5940 = DIRECTION('',(1.,0.,0.));
#5941 = ORIENTED_EDGE('',*,*,#5879,.F.);
#5942 = ORIENTED_EDGE('',*,*,#3678,.F.);
#5943 = CYLINDRICAL_SURFACE('',#5944,1.);
#5944 = AXIS2_PLACEMENT_3D('',#5945,#5946,#5947);
#5945 = CARTESIAN_POINT('',(227.6,-11.304011,0.));
#5946 = DIRECTION('',(0.,0.,-1.));
#5947 = DIRECTION('',(1.,0.,0.));
#5948 = ADVANCED_FACE('',(#5949),#5968,.F.);
#5949 = FACE_BOUND('',#5950,.F.);
#5950 = EDGE_LOOP('',(#5951,#5952,#5961,#5967));
#5951 = ORIENTED_EDGE('',*,*,#5912,.T.);
#5952 = ORIENTED_EDGE('',*,*,#5953,.T.);
#5953 = EDGE_CURVE('',#5905,#5954,#5956,.T.);
#5954 = VERTEX_POINT('',#5955);
#5955 = CARTESIAN_POINT('',(228.6,-9.804011,1.1));
#5956 = CIRCLE('',#5957,1.);
#5957 = AXIS2_PLACEMENT_3D('',#5958,#5959,#5960);
#5958 = CARTESIAN_POINT('',(227.6,-9.804011,1.1));
#5959 = DIRECTION('',(0.,0.,-1.));
#5960 = DIRECTION('',(1.,0.,0.));
#5961 = ORIENTED_EDGE('',*,*,#5962,.F.);
#5962 = EDGE_CURVE('',#3688,#5954,#5963,.T.);
#5963 = LINE('',#5964,#5965);
#5964 = CARTESIAN_POINT('',(228.6,-9.804011,0.));
#5965 = VECTOR('',#5966,1.);
#5966 = DIRECTION('',(0.,0.,1.));
#5967 = ORIENTED_EDGE('',*,*,#3695,.F.);
#5968 = CYLINDRICAL_SURFACE('',#5969,1.);
#5969 = AXIS2_PLACEMENT_3D('',#5970,#5971,#5972);
#5970 = CARTESIAN_POINT('',(227.6,-9.804011,0.));
#5971 = DIRECTION('',(0.,0.,-1.));
#5972 = DIRECTION('',(1.,0.,0.));
#5973 = ADVANCED_FACE('',(#5974),#5985,.F.);
#5974 = FACE_BOUND('',#5975,.F.);
#5975 = EDGE_LOOP('',(#5976,#5977,#5983,#5984));
#5976 = ORIENTED_EDGE('',*,*,#5962,.T.);
#5977 = ORIENTED_EDGE('',*,*,#5978,.T.);
#5978 = EDGE_CURVE('',#5954,#5928,#5979,.T.);
#5979 = LINE('',#5980,#5981);
#5980 = CARTESIAN_POINT('',(228.6,-9.804011,1.1));
#5981 = VECTOR('',#5982,1.);
#5982 = DIRECTION('',(0.,-1.,0.));
#5983 = ORIENTED_EDGE('',*,*,#5927,.F.);
#5984 = ORIENTED_EDGE('',*,*,#3687,.F.);
#5985 = PLANE('',#5986);
#5986 = AXIS2_PLACEMENT_3D('',#5987,#5988,#5989);
#5987 = CARTESIAN_POINT('',(228.6,-9.804011,0.));
#5988 = DIRECTION('',(1.,0.,0.));
#5989 = DIRECTION('',(0.,-1.,0.));
#5990 = ADVANCED_FACE('',(#5991),#6017,.F.);
#5991 = FACE_BOUND('',#5992,.T.);
#5992 = EDGE_LOOP('',(#5993,#6001,#6010,#6016));
#5993 = ORIENTED_EDGE('',*,*,#5994,.T.);
#5994 = EDGE_CURVE('',#3722,#5995,#5997,.T.);
#5995 = VERTEX_POINT('',#5996);
#5996 = CARTESIAN_POINT('',(5.3,-31.316567,1.));
#5997 = LINE('',#5998,#5999);
#5998 = CARTESIAN_POINT('',(5.3,-31.316567,0.));
#5999 = VECTOR('',#6000,1.);
#6000 = DIRECTION('',(0.,0.,1.));
#6001 = ORIENTED_EDGE('',*,*,#6002,.T.);
#6002 = EDGE_CURVE('',#5995,#6003,#6005,.T.);
#6003 = VERTEX_POINT('',#6004);
#6004 = CARTESIAN_POINT('',(4.3,-32.316567,1.));
#6005 = CIRCLE('',#6006,1.);
#6006 = AXIS2_PLACEMENT_3D('',#6007,#6008,#6009);
#6007 = CARTESIAN_POINT('',(5.3,-32.316567,1.));
#6008 = DIRECTION('',(0.,0.,1.));
#6009 = DIRECTION('',(1.,0.,0.));
#6010 = ORIENTED_EDGE('',*,*,#6011,.F.);
#6011 = EDGE_CURVE('',#3724,#6003,#6012,.T.);
#6012 = LINE('',#6013,#6014);
#6013 = CARTESIAN_POINT('',(4.3,-32.316567,0.));
#6014 = VECTOR('',#6015,1.);
#6015 = DIRECTION('',(0.,0.,1.));
#6016 = ORIENTED_EDGE('',*,*,#3721,.F.);
#6017 = CYLINDRICAL_SURFACE('',#6018,1.);
#6018 = AXIS2_PLACEMENT_3D('',#6019,#6020,#6021);
#6019 = CARTESIAN_POINT('',(5.3,-32.316567,0.));
#6020 = DIRECTION('',(-0.,-0.,-1.));
#6021 = DIRECTION('',(1.,0.,0.));
#6022 = ADVANCED_FACE('',(#6023),#6041,.T.);
#6023 = FACE_BOUND('',#6024,.T.);
#6024 = EDGE_LOOP('',(#6025,#6033,#6039,#6040));
#6025 = ORIENTED_EDGE('',*,*,#6026,.T.);
#6026 = EDGE_CURVE('',#3775,#6027,#6029,.T.);
#6027 = VERTEX_POINT('',#6028);
#6028 = CARTESIAN_POINT('',(232.830581,-31.316567,1.));
#6029 = LINE('',#6030,#6031);
#6030 = CARTESIAN_POINT('',(232.830581,-31.316567,0.));
#6031 = VECTOR('',#6032,1.);
#6032 = DIRECTION('',(0.,0.,1.));
#6033 = ORIENTED_EDGE('',*,*,#6034,.T.);
#6034 = EDGE_CURVE('',#6027,#5995,#6035,.T.);
#6035 = LINE('',#6036,#6037);
#6036 = CARTESIAN_POINT('',(232.830581,-31.316567,1.));
#6037 = VECTOR('',#6038,1.);
#6038 = DIRECTION('',(-1.,0.,0.));
#6039 = ORIENTED_EDGE('',*,*,#5994,.F.);
#6040 = ORIENTED_EDGE('',*,*,#3783,.F.);
#6041 = PLANE('',#6042);
#6042 = AXIS2_PLACEMENT_3D('',#6043,#6044,#6045);
#6043 = CARTESIAN_POINT('',(232.830581,-31.316567,0.));
#6044 = DIRECTION('',(0.,-1.,0.));
#6045 = DIRECTION('',(-1.,0.,0.));
#6046 = ADVANCED_FACE('',(#6047),#6066,.F.);
#6047 = FACE_BOUND('',#6048,.T.);
#6048 = EDGE_LOOP('',(#6049,#6057,#6064,#6065));
#6049 = ORIENTED_EDGE('',*,*,#6050,.T.);
#6050 = EDGE_CURVE('',#3767,#6051,#6053,.T.);
#6051 = VERTEX_POINT('',#6052);
#6052 = CARTESIAN_POINT('',(233.830581,-32.316567,1.));
#6053 = LINE('',#6054,#6055);
#6054 = CARTESIAN_POINT('',(233.830581,-32.316567,0.));
#6055 = VECTOR('',#6056,1.);
#6056 = DIRECTION('',(0.,0.,1.));
#6057 = ORIENTED_EDGE('',*,*,#6058,.T.);
#6058 = EDGE_CURVE('',#6051,#6027,#6059,.T.);
#6059 = CIRCLE('',#6060,1.);
#6060 = AXIS2_PLACEMENT_3D('',#6061,#6062,#6063);
#6061 = CARTESIAN_POINT('',(232.830581,-32.316567,1.));
#6062 = DIRECTION('',(0.,0.,1.));
#6063 = DIRECTION('',(1.,0.,0.));
#6064 = ORIENTED_EDGE('',*,*,#6026,.F.);
#6065 = ORIENTED_EDGE('',*,*,#3774,.F.);
#6066 = CYLINDRICAL_SURFACE('',#6067,1.);
#6067 = AXIS2_PLACEMENT_3D('',#6068,#6069,#6070);
#6068 = CARTESIAN_POINT('',(232.830581,-32.316567,0.));
#6069 = DIRECTION('',(-0.,-0.,-1.));
#6070 = DIRECTION('',(1.,0.,0.));
#6071 = ADVANCED_FACE('',(#6072),#6090,.T.);
#6072 = FACE_BOUND('',#6073,.T.);
#6073 = EDGE_LOOP('',(#6074,#6082,#6088,#6089));
#6074 = ORIENTED_EDGE('',*,*,#6075,.T.);
#6075 = EDGE_CURVE('',#3758,#6076,#6078,.T.);
#6076 = VERTEX_POINT('',#6077);
#6077 = CARTESIAN_POINT('',(233.830581,-33.926352,1.));
#6078 = LINE('',#6079,#6080);
#6079 = CARTESIAN_POINT('',(233.830581,-33.926352,0.));
#6080 = VECTOR('',#6081,1.);
#6081 = DIRECTION('',(0.,0.,1.));
#6082 = ORIENTED_EDGE('',*,*,#6083,.T.);
#6083 = EDGE_CURVE('',#6076,#6051,#6084,.T.);
#6084 = LINE('',#6085,#6086);
#6085 = CARTESIAN_POINT('',(233.830581,-33.926352,1.));
#6086 = VECTOR('',#6087,1.);
#6087 = DIRECTION('',(0.,1.,0.));
#6088 = ORIENTED_EDGE('',*,*,#6050,.F.);
#6089 = ORIENTED_EDGE('',*,*,#3766,.F.);
#6090 = PLANE('',#6091);
#6091 = AXIS2_PLACEMENT_3D('',#6092,#6093,#6094);
#6092 = CARTESIAN_POINT('',(233.830581,-33.926352,0.));
#6093 = DIRECTION('',(-1.,0.,0.));
#6094 = DIRECTION('',(0.,1.,0.));
#6095 = ADVANCED_FACE('',(#6096),#6115,.F.);
#6096 = FACE_BOUND('',#6097,.T.);
#6097 = EDGE_LOOP('',(#6098,#6106,#6113,#6114));
#6098 = ORIENTED_EDGE('',*,*,#6099,.T.);
#6099 = EDGE_CURVE('',#3750,#6100,#6102,.T.);
#6100 = VERTEX_POINT('',#6101);
#6101 = CARTESIAN_POINT('',(232.830581,-34.926352,1.));
#6102 = LINE('',#6103,#6104);
#6103 = CARTESIAN_POINT('',(232.830581,-34.926352,0.));
#6104 = VECTOR('',#6105,1.);
#6105 = DIRECTION('',(0.,0.,1.));
#6106 = ORIENTED_EDGE('',*,*,#6107,.T.);
#6107 = EDGE_CURVE('',#6100,#6076,#6108,.T.);
#6108 = CIRCLE('',#6109,1.);
#6109 = AXIS2_PLACEMENT_3D('',#6110,#6111,#6112);
#6110 = CARTESIAN_POINT('',(232.830581,-33.926352,1.));
#6111 = DIRECTION('',(0.,0.,1.));
#6112 = DIRECTION('',(1.,0.,0.));
#6113 = ORIENTED_EDGE('',*,*,#6075,.F.);
#6114 = ORIENTED_EDGE('',*,*,#3757,.F.);
#6115 = CYLINDRICAL_SURFACE('',#6116,1.);
#6116 = AXIS2_PLACEMENT_3D('',#6117,#6118,#6119);
#6117 = CARTESIAN_POINT('',(232.830581,-33.926352,0.));
#6118 = DIRECTION('',(-0.,-0.,-1.));
#6119 = DIRECTION('',(1.,0.,0.));
#6120 = ADVANCED_FACE('',(#6121),#6139,.T.);
#6121 = FACE_BOUND('',#6122,.T.);
#6122 = EDGE_LOOP('',(#6123,#6131,#6137,#6138));
#6123 = ORIENTED_EDGE('',*,*,#6124,.T.);
#6124 = EDGE_CURVE('',#3741,#6125,#6127,.T.);
#6125 = VERTEX_POINT('',#6126);
#6126 = CARTESIAN_POINT('',(5.3,-34.926352,1.));
#6127 = LINE('',#6128,#6129);
#6128 = CARTESIAN_POINT('',(5.3,-34.926352,0.));
#6129 = VECTOR('',#6130,1.);
#6130 = DIRECTION('',(0.,0.,1.));
#6131 = ORIENTED_EDGE('',*,*,#6132,.T.);
#6132 = EDGE_CURVE('',#6125,#6100,#6133,.T.);
#6133 = LINE('',#6134,#6135);
#6134 = CARTESIAN_POINT('',(5.3,-34.926352,1.));
#6135 = VECTOR('',#6136,1.);
#6136 = DIRECTION('',(1.,0.,0.));
#6137 = ORIENTED_EDGE('',*,*,#6099,.F.);
#6138 = ORIENTED_EDGE('',*,*,#3749,.F.);
#6139 = PLANE('',#6140);
#6140 = AXIS2_PLACEMENT_3D('',#6141,#6142,#6143);
#6141 = CARTESIAN_POINT('',(5.3,-34.926352,0.));
#6142 = DIRECTION('',(0.,1.,0.));
#6143 = DIRECTION('',(1.,0.,0.));
#6144 = ADVANCED_FACE('',(#6145),#6164,.F.);
#6145 = FACE_BOUND('',#6146,.T.);
#6146 = EDGE_LOOP('',(#6147,#6155,#6162,#6163));
#6147 = ORIENTED_EDGE('',*,*,#6148,.T.);
#6148 = EDGE_CURVE('',#3733,#6149,#6151,.T.);
#6149 = VERTEX_POINT('',#6150);
#6150 = CARTESIAN_POINT('',(4.3,-33.926352,1.));
#6151 = LINE('',#6152,#6153);
#6152 = CARTESIAN_POINT('',(4.3,-33.926352,0.));
#6153 = VECTOR('',#6154,1.);
#6154 = DIRECTION('',(0.,0.,1.));
#6155 = ORIENTED_EDGE('',*,*,#6156,.T.);
#6156 = EDGE_CURVE('',#6149,#6125,#6157,.T.);
#6157 = CIRCLE('',#6158,1.);
#6158 = AXIS2_PLACEMENT_3D('',#6159,#6160,#6161);
#6159 = CARTESIAN_POINT('',(5.3,-33.926352,1.));
#6160 = DIRECTION('',(0.,0.,1.));
#6161 = DIRECTION('',(1.,0.,0.));
#6162 = ORIENTED_EDGE('',*,*,#6124,.F.);
#6163 = ORIENTED_EDGE('',*,*,#3740,.F.);
#6164 = CYLINDRICAL_SURFACE('',#6165,1.);
#6165 = AXIS2_PLACEMENT_3D('',#6166,#6167,#6168);
#6166 = CARTESIAN_POINT('',(5.3,-33.926352,0.));
#6167 = DIRECTION('',(-0.,-0.,-1.));
#6168 = DIRECTION('',(1.,0.,0.));
#6169 = ADVANCED_FACE('',(#6170),#6181,.T.);
#6170 = FACE_BOUND('',#6171,.T.);
#6171 = EDGE_LOOP('',(#6172,#6173,#6179,#6180));
#6172 = ORIENTED_EDGE('',*,*,#6011,.T.);
#6173 = ORIENTED_EDGE('',*,*,#6174,.T.);
#6174 = EDGE_CURVE('',#6003,#6149,#6175,.T.);
#6175 = LINE('',#6176,#6177);
#6176 = CARTESIAN_POINT('',(4.3,-32.316567,1.));
#6177 = VECTOR('',#6178,1.);
#6178 = DIRECTION('',(0.,-1.,0.));
#6179 = ORIENTED_EDGE('',*,*,#6148,.F.);
#6180 = ORIENTED_EDGE('',*,*,#3732,.F.);
#6181 = PLANE('',#6182);
#6182 = AXIS2_PLACEMENT_3D('',#6183,#6184,#6185);
#6183 = CARTESIAN_POINT('',(4.3,-32.316567,0.));
#6184 = DIRECTION('',(1.,0.,0.));
#6185 = DIRECTION('',(0.,-1.,0.));
#6186 = ADVANCED_FACE('',(#6187),#6213,.F.);
#6187 = FACE_BOUND('',#6188,.T.);
#6188 = EDGE_LOOP('',(#6189,#6197,#6206,#6212));
#6189 = ORIENTED_EDGE('',*,*,#6190,.T.);
#6190 = EDGE_CURVE('',#3792,#6191,#6193,.T.);
#6191 = VERTEX_POINT('',#6192);
#6192 = CARTESIAN_POINT('',(5.3,-25.766567,1.));
#6193 = LINE('',#6194,#6195);
#6194 = CARTESIAN_POINT('',(5.3,-25.766567,0.));
#6195 = VECTOR('',#6196,1.);
#6196 = DIRECTION('',(0.,0.,1.));
#6197 = ORIENTED_EDGE('',*,*,#6198,.T.);
#6198 = EDGE_CURVE('',#6191,#6199,#6201,.T.);
#6199 = VERTEX_POINT('',#6200);
#6200 = CARTESIAN_POINT('',(4.3,-26.766567,1.));
#6201 = CIRCLE('',#6202,1.);
#6202 = AXIS2_PLACEMENT_3D('',#6203,#6204,#6205);
#6203 = CARTESIAN_POINT('',(5.3,-26.766567,1.));
#6204 = DIRECTION('',(0.,0.,1.));
#6205 = DIRECTION('',(1.,0.,0.));
#6206 = ORIENTED_EDGE('',*,*,#6207,.F.);
#6207 = EDGE_CURVE('',#3794,#6199,#6208,.T.);
#6208 = LINE('',#6209,#6210);
#6209 = CARTESIAN_POINT('',(4.3,-26.766567,0.));
#6210 = VECTOR('',#6211,1.);
#6211 = DIRECTION('',(0.,0.,1.));
#6212 = ORIENTED_EDGE('',*,*,#3791,.F.);
#6213 = CYLINDRICAL_SURFACE('',#6214,1.);
#6214 = AXIS2_PLACEMENT_3D('',#6215,#6216,#6217);
#6215 = CARTESIAN_POINT('',(5.3,-26.766567,0.));
#6216 = DIRECTION('',(-0.,-0.,-1.));
#6217 = DIRECTION('',(1.,0.,0.));
#6218 = ADVANCED_FACE('',(#6219),#6237,.T.);
#6219 = FACE_BOUND('',#6220,.T.);
#6220 = EDGE_LOOP('',(#6221,#6229,#6235,#6236));
#6221 = ORIENTED_EDGE('',*,*,#6222,.T.);
#6222 = EDGE_CURVE('',#3845,#6223,#6225,.T.);
#6223 = VERTEX_POINT('',#6224);
#6224 = CARTESIAN_POINT('',(232.830581,-25.766567,1.));
#6225 = LINE('',#6226,#6227);
#6226 = CARTESIAN_POINT('',(232.830581,-25.766567,0.));
#6227 = VECTOR('',#6228,1.);
#6228 = DIRECTION('',(0.,0.,1.));
#6229 = ORIENTED_EDGE('',*,*,#6230,.T.);
#6230 = EDGE_CURVE('',#6223,#6191,#6231,.T.);
#6231 = LINE('',#6232,#6233);
#6232 = CARTESIAN_POINT('',(232.830581,-25.766567,1.));
#6233 = VECTOR('',#6234,1.);
#6234 = DIRECTION('',(-1.,0.,0.));
#6235 = ORIENTED_EDGE('',*,*,#6190,.F.);
#6236 = ORIENTED_EDGE('',*,*,#3853,.F.);
#6237 = PLANE('',#6238);
#6238 = AXIS2_PLACEMENT_3D('',#6239,#6240,#6241);
#6239 = CARTESIAN_POINT('',(232.830581,-25.766567,0.));
#6240 = DIRECTION('',(0.,-1.,0.));
#6241 = DIRECTION('',(-1.,0.,0.));
#6242 = ADVANCED_FACE('',(#6243),#6262,.F.);
#6243 = FACE_BOUND('',#6244,.T.);
#6244 = EDGE_LOOP('',(#6245,#6253,#6260,#6261));
#6245 = ORIENTED_EDGE('',*,*,#6246,.T.);
#6246 = EDGE_CURVE('',#3837,#6247,#6249,.T.);
#6247 = VERTEX_POINT('',#6248);
#6248 = CARTESIAN_POINT('',(233.830581,-26.766567,1.));
#6249 = LINE('',#6250,#6251);
#6250 = CARTESIAN_POINT('',(233.830581,-26.766567,0.));
#6251 = VECTOR('',#6252,1.);
#6252 = DIRECTION('',(0.,0.,1.));
#6253 = ORIENTED_EDGE('',*,*,#6254,.T.);
#6254 = EDGE_CURVE('',#6247,#6223,#6255,.T.);
#6255 = CIRCLE('',#6256,1.);
#6256 = AXIS2_PLACEMENT_3D('',#6257,#6258,#6259);
#6257 = CARTESIAN_POINT('',(232.830581,-26.766567,1.));
#6258 = DIRECTION('',(0.,0.,1.));
#6259 = DIRECTION('',(1.,0.,0.));
#6260 = ORIENTED_EDGE('',*,*,#6222,.F.);
#6261 = ORIENTED_EDGE('',*,*,#3844,.F.);
#6262 = CYLINDRICAL_SURFACE('',#6263,1.);
#6263 = AXIS2_PLACEMENT_3D('',#6264,#6265,#6266);
#6264 = CARTESIAN_POINT('',(232.830581,-26.766567,0.));
#6265 = DIRECTION('',(-0.,-0.,-1.));
#6266 = DIRECTION('',(1.,0.,0.));
#6267 = ADVANCED_FACE('',(#6268),#6286,.T.);
#6268 = FACE_BOUND('',#6269,.T.);
#6269 = EDGE_LOOP('',(#6270,#6278,#6284,#6285));
#6270 = ORIENTED_EDGE('',*,*,#6271,.T.);
#6271 = EDGE_CURVE('',#3828,#6272,#6274,.T.);
#6272 = VERTEX_POINT('',#6273);
#6273 = CARTESIAN_POINT('',(233.830581,-28.376352,1.));
#6274 = LINE('',#6275,#6276);
#6275 = CARTESIAN_POINT('',(233.830581,-28.376352,0.));
#6276 = VECTOR('',#6277,1.);
#6277 = DIRECTION('',(0.,0.,1.));
#6278 = ORIENTED_EDGE('',*,*,#6279,.T.);
#6279 = EDGE_CURVE('',#6272,#6247,#6280,.T.);
#6280 = LINE('',#6281,#6282);
#6281 = CARTESIAN_POINT('',(233.830581,-28.376352,1.));
#6282 = VECTOR('',#6283,1.);
#6283 = DIRECTION('',(0.,1.,0.));
#6284 = ORIENTED_EDGE('',*,*,#6246,.F.);
#6285 = ORIENTED_EDGE('',*,*,#3836,.F.);
#6286 = PLANE('',#6287);
#6287 = AXIS2_PLACEMENT_3D('',#6288,#6289,#6290);
#6288 = CARTESIAN_POINT('',(233.830581,-28.376352,0.));
#6289 = DIRECTION('',(-1.,0.,0.));
#6290 = DIRECTION('',(0.,1.,0.));
#6291 = ADVANCED_FACE('',(#6292),#6311,.F.);
#6292 = FACE_BOUND('',#6293,.T.);
#6293 = EDGE_LOOP('',(#6294,#6302,#6309,#6310));
#6294 = ORIENTED_EDGE('',*,*,#6295,.T.);
#6295 = EDGE_CURVE('',#3820,#6296,#6298,.T.);
#6296 = VERTEX_POINT('',#6297);
#6297 = CARTESIAN_POINT('',(232.830581,-29.376352,1.));
#6298 = LINE('',#6299,#6300);
#6299 = CARTESIAN_POINT('',(232.830581,-29.376352,0.));
#6300 = VECTOR('',#6301,1.);
#6301 = DIRECTION('',(0.,0.,1.));
#6302 = ORIENTED_EDGE('',*,*,#6303,.T.);
#6303 = EDGE_CURVE('',#6296,#6272,#6304,.T.);
#6304 = CIRCLE('',#6305,1.);
#6305 = AXIS2_PLACEMENT_3D('',#6306,#6307,#6308);
#6306 = CARTESIAN_POINT('',(232.830581,-28.376352,1.));
#6307 = DIRECTION('',(0.,0.,1.));
#6308 = DIRECTION('',(1.,0.,0.));
#6309 = ORIENTED_EDGE('',*,*,#6271,.F.);
#6310 = ORIENTED_EDGE('',*,*,#3827,.F.);
#6311 = CYLINDRICAL_SURFACE('',#6312,1.);
#6312 = AXIS2_PLACEMENT_3D('',#6313,#6314,#6315);
#6313 = CARTESIAN_POINT('',(232.830581,-28.376352,0.));
#6314 = DIRECTION('',(-0.,-0.,-1.));
#6315 = DIRECTION('',(1.,0.,0.));
#6316 = ADVANCED_FACE('',(#6317),#6335,.T.);
#6317 = FACE_BOUND('',#6318,.T.);
#6318 = EDGE_LOOP('',(#6319,#6327,#6333,#6334));
#6319 = ORIENTED_EDGE('',*,*,#6320,.T.);
#6320 = EDGE_CURVE('',#3811,#6321,#6323,.T.);
#6321 = VERTEX_POINT('',#6322);
#6322 = CARTESIAN_POINT('',(5.3,-29.376352,1.));
#6323 = LINE('',#6324,#6325);
#6324 = CARTESIAN_POINT('',(5.3,-29.376352,0.));
#6325 = VECTOR('',#6326,1.);
#6326 = DIRECTION('',(0.,0.,1.));
#6327 = ORIENTED_EDGE('',*,*,#6328,.T.);
#6328 = EDGE_CURVE('',#6321,#6296,#6329,.T.);
#6329 = LINE('',#6330,#6331);
#6330 = CARTESIAN_POINT('',(5.3,-29.376352,1.));
#6331 = VECTOR('',#6332,1.);
#6332 = DIRECTION('',(1.,0.,0.));
#6333 = ORIENTED_EDGE('',*,*,#6295,.F.);
#6334 = ORIENTED_EDGE('',*,*,#3819,.F.);
#6335 = PLANE('',#6336);
#6336 = AXIS2_PLACEMENT_3D('',#6337,#6338,#6339);
#6337 = CARTESIAN_POINT('',(5.3,-29.376352,0.));
#6338 = DIRECTION('',(0.,1.,0.));
#6339 = DIRECTION('',(1.,0.,0.));
#6340 = ADVANCED_FACE('',(#6341),#6360,.F.);
#6341 = FACE_BOUND('',#6342,.T.);
#6342 = EDGE_LOOP('',(#6343,#6351,#6358,#6359));
#6343 = ORIENTED_EDGE('',*,*,#6344,.T.);
#6344 = EDGE_CURVE('',#3803,#6345,#6347,.T.);
#6345 = VERTEX_POINT('',#6346);
#6346 = CARTESIAN_POINT('',(4.3,-28.376352,1.));
#6347 = LINE('',#6348,#6349);
#6348 = CARTESIAN_POINT('',(4.3,-28.376352,0.));
#6349 = VECTOR('',#6350,1.);
#6350 = DIRECTION('',(0.,0.,1.));
#6351 = ORIENTED_EDGE('',*,*,#6352,.T.);
#6352 = EDGE_CURVE('',#6345,#6321,#6353,.T.);
#6353 = CIRCLE('',#6354,1.);
#6354 = AXIS2_PLACEMENT_3D('',#6355,#6356,#6357);
#6355 = CARTESIAN_POINT('',(5.3,-28.376352,1.));
#6356 = DIRECTION('',(0.,0.,1.));
#6357 = DIRECTION('',(1.,0.,0.));
#6358 = ORIENTED_EDGE('',*,*,#6320,.F.);
#6359 = ORIENTED_EDGE('',*,*,#3810,.F.);
#6360 = CYLINDRICAL_SURFACE('',#6361,1.);
#6361 = AXIS2_PLACEMENT_3D('',#6362,#6363,#6364);
#6362 = CARTESIAN_POINT('',(5.3,-28.376352,0.));
#6363 = DIRECTION('',(-0.,-0.,-1.));
#6364 = DIRECTION('',(1.,0.,0.));
#6365 = ADVANCED_FACE('',(#6366),#6377,.T.);
#6366 = FACE_BOUND('',#6367,.T.);
#6367 = EDGE_LOOP('',(#6368,#6369,#6375,#6376));
#6368 = ORIENTED_EDGE('',*,*,#6207,.T.);
#6369 = ORIENTED_EDGE('',*,*,#6370,.T.);
#6370 = EDGE_CURVE('',#6199,#6345,#6371,.T.);
#6371 = LINE('',#6372,#6373);
#6372 = CARTESIAN_POINT('',(4.3,-26.766567,1.));
#6373 = VECTOR('',#6374,1.);
#6374 = DIRECTION('',(0.,-1.,0.));
#6375 = ORIENTED_EDGE('',*,*,#6344,.F.);
#6376 = ORIENTED_EDGE('',*,*,#3802,.F.);
#6377 = PLANE('',#6378);
#6378 = AXIS2_PLACEMENT_3D('',#6379,#6380,#6381);
#6379 = CARTESIAN_POINT('',(4.3,-26.766567,0.));
#6380 = DIRECTION('',(1.,0.,0.));
#6381 = DIRECTION('',(0.,-1.,0.));
#6382 = ADVANCED_FACE('',(#6383),#6409,.F.);
#6383 = FACE_BOUND('',#6384,.T.);
#6384 = EDGE_LOOP('',(#6385,#6393,#6402,#6408));
#6385 = ORIENTED_EDGE('',*,*,#6386,.T.);
#6386 = EDGE_CURVE('',#3862,#6387,#6389,.T.);
#6387 = VERTEX_POINT('',#6388);
#6388 = CARTESIAN_POINT('',(5.3,-20.216567,1.));
#6389 = LINE('',#6390,#6391);
#6390 = CARTESIAN_POINT('',(5.3,-20.216567,0.));
#6391 = VECTOR('',#6392,1.);
#6392 = DIRECTION('',(0.,0.,1.));
#6393 = ORIENTED_EDGE('',*,*,#6394,.T.);
#6394 = EDGE_CURVE('',#6387,#6395,#6397,.T.);
#6395 = VERTEX_POINT('',#6396);
#6396 = CARTESIAN_POINT('',(4.3,-21.216567,1.));
#6397 = CIRCLE('',#6398,1.);
#6398 = AXIS2_PLACEMENT_3D('',#6399,#6400,#6401);
#6399 = CARTESIAN_POINT('',(5.3,-21.216567,1.));
#6400 = DIRECTION('',(0.,0.,1.));
#6401 = DIRECTION('',(1.,0.,0.));
#6402 = ORIENTED_EDGE('',*,*,#6403,.F.);
#6403 = EDGE_CURVE('',#3864,#6395,#6404,.T.);
#6404 = LINE('',#6405,#6406);
#6405 = CARTESIAN_POINT('',(4.3,-21.216567,0.));
#6406 = VECTOR('',#6407,1.);
#6407 = DIRECTION('',(0.,0.,1.));
#6408 = ORIENTED_EDGE('',*,*,#3861,.F.);
#6409 = CYLINDRICAL_SURFACE('',#6410,1.);
#6410 = AXIS2_PLACEMENT_3D('',#6411,#6412,#6413);
#6411 = CARTESIAN_POINT('',(5.3,-21.216567,0.));
#6412 = DIRECTION('',(-0.,-0.,-1.));
#6413 = DIRECTION('',(1.,0.,0.));
#6414 = ADVANCED_FACE('',(#6415),#6433,.T.);
#6415 = FACE_BOUND('',#6416,.T.);
#6416 = EDGE_LOOP('',(#6417,#6425,#6431,#6432));
#6417 = ORIENTED_EDGE('',*,*,#6418,.T.);
#6418 = EDGE_CURVE('',#3915,#6419,#6421,.T.);
#6419 = VERTEX_POINT('',#6420);
#6420 = CARTESIAN_POINT('',(232.830581,-20.216567,1.));
#6421 = LINE('',#6422,#6423);
#6422 = CARTESIAN_POINT('',(232.830581,-20.216567,0.));
#6423 = VECTOR('',#6424,1.);
#6424 = DIRECTION('',(0.,0.,1.));
#6425 = ORIENTED_EDGE('',*,*,#6426,.T.);
#6426 = EDGE_CURVE('',#6419,#6387,#6427,.T.);
#6427 = LINE('',#6428,#6429);
#6428 = CARTESIAN_POINT('',(232.830581,-20.216567,1.));
#6429 = VECTOR('',#6430,1.);
#6430 = DIRECTION('',(-1.,0.,0.));
#6431 = ORIENTED_EDGE('',*,*,#6386,.F.);
#6432 = ORIENTED_EDGE('',*,*,#3923,.F.);
#6433 = PLANE('',#6434);
#6434 = AXIS2_PLACEMENT_3D('',#6435,#6436,#6437);
#6435 = CARTESIAN_POINT('',(232.830581,-20.216567,0.));
#6436 = DIRECTION('',(0.,-1.,0.));
#6437 = DIRECTION('',(-1.,0.,0.));
#6438 = ADVANCED_FACE('',(#6439),#6458,.F.);
#6439 = FACE_BOUND('',#6440,.T.);
#6440 = EDGE_LOOP('',(#6441,#6449,#6456,#6457));
#6441 = ORIENTED_EDGE('',*,*,#6442,.T.);
#6442 = EDGE_CURVE('',#3907,#6443,#6445,.T.);
#6443 = VERTEX_POINT('',#6444);
#6444 = CARTESIAN_POINT('',(233.830581,-21.216567,1.));
#6445 = LINE('',#6446,#6447);
#6446 = CARTESIAN_POINT('',(233.830581,-21.216567,0.));
#6447 = VECTOR('',#6448,1.);
#6448 = DIRECTION('',(0.,0.,1.));
#6449 = ORIENTED_EDGE('',*,*,#6450,.T.);
#6450 = EDGE_CURVE('',#6443,#6419,#6451,.T.);
#6451 = CIRCLE('',#6452,1.);
#6452 = AXIS2_PLACEMENT_3D('',#6453,#6454,#6455);
#6453 = CARTESIAN_POINT('',(232.830581,-21.216567,1.));
#6454 = DIRECTION('',(0.,0.,1.));
#6455 = DIRECTION('',(1.,0.,0.));
#6456 = ORIENTED_EDGE('',*,*,#6418,.F.);
#6457 = ORIENTED_EDGE('',*,*,#3914,.F.);
#6458 = CYLINDRICAL_SURFACE('',#6459,1.);
#6459 = AXIS2_PLACEMENT_3D('',#6460,#6461,#6462);
#6460 = CARTESIAN_POINT('',(232.830581,-21.216567,0.));
#6461 = DIRECTION('',(-0.,-0.,-1.));
#6462 = DIRECTION('',(1.,0.,0.));
#6463 = ADVANCED_FACE('',(#6464),#6482,.T.);
#6464 = FACE_BOUND('',#6465,.T.);
#6465 = EDGE_LOOP('',(#6466,#6474,#6480,#6481));
#6466 = ORIENTED_EDGE('',*,*,#6467,.T.);
#6467 = EDGE_CURVE('',#3898,#6468,#6470,.T.);
#6468 = VERTEX_POINT('',#6469);
#6469 = CARTESIAN_POINT('',(233.830581,-22.826352,1.));
#6470 = LINE('',#6471,#6472);
#6471 = CARTESIAN_POINT('',(233.830581,-22.826352,0.));
#6472 = VECTOR('',#6473,1.);
#6473 = DIRECTION('',(0.,0.,1.));
#6474 = ORIENTED_EDGE('',*,*,#6475,.T.);
#6475 = EDGE_CURVE('',#6468,#6443,#6476,.T.);
#6476 = LINE('',#6477,#6478);
#6477 = CARTESIAN_POINT('',(233.830581,-22.826352,1.));
#6478 = VECTOR('',#6479,1.);
#6479 = DIRECTION('',(0.,1.,0.));
#6480 = ORIENTED_EDGE('',*,*,#6442,.F.);
#6481 = ORIENTED_EDGE('',*,*,#3906,.F.);
#6482 = PLANE('',#6483);
#6483 = AXIS2_PLACEMENT_3D('',#6484,#6485,#6486);
#6484 = CARTESIAN_POINT('',(233.830581,-22.826352,0.));
#6485 = DIRECTION('',(-1.,0.,0.));
#6486 = DIRECTION('',(0.,1.,0.));
#6487 = ADVANCED_FACE('',(#6488),#6507,.F.);
#6488 = FACE_BOUND('',#6489,.T.);
#6489 = EDGE_LOOP('',(#6490,#6498,#6505,#6506));
#6490 = ORIENTED_EDGE('',*,*,#6491,.T.);
#6491 = EDGE_CURVE('',#3890,#6492,#6494,.T.);
#6492 = VERTEX_POINT('',#6493);
#6493 = CARTESIAN_POINT('',(232.830581,-23.826352,1.));
#6494 = LINE('',#6495,#6496);
#6495 = CARTESIAN_POINT('',(232.830581,-23.826352,0.));
#6496 = VECTOR('',#6497,1.);
#6497 = DIRECTION('',(0.,0.,1.));
#6498 = ORIENTED_EDGE('',*,*,#6499,.T.);
#6499 = EDGE_CURVE('',#6492,#6468,#6500,.T.);
#6500 = CIRCLE('',#6501,1.);
#6501 = AXIS2_PLACEMENT_3D('',#6502,#6503,#6504);
#6502 = CARTESIAN_POINT('',(232.830581,-22.826352,1.));
#6503 = DIRECTION('',(0.,0.,1.));
#6504 = DIRECTION('',(1.,0.,0.));
#6505 = ORIENTED_EDGE('',*,*,#6467,.F.);
#6506 = ORIENTED_EDGE('',*,*,#3897,.F.);
#6507 = CYLINDRICAL_SURFACE('',#6508,1.);
#6508 = AXIS2_PLACEMENT_3D('',#6509,#6510,#6511);
#6509 = CARTESIAN_POINT('',(232.830581,-22.826352,0.));
#6510 = DIRECTION('',(-0.,-0.,-1.));
#6511 = DIRECTION('',(1.,0.,0.));
#6512 = ADVANCED_FACE('',(#6513),#6531,.T.);
#6513 = FACE_BOUND('',#6514,.T.);
#6514 = EDGE_LOOP('',(#6515,#6523,#6529,#6530));
#6515 = ORIENTED_EDGE('',*,*,#6516,.T.);
#6516 = EDGE_CURVE('',#3881,#6517,#6519,.T.);
#6517 = VERTEX_POINT('',#6518);
#6518 = CARTESIAN_POINT('',(5.3,-23.826352,1.));
#6519 = LINE('',#6520,#6521);
#6520 = CARTESIAN_POINT('',(5.3,-23.826352,0.));
#6521 = VECTOR('',#6522,1.);
#6522 = DIRECTION('',(0.,0.,1.));
#6523 = ORIENTED_EDGE('',*,*,#6524,.T.);
#6524 = EDGE_CURVE('',#6517,#6492,#6525,.T.);
#6525 = LINE('',#6526,#6527);
#6526 = CARTESIAN_POINT('',(5.3,-23.826352,1.));
#6527 = VECTOR('',#6528,1.);
#6528 = DIRECTION('',(1.,0.,0.));
#6529 = ORIENTED_EDGE('',*,*,#6491,.F.);
#6530 = ORIENTED_EDGE('',*,*,#3889,.F.);
#6531 = PLANE('',#6532);
#6532 = AXIS2_PLACEMENT_3D('',#6533,#6534,#6535);
#6533 = CARTESIAN_POINT('',(5.3,-23.826352,0.));
#6534 = DIRECTION('',(0.,1.,0.));
#6535 = DIRECTION('',(1.,0.,0.));
#6536 = ADVANCED_FACE('',(#6537),#6556,.F.);
#6537 = FACE_BOUND('',#6538,.T.);
#6538 = EDGE_LOOP('',(#6539,#6547,#6554,#6555));
#6539 = ORIENTED_EDGE('',*,*,#6540,.T.);
#6540 = EDGE_CURVE('',#3873,#6541,#6543,.T.);
#6541 = VERTEX_POINT('',#6542);
#6542 = CARTESIAN_POINT('',(4.3,-22.826352,1.));
#6543 = LINE('',#6544,#6545);
#6544 = CARTESIAN_POINT('',(4.3,-22.826352,0.));
#6545 = VECTOR('',#6546,1.);
#6546 = DIRECTION('',(0.,0.,1.));
#6547 = ORIENTED_EDGE('',*,*,#6548,.T.);
#6548 = EDGE_CURVE('',#6541,#6517,#6549,.T.);
#6549 = CIRCLE('',#6550,1.);
#6550 = AXIS2_PLACEMENT_3D('',#6551,#6552,#6553);
#6551 = CARTESIAN_POINT('',(5.3,-22.826352,1.));
#6552 = DIRECTION('',(0.,0.,1.));
#6553 = DIRECTION('',(1.,0.,0.));
#6554 = ORIENTED_EDGE('',*,*,#6516,.F.);
#6555 = ORIENTED_EDGE('',*,*,#3880,.F.);
#6556 = CYLINDRICAL_SURFACE('',#6557,1.);
#6557 = AXIS2_PLACEMENT_3D('',#6558,#6559,#6560);
#6558 = CARTESIAN_POINT('',(5.3,-22.826352,0.));
#6559 = DIRECTION('',(-0.,-0.,-1.));
#6560 = DIRECTION('',(1.,0.,0.));
#6561 = ADVANCED_FACE('',(#6562),#6573,.T.);
#6562 = FACE_BOUND('',#6563,.T.);
#6563 = EDGE_LOOP('',(#6564,#6565,#6571,#6572));
#6564 = ORIENTED_EDGE('',*,*,#6403,.T.);
#6565 = ORIENTED_EDGE('',*,*,#6566,.T.);
#6566 = EDGE_CURVE('',#6395,#6541,#6567,.T.);
#6567 = LINE('',#6568,#6569);
#6568 = CARTESIAN_POINT('',(4.3,-21.216567,1.));
#6569 = VECTOR('',#6570,1.);
#6570 = DIRECTION('',(0.,-1.,0.));
#6571 = ORIENTED_EDGE('',*,*,#6540,.F.);
#6572 = ORIENTED_EDGE('',*,*,#3872,.F.);
#6573 = PLANE('',#6574);
#6574 = AXIS2_PLACEMENT_3D('',#6575,#6576,#6577);
#6575 = CARTESIAN_POINT('',(4.3,-21.216567,0.));
#6576 = DIRECTION('',(1.,0.,0.));
#6577 = DIRECTION('',(0.,-1.,0.));
#6578 = ADVANCED_FACE('',(#6579),#6605,.F.);
#6579 = FACE_BOUND('',#6580,.T.);
#6580 = EDGE_LOOP('',(#6581,#6589,#6598,#6604));
#6581 = ORIENTED_EDGE('',*,*,#6582,.T.);
#6582 = EDGE_CURVE('',#3932,#6583,#6585,.T.);
#6583 = VERTEX_POINT('',#6584);
#6584 = CARTESIAN_POINT('',(5.3,-14.666567,1.));
#6585 = LINE('',#6586,#6587);
#6586 = CARTESIAN_POINT('',(5.3,-14.666567,0.));
#6587 = VECTOR('',#6588,1.);
#6588 = DIRECTION('',(0.,0.,1.));
#6589 = ORIENTED_EDGE('',*,*,#6590,.T.);
#6590 = EDGE_CURVE('',#6583,#6591,#6593,.T.);
#6591 = VERTEX_POINT('',#6592);
#6592 = CARTESIAN_POINT('',(4.3,-15.666567,1.));
#6593 = CIRCLE('',#6594,1.);
#6594 = AXIS2_PLACEMENT_3D('',#6595,#6596,#6597);
#6595 = CARTESIAN_POINT('',(5.3,-15.666567,1.));
#6596 = DIRECTION('',(0.,0.,1.));
#6597 = DIRECTION('',(1.,0.,0.));
#6598 = ORIENTED_EDGE('',*,*,#6599,.F.);
#6599 = EDGE_CURVE('',#3934,#6591,#6600,.T.);
#6600 = LINE('',#6601,#6602);
#6601 = CARTESIAN_POINT('',(4.3,-15.666567,0.));
#6602 = VECTOR('',#6603,1.);
#6603 = DIRECTION('',(0.,0.,1.));
#6604 = ORIENTED_EDGE('',*,*,#3931,.F.);
#6605 = CYLINDRICAL_SURFACE('',#6606,1.);
#6606 = AXIS2_PLACEMENT_3D('',#6607,#6608,#6609);
#6607 = CARTESIAN_POINT('',(5.3,-15.666567,0.));
#6608 = DIRECTION('',(-0.,-0.,-1.));
#6609 = DIRECTION('',(1.,0.,0.));
#6610 = ADVANCED_FACE('',(#6611),#6629,.T.);
#6611 = FACE_BOUND('',#6612,.T.);
#6612 = EDGE_LOOP('',(#6613,#6621,#6627,#6628));
#6613 = ORIENTED_EDGE('',*,*,#6614,.T.);
#6614 = EDGE_CURVE('',#3985,#6615,#6617,.T.);
#6615 = VERTEX_POINT('',#6616);
#6616 = CARTESIAN_POINT('',(232.830581,-14.666567,1.));
#6617 = LINE('',#6618,#6619);
#6618 = CARTESIAN_POINT('',(232.830581,-14.666567,0.));
#6619 = VECTOR('',#6620,1.);
#6620 = DIRECTION('',(0.,0.,1.));
#6621 = ORIENTED_EDGE('',*,*,#6622,.T.);
#6622 = EDGE_CURVE('',#6615,#6583,#6623,.T.);
#6623 = LINE('',#6624,#6625);
#6624 = CARTESIAN_POINT('',(232.830581,-14.666567,1.));
#6625 = VECTOR('',#6626,1.);
#6626 = DIRECTION('',(-1.,0.,0.));
#6627 = ORIENTED_EDGE('',*,*,#6582,.F.);
#6628 = ORIENTED_EDGE('',*,*,#3993,.F.);
#6629 = PLANE('',#6630);
#6630 = AXIS2_PLACEMENT_3D('',#6631,#6632,#6633);
#6631 = CARTESIAN_POINT('',(232.830581,-14.666567,0.));
#6632 = DIRECTION('',(0.,-1.,0.));
#6633 = DIRECTION('',(-1.,0.,0.));
#6634 = ADVANCED_FACE('',(#6635),#6654,.F.);
#6635 = FACE_BOUND('',#6636,.T.);
#6636 = EDGE_LOOP('',(#6637,#6645,#6652,#6653));
#6637 = ORIENTED_EDGE('',*,*,#6638,.T.);
#6638 = EDGE_CURVE('',#3977,#6639,#6641,.T.);
#6639 = VERTEX_POINT('',#6640);
#6640 = CARTESIAN_POINT('',(233.830581,-15.666567,1.));
#6641 = LINE('',#6642,#6643);
#6642 = CARTESIAN_POINT('',(233.830581,-15.666567,0.));
#6643 = VECTOR('',#6644,1.);
#6644 = DIRECTION('',(0.,0.,1.));
#6645 = ORIENTED_EDGE('',*,*,#6646,.T.);
#6646 = EDGE_CURVE('',#6639,#6615,#6647,.T.);
#6647 = CIRCLE('',#6648,1.);
#6648 = AXIS2_PLACEMENT_3D('',#6649,#6650,#6651);
#6649 = CARTESIAN_POINT('',(232.830581,-15.666567,1.));
#6650 = DIRECTION('',(0.,0.,1.));
#6651 = DIRECTION('',(1.,0.,0.));
#6652 = ORIENTED_EDGE('',*,*,#6614,.F.);
#6653 = ORIENTED_EDGE('',*,*,#3984,.F.);
#6654 = CYLINDRICAL_SURFACE('',#6655,1.);
#6655 = AXIS2_PLACEMENT_3D('',#6656,#6657,#6658);
#6656 = CARTESIAN_POINT('',(232.830581,-15.666567,0.));
#6657 = DIRECTION('',(-0.,-0.,-1.));
#6658 = DIRECTION('',(1.,0.,0.));
#6659 = ADVANCED_FACE('',(#6660),#6678,.T.);
#6660 = FACE_BOUND('',#6661,.T.);
#6661 = EDGE_LOOP('',(#6662,#6670,#6676,#6677));
#6662 = ORIENTED_EDGE('',*,*,#6663,.T.);
#6663 = EDGE_CURVE('',#3968,#6664,#6666,.T.);
#6664 = VERTEX_POINT('',#6665);
#6665 = CARTESIAN_POINT('',(233.830581,-17.276352,1.));
#6666 = LINE('',#6667,#6668);
#6667 = CARTESIAN_POINT('',(233.830581,-17.276352,0.));
#6668 = VECTOR('',#6669,1.);
#6669 = DIRECTION('',(0.,0.,1.));
#6670 = ORIENTED_EDGE('',*,*,#6671,.T.);
#6671 = EDGE_CURVE('',#6664,#6639,#6672,.T.);
#6672 = LINE('',#6673,#6674);
#6673 = CARTESIAN_POINT('',(233.830581,-17.276352,1.));
#6674 = VECTOR('',#6675,1.);
#6675 = DIRECTION('',(0.,1.,0.));
#6676 = ORIENTED_EDGE('',*,*,#6638,.F.);
#6677 = ORIENTED_EDGE('',*,*,#3976,.F.);
#6678 = PLANE('',#6679);
#6679 = AXIS2_PLACEMENT_3D('',#6680,#6681,#6682);
#6680 = CARTESIAN_POINT('',(233.830581,-17.276352,0.));
#6681 = DIRECTION('',(-1.,0.,0.));
#6682 = DIRECTION('',(0.,1.,0.));
#6683 = ADVANCED_FACE('',(#6684),#6703,.F.);
#6684 = FACE_BOUND('',#6685,.T.);
#6685 = EDGE_LOOP('',(#6686,#6694,#6701,#6702));
#6686 = ORIENTED_EDGE('',*,*,#6687,.T.);
#6687 = EDGE_CURVE('',#3960,#6688,#6690,.T.);
#6688 = VERTEX_POINT('',#6689);
#6689 = CARTESIAN_POINT('',(232.830581,-18.276352,1.));
#6690 = LINE('',#6691,#6692);
#6691 = CARTESIAN_POINT('',(232.830581,-18.276352,0.));
#6692 = VECTOR('',#6693,1.);
#6693 = DIRECTION('',(0.,0.,1.));
#6694 = ORIENTED_EDGE('',*,*,#6695,.T.);
#6695 = EDGE_CURVE('',#6688,#6664,#6696,.T.);
#6696 = CIRCLE('',#6697,1.);
#6697 = AXIS2_PLACEMENT_3D('',#6698,#6699,#6700);
#6698 = CARTESIAN_POINT('',(232.830581,-17.276352,1.));
#6699 = DIRECTION('',(0.,0.,1.));
#6700 = DIRECTION('',(1.,0.,0.));
#6701 = ORIENTED_EDGE('',*,*,#6663,.F.);
#6702 = ORIENTED_EDGE('',*,*,#3967,.F.);
#6703 = CYLINDRICAL_SURFACE('',#6704,1.);
#6704 = AXIS2_PLACEMENT_3D('',#6705,#6706,#6707);
#6705 = CARTESIAN_POINT('',(232.830581,-17.276352,0.));
#6706 = DIRECTION('',(-0.,-0.,-1.));
#6707 = DIRECTION('',(1.,0.,0.));
#6708 = ADVANCED_FACE('',(#6709),#6727,.T.);
#6709 = FACE_BOUND('',#6710,.T.);
#6710 = EDGE_LOOP('',(#6711,#6719,#6725,#6726));
#6711 = ORIENTED_EDGE('',*,*,#6712,.T.);
#6712 = EDGE_CURVE('',#3951,#6713,#6715,.T.);
#6713 = VERTEX_POINT('',#6714);
#6714 = CARTESIAN_POINT('',(5.3,-18.276352,1.));
#6715 = LINE('',#6716,#6717);
#6716 = CARTESIAN_POINT('',(5.3,-18.276352,0.));
#6717 = VECTOR('',#6718,1.);
#6718 = DIRECTION('',(0.,0.,1.));
#6719 = ORIENTED_EDGE('',*,*,#6720,.T.);
#6720 = EDGE_CURVE('',#6713,#6688,#6721,.T.);
#6721 = LINE('',#6722,#6723);
#6722 = CARTESIAN_POINT('',(5.3,-18.276352,1.));
#6723 = VECTOR('',#6724,1.);
#6724 = DIRECTION('',(1.,0.,0.));
#6725 = ORIENTED_EDGE('',*,*,#6687,.F.);
#6726 = ORIENTED_EDGE('',*,*,#3959,.F.);
#6727 = PLANE('',#6728);
#6728 = AXIS2_PLACEMENT_3D('',#6729,#6730,#6731);
#6729 = CARTESIAN_POINT('',(5.3,-18.276352,0.));
#6730 = DIRECTION('',(0.,1.,0.));
#6731 = DIRECTION('',(1.,0.,0.));
#6732 = ADVANCED_FACE('',(#6733),#6752,.F.);
#6733 = FACE_BOUND('',#6734,.T.);
#6734 = EDGE_LOOP('',(#6735,#6743,#6750,#6751));
#6735 = ORIENTED_EDGE('',*,*,#6736,.T.);
#6736 = EDGE_CURVE('',#3943,#6737,#6739,.T.);
#6737 = VERTEX_POINT('',#6738);
#6738 = CARTESIAN_POINT('',(4.3,-17.276352,1.));
#6739 = LINE('',#6740,#6741);
#6740 = CARTESIAN_POINT('',(4.3,-17.276352,0.));
#6741 = VECTOR('',#6742,1.);
#6742 = DIRECTION('',(0.,0.,1.));
#6743 = ORIENTED_EDGE('',*,*,#6744,.T.);
#6744 = EDGE_CURVE('',#6737,#6713,#6745,.T.);
#6745 = CIRCLE('',#6746,1.);
#6746 = AXIS2_PLACEMENT_3D('',#6747,#6748,#6749);
#6747 = CARTESIAN_POINT('',(5.3,-17.276352,1.));
#6748 = DIRECTION('',(0.,0.,1.));
#6749 = DIRECTION('',(1.,0.,0.));
#6750 = ORIENTED_EDGE('',*,*,#6712,.F.);
#6751 = ORIENTED_EDGE('',*,*,#3950,.F.);
#6752 = CYLINDRICAL_SURFACE('',#6753,1.);
#6753 = AXIS2_PLACEMENT_3D('',#6754,#6755,#6756);
#6754 = CARTESIAN_POINT('',(5.3,-17.276352,0.));
#6755 = DIRECTION('',(-0.,-0.,-1.));
#6756 = DIRECTION('',(1.,0.,0.));
#6757 = ADVANCED_FACE('',(#6758),#6769,.T.);
#6758 = FACE_BOUND('',#6759,.T.);
#6759 = EDGE_LOOP('',(#6760,#6761,#6767,#6768));
#6760 = ORIENTED_EDGE('',*,*,#6599,.T.);
#6761 = ORIENTED_EDGE('',*,*,#6762,.T.);
#6762 = EDGE_CURVE('',#6591,#6737,#6763,.T.);
#6763 = LINE('',#6764,#6765);
#6764 = CARTESIAN_POINT('',(4.3,-15.666567,1.));
#6765 = VECTOR('',#6766,1.);
#6766 = DIRECTION('',(0.,-1.,0.));
#6767 = ORIENTED_EDGE('',*,*,#6736,.F.);
#6768 = ORIENTED_EDGE('',*,*,#3942,.F.);
#6769 = PLANE('',#6770);
#6770 = AXIS2_PLACEMENT_3D('',#6771,#6772,#6773);
#6771 = CARTESIAN_POINT('',(4.3,-15.666567,0.));
#6772 = DIRECTION('',(1.,0.,0.));
#6773 = DIRECTION('',(0.,-1.,0.));
#6774 = ADVANCED_FACE('',(#6775),#6801,.F.);
#6775 = FACE_BOUND('',#6776,.T.);
#6776 = EDGE_LOOP('',(#6777,#6785,#6794,#6800));
#6777 = ORIENTED_EDGE('',*,*,#6778,.T.);
#6778 = EDGE_CURVE('',#4002,#6779,#6781,.T.);
#6779 = VERTEX_POINT('',#6780);
#6780 = CARTESIAN_POINT('',(5.3,-2.566567,1.));
#6781 = LINE('',#6782,#6783);
#6782 = CARTESIAN_POINT('',(5.3,-2.566567,0.));
#6783 = VECTOR('',#6784,1.);
#6784 = DIRECTION('',(0.,0.,1.));
#6785 = ORIENTED_EDGE('',*,*,#6786,.T.);
#6786 = EDGE_CURVE('',#6779,#6787,#6789,.T.);
#6787 = VERTEX_POINT('',#6788);
#6788 = CARTESIAN_POINT('',(4.3,-3.566567,1.));
#6789 = CIRCLE('',#6790,1.);
#6790 = AXIS2_PLACEMENT_3D('',#6791,#6792,#6793);
#6791 = CARTESIAN_POINT('',(5.3,-3.566567,1.));
#6792 = DIRECTION('',(0.,0.,1.));
#6793 = DIRECTION('',(1.,0.,0.));
#6794 = ORIENTED_EDGE('',*,*,#6795,.F.);
#6795 = EDGE_CURVE('',#4004,#6787,#6796,.T.);
#6796 = LINE('',#6797,#6798);
#6797 = CARTESIAN_POINT('',(4.3,-3.566567,0.));
#6798 = VECTOR('',#6799,1.);
#6799 = DIRECTION('',(0.,0.,1.));
#6800 = ORIENTED_EDGE('',*,*,#4001,.F.);
#6801 = CYLINDRICAL_SURFACE('',#6802,1.);
#6802 = AXIS2_PLACEMENT_3D('',#6803,#6804,#6805);
#6803 = CARTESIAN_POINT('',(5.3,-3.566567,0.));
#6804 = DIRECTION('',(-0.,-0.,-1.));
#6805 = DIRECTION('',(1.,0.,0.));
#6806 = ADVANCED_FACE('',(#6807),#6825,.T.);
#6807 = FACE_BOUND('',#6808,.T.);
#6808 = EDGE_LOOP('',(#6809,#6817,#6823,#6824));
#6809 = ORIENTED_EDGE('',*,*,#6810,.T.);
#6810 = EDGE_CURVE('',#4055,#6811,#6813,.T.);
#6811 = VERTEX_POINT('',#6812);
#6812 = CARTESIAN_POINT('',(232.830581,-2.566567,1.));
#6813 = LINE('',#6814,#6815);
#6814 = CARTESIAN_POINT('',(232.830581,-2.566567,0.));
#6815 = VECTOR('',#6816,1.);
#6816 = DIRECTION('',(0.,0.,1.));
#6817 = ORIENTED_EDGE('',*,*,#6818,.T.);
#6818 = EDGE_CURVE('',#6811,#6779,#6819,.T.);
#6819 = LINE('',#6820,#6821);
#6820 = CARTESIAN_POINT('',(232.830581,-2.566567,1.));
#6821 = VECTOR('',#6822,1.);
#6822 = DIRECTION('',(-1.,0.,0.));
#6823 = ORIENTED_EDGE('',*,*,#6778,.F.);
#6824 = ORIENTED_EDGE('',*,*,#4063,.F.);
#6825 = PLANE('',#6826);
#6826 = AXIS2_PLACEMENT_3D('',#6827,#6828,#6829);
#6827 = CARTESIAN_POINT('',(232.830581,-2.566567,0.));
#6828 = DIRECTION('',(0.,-1.,0.));
#6829 = DIRECTION('',(-1.,0.,0.));
#6830 = ADVANCED_FACE('',(#6831),#6850,.F.);
#6831 = FACE_BOUND('',#6832,.T.);
#6832 = EDGE_LOOP('',(#6833,#6841,#6848,#6849));
#6833 = ORIENTED_EDGE('',*,*,#6834,.T.);
#6834 = EDGE_CURVE('',#4047,#6835,#6837,.T.);
#6835 = VERTEX_POINT('',#6836);
#6836 = CARTESIAN_POINT('',(233.830581,-3.566567,1.));
#6837 = LINE('',#6838,#6839);
#6838 = CARTESIAN_POINT('',(233.830581,-3.566567,0.));
#6839 = VECTOR('',#6840,1.);
#6840 = DIRECTION('',(0.,0.,1.));
#6841 = ORIENTED_EDGE('',*,*,#6842,.T.);
#6842 = EDGE_CURVE('',#6835,#6811,#6843,.T.);
#6843 = CIRCLE('',#6844,1.);
#6844 = AXIS2_PLACEMENT_3D('',#6845,#6846,#6847);
#6845 = CARTESIAN_POINT('',(232.830581,-3.566567,1.));
#6846 = DIRECTION('',(0.,0.,1.));
#6847 = DIRECTION('',(1.,0.,0.));
#6848 = ORIENTED_EDGE('',*,*,#6810,.F.);
#6849 = ORIENTED_EDGE('',*,*,#4054,.F.);
#6850 = CYLINDRICAL_SURFACE('',#6851,1.);
#6851 = AXIS2_PLACEMENT_3D('',#6852,#6853,#6854);
#6852 = CARTESIAN_POINT('',(232.830581,-3.566567,0.));
#6853 = DIRECTION('',(-0.,-0.,-1.));
#6854 = DIRECTION('',(1.,0.,0.));
#6855 = ADVANCED_FACE('',(#6856),#6874,.T.);
#6856 = FACE_BOUND('',#6857,.T.);
#6857 = EDGE_LOOP('',(#6858,#6866,#6872,#6873));
#6858 = ORIENTED_EDGE('',*,*,#6859,.T.);
#6859 = EDGE_CURVE('',#4038,#6860,#6862,.T.);
#6860 = VERTEX_POINT('',#6861);
#6861 = CARTESIAN_POINT('',(233.830581,-5.176352,1.));
#6862 = LINE('',#6863,#6864);
#6863 = CARTESIAN_POINT('',(233.830581,-5.176352,0.));
#6864 = VECTOR('',#6865,1.);
#6865 = DIRECTION('',(0.,0.,1.));
#6866 = ORIENTED_EDGE('',*,*,#6867,.T.);
#6867 = EDGE_CURVE('',#6860,#6835,#6868,.T.);
#6868 = LINE('',#6869,#6870);
#6869 = CARTESIAN_POINT('',(233.830581,-5.176352,1.));
#6870 = VECTOR('',#6871,1.);
#6871 = DIRECTION('',(0.,1.,0.));
#6872 = ORIENTED_EDGE('',*,*,#6834,.F.);
#6873 = ORIENTED_EDGE('',*,*,#4046,.F.);
#6874 = PLANE('',#6875);
#6875 = AXIS2_PLACEMENT_3D('',#6876,#6877,#6878);
#6876 = CARTESIAN_POINT('',(233.830581,-5.176352,0.));
#6877 = DIRECTION('',(-1.,0.,0.));
#6878 = DIRECTION('',(0.,1.,0.));
#6879 = ADVANCED_FACE('',(#6880),#6899,.F.);
#6880 = FACE_BOUND('',#6881,.T.);
#6881 = EDGE_LOOP('',(#6882,#6890,#6897,#6898));
#6882 = ORIENTED_EDGE('',*,*,#6883,.T.);
#6883 = EDGE_CURVE('',#4030,#6884,#6886,.T.);
#6884 = VERTEX_POINT('',#6885);
#6885 = CARTESIAN_POINT('',(232.830581,-6.176352,1.));
#6886 = LINE('',#6887,#6888);
#6887 = CARTESIAN_POINT('',(232.830581,-6.176352,0.));
#6888 = VECTOR('',#6889,1.);
#6889 = DIRECTION('',(0.,0.,1.));
#6890 = ORIENTED_EDGE('',*,*,#6891,.T.);
#6891 = EDGE_CURVE('',#6884,#6860,#6892,.T.);
#6892 = CIRCLE('',#6893,1.);
#6893 = AXIS2_PLACEMENT_3D('',#6894,#6895,#6896);
#6894 = CARTESIAN_POINT('',(232.830581,-5.176352,1.));
#6895 = DIRECTION('',(0.,0.,1.));
#6896 = DIRECTION('',(1.,0.,0.));
#6897 = ORIENTED_EDGE('',*,*,#6859,.F.);
#6898 = ORIENTED_EDGE('',*,*,#4037,.F.);
#6899 = CYLINDRICAL_SURFACE('',#6900,1.);
#6900 = AXIS2_PLACEMENT_3D('',#6901,#6902,#6903);
#6901 = CARTESIAN_POINT('',(232.830581,-5.176352,0.));
#6902 = DIRECTION('',(-0.,-0.,-1.));
#6903 = DIRECTION('',(1.,0.,0.));
#6904 = ADVANCED_FACE('',(#6905),#6923,.T.);
#6905 = FACE_BOUND('',#6906,.T.);
#6906 = EDGE_LOOP('',(#6907,#6915,#6921,#6922));
#6907 = ORIENTED_EDGE('',*,*,#6908,.T.);
#6908 = EDGE_CURVE('',#4021,#6909,#6911,.T.);
#6909 = VERTEX_POINT('',#6910);
#6910 = CARTESIAN_POINT('',(5.3,-6.176352,1.));
#6911 = LINE('',#6912,#6913);
#6912 = CARTESIAN_POINT('',(5.3,-6.176352,0.));
#6913 = VECTOR('',#6914,1.);
#6914 = DIRECTION('',(0.,0.,1.));
#6915 = ORIENTED_EDGE('',*,*,#6916,.T.);
#6916 = EDGE_CURVE('',#6909,#6884,#6917,.T.);
#6917 = LINE('',#6918,#6919);
#6918 = CARTESIAN_POINT('',(5.3,-6.176352,1.));
#6919 = VECTOR('',#6920,1.);
#6920 = DIRECTION('',(1.,0.,0.));
#6921 = ORIENTED_EDGE('',*,*,#6883,.F.);
#6922 = ORIENTED_EDGE('',*,*,#4029,.F.);
#6923 = PLANE('',#6924);
#6924 = AXIS2_PLACEMENT_3D('',#6925,#6926,#6927);
#6925 = CARTESIAN_POINT('',(5.3,-6.176352,0.));
#6926 = DIRECTION('',(0.,1.,0.));
#6927 = DIRECTION('',(1.,0.,0.));
#6928 = ADVANCED_FACE('',(#6929),#6948,.F.);
#6929 = FACE_BOUND('',#6930,.T.);
#6930 = EDGE_LOOP('',(#6931,#6939,#6946,#6947));
#6931 = ORIENTED_EDGE('',*,*,#6932,.T.);
#6932 = EDGE_CURVE('',#4013,#6933,#6935,.T.);
#6933 = VERTEX_POINT('',#6934);
#6934 = CARTESIAN_POINT('',(4.3,-5.176352,1.));
#6935 = LINE('',#6936,#6937);
#6936 = CARTESIAN_POINT('',(4.3,-5.176352,0.));
#6937 = VECTOR('',#6938,1.);
#6938 = DIRECTION('',(0.,0.,1.));
#6939 = ORIENTED_EDGE('',*,*,#6940,.T.);
#6940 = EDGE_CURVE('',#6933,#6909,#6941,.T.);
#6941 = CIRCLE('',#6942,1.);
#6942 = AXIS2_PLACEMENT_3D('',#6943,#6944,#6945);
#6943 = CARTESIAN_POINT('',(5.3,-5.176352,1.));
#6944 = DIRECTION('',(0.,0.,1.));
#6945 = DIRECTION('',(1.,0.,0.));
#6946 = ORIENTED_EDGE('',*,*,#6908,.F.);
#6947 = ORIENTED_EDGE('',*,*,#4020,.F.);
#6948 = CYLINDRICAL_SURFACE('',#6949,1.);
#6949 = AXIS2_PLACEMENT_3D('',#6950,#6951,#6952);
#6950 = CARTESIAN_POINT('',(5.3,-5.176352,0.));
#6951 = DIRECTION('',(-0.,-0.,-1.));
#6952 = DIRECTION('',(1.,0.,0.));
#6953 = ADVANCED_FACE('',(#6954),#6965,.T.);
#6954 = FACE_BOUND('',#6955,.T.);
#6955 = EDGE_LOOP('',(#6956,#6957,#6963,#6964));
#6956 = ORIENTED_EDGE('',*,*,#6795,.T.);
#6957 = ORIENTED_EDGE('',*,*,#6958,.T.);
#6958 = EDGE_CURVE('',#6787,#6933,#6959,.T.);
#6959 = LINE('',#6960,#6961);
#6960 = CARTESIAN_POINT('',(4.3,-3.566567,1.));
#6961 = VECTOR('',#6962,1.);
#6962 = DIRECTION('',(0.,-1.,0.));
#6963 = ORIENTED_EDGE('',*,*,#6932,.F.);
#6964 = ORIENTED_EDGE('',*,*,#4012,.F.);
#6965 = PLANE('',#6966);
#6966 = AXIS2_PLACEMENT_3D('',#6967,#6968,#6969);
#6967 = CARTESIAN_POINT('',(4.3,-3.566567,0.));
#6968 = DIRECTION('',(1.,0.,0.));
#6969 = DIRECTION('',(0.,-1.,0.));
#6970 = ADVANCED_FACE('',(#6971),#6996,.F.);
#6971 = FACE_BOUND('',#6972,.F.);
#6972 = EDGE_LOOP('',(#6973,#6981,#6989,#6995));
#6973 = ORIENTED_EDGE('',*,*,#6974,.T.);
#6974 = EDGE_CURVE('',#4072,#6975,#6977,.T.);
#6975 = VERTEX_POINT('',#6976);
#6976 = CARTESIAN_POINT('',(9.592814664638,-11.29710805964,1.1));
#6977 = LINE('',#6978,#6979);
#6978 = CARTESIAN_POINT('',(9.592814664638,-11.29710805964,0.));
#6979 = VECTOR('',#6980,1.);
#6980 = DIRECTION('',(0.,0.,1.));
#6981 = ORIENTED_EDGE('',*,*,#6982,.T.);
#6982 = EDGE_CURVE('',#6975,#6983,#6985,.T.);
#6983 = VERTEX_POINT('',#6984);
#6984 = CARTESIAN_POINT('',(9.597130817033,-9.797122549187,1.1));
#6985 = LINE('',#6986,#6987);
#6986 = CARTESIAN_POINT('',(9.592814664638,-11.29710805964,1.1));
#6987 = VECTOR('',#6988,1.);
#6988 = DIRECTION('',(2.877450812553E-03,0.99999586013,0.));
#6989 = ORIENTED_EDGE('',*,*,#6990,.F.);
#6990 = EDGE_CURVE('',#4074,#6983,#6991,.T.);
#6991 = LINE('',#6992,#6993);
#6992 = CARTESIAN_POINT('',(9.597130817033,-9.797122549187,0.));
#6993 = VECTOR('',#6994,1.);
#6994 = DIRECTION('',(0.,0.,1.));
#6995 = ORIENTED_EDGE('',*,*,#4071,.F.);
#6996 = PLANE('',#6997);
#6997 = AXIS2_PLACEMENT_3D('',#6998,#6999,#7000);
#6998 = CARTESIAN_POINT('',(9.592814664638,-11.29710805964,0.));
#6999 = DIRECTION('',(-0.99999586013,2.877450812553E-03,0.));
#7000 = DIRECTION('',(2.877450812553E-03,0.99999586013,0.));
#7001 = ADVANCED_FACE('',(#7002),#7021,.F.);
#7002 = FACE_BOUND('',#7003,.F.);
#7003 = EDGE_LOOP('',(#7004,#7012,#7019,#7020));
#7004 = ORIENTED_EDGE('',*,*,#7005,.T.);
#7005 = EDGE_CURVE('',#4082,#7006,#7008,.T.);
#7006 = VERTEX_POINT('',#7007);
#7007 = CARTESIAN_POINT('',(10.592810524768,-12.29998551045,1.1));
#7008 = LINE('',#7009,#7010);
#7009 = CARTESIAN_POINT('',(10.592810524768,-12.29998551045,0.));
#7010 = VECTOR('',#7011,1.);
#7011 = DIRECTION('',(0.,0.,1.));
#7012 = ORIENTED_EDGE('',*,*,#7013,.T.);
#7013 = EDGE_CURVE('',#7006,#6975,#7014,.T.);
#7014 = CIRCLE('',#7015,1.);
#7015 = AXIS2_PLACEMENT_3D('',#7016,#7017,#7018);
#7016 = CARTESIAN_POINT('',(10.592810524768,-11.29998551045,1.1));
#7017 = DIRECTION('',(0.,0.,-1.));
#7018 = DIRECTION('',(1.,0.,0.));
#7019 = ORIENTED_EDGE('',*,*,#6974,.F.);
#7020 = ORIENTED_EDGE('',*,*,#4081,.F.);
#7021 = CYLINDRICAL_SURFACE('',#7022,1.);
#7022 = AXIS2_PLACEMENT_3D('',#7023,#7024,#7025);
#7023 = CARTESIAN_POINT('',(10.592810524768,-11.29998551045,0.));
#7024 = DIRECTION('',(0.,0.,-1.));
#7025 = DIRECTION('',(1.,0.,0.));
#7026 = ADVANCED_FACE('',(#7027),#7046,.F.);
#7027 = FACE_BOUND('',#7028,.F.);
#7028 = EDGE_LOOP('',(#7029,#7030,#7039,#7045));
#7029 = ORIENTED_EDGE('',*,*,#6990,.T.);
#7030 = ORIENTED_EDGE('',*,*,#7031,.T.);
#7031 = EDGE_CURVE('',#6983,#7032,#7034,.T.);
#7032 = VERTEX_POINT('',#7033);
#7033 = CARTESIAN_POINT('',(10.597126677162,-8.800000000001,1.1));
#7034 = CIRCLE('',#7035,1.);
#7035 = AXIS2_PLACEMENT_3D('',#7036,#7037,#7038);
#7036 = CARTESIAN_POINT('',(10.597126677162,-9.8,1.1));
#7037 = DIRECTION('',(0.,0.,-1.));
#7038 = DIRECTION('',(1.,0.,0.));
#7039 = ORIENTED_EDGE('',*,*,#7040,.F.);
#7040 = EDGE_CURVE('',#4125,#7032,#7041,.T.);
#7041 = LINE('',#7042,#7043);
#7042 = CARTESIAN_POINT('',(10.597126677162,-8.800000000001,0.));
#7043 = VECTOR('',#7044,1.);
#7044 = DIRECTION('',(0.,0.,1.));
#7045 = ORIENTED_EDGE('',*,*,#4132,.F.);
#7046 = CYLINDRICAL_SURFACE('',#7047,1.);
#7047 = AXIS2_PLACEMENT_3D('',#7048,#7049,#7050);
#7048 = CARTESIAN_POINT('',(10.597126677162,-9.8,0.));
#7049 = DIRECTION('',(0.,0.,-1.));
#7050 = DIRECTION('',(1.,0.,0.));
#7051 = ADVANCED_FACE('',(#7052),#7070,.F.);
#7052 = FACE_BOUND('',#7053,.F.);
#7053 = EDGE_LOOP('',(#7054,#7062,#7068,#7069));
#7054 = ORIENTED_EDGE('',*,*,#7055,.T.);
#7055 = EDGE_CURVE('',#4091,#7056,#7058,.T.);
#7056 = VERTEX_POINT('',#7057);
#7057 = CARTESIAN_POINT('',(38.589928922156,-12.29998551045,1.1));
#7058 = LINE('',#7059,#7060);
#7059 = CARTESIAN_POINT('',(38.589928922156,-12.29998551045,0.));
#7060 = VECTOR('',#7061,1.);
#7061 = DIRECTION('',(0.,0.,1.));
#7062 = ORIENTED_EDGE('',*,*,#7063,.T.);
#7063 = EDGE_CURVE('',#7056,#7006,#7064,.T.);
#7064 = LINE('',#7065,#7066);
#7065 = CARTESIAN_POINT('',(38.589928922156,-12.29998551045,1.1));
#7066 = VECTOR('',#7067,1.);
#7067 = DIRECTION('',(-1.,0.,0.));
#7068 = ORIENTED_EDGE('',*,*,#7005,.F.);
#7069 = ORIENTED_EDGE('',*,*,#4090,.F.);
#7070 = PLANE('',#7071);
#7071 = AXIS2_PLACEMENT_3D('',#7072,#7073,#7074);
#7072 = CARTESIAN_POINT('',(38.589928922156,-12.29998551045,0.));
#7073 = DIRECTION('',(0.,-1.,0.));
#7074 = DIRECTION('',(-1.,0.,0.));
#7075 = ADVANCED_FACE('',(#7076),#7094,.F.);
#7076 = FACE_BOUND('',#7077,.F.);
#7077 = EDGE_LOOP('',(#7078,#7079,#7087,#7093));
#7078 = ORIENTED_EDGE('',*,*,#7040,.T.);
#7079 = ORIENTED_EDGE('',*,*,#7080,.T.);
#7080 = EDGE_CURVE('',#7032,#7081,#7083,.T.);
#7081 = VERTEX_POINT('',#7082);
#7082 = CARTESIAN_POINT('',(38.58992892219,-8.800000000001,1.1));
#7083 = LINE('',#7084,#7085);
#7084 = CARTESIAN_POINT('',(10.597126677162,-8.800000000001,1.1));
#7085 = VECTOR('',#7086,1.);
#7086 = DIRECTION('',(1.,0.,0.));
#7087 = ORIENTED_EDGE('',*,*,#7088,.F.);
#7088 = EDGE_CURVE('',#4116,#7081,#7089,.T.);
#7089 = LINE('',#7090,#7091);
#7090 = CARTESIAN_POINT('',(38.58992892219,-8.800000000001,0.));
#7091 = VECTOR('',#7092,1.);
#7092 = DIRECTION('',(0.,0.,1.));
#7093 = ORIENTED_EDGE('',*,*,#4124,.F.);
#7094 = PLANE('',#7095);
#7095 = AXIS2_PLACEMENT_3D('',#7096,#7097,#7098);
#7096 = CARTESIAN_POINT('',(10.597126677162,-8.800000000001,0.));
#7097 = DIRECTION('',(0.,1.,0.));
#7098 = DIRECTION('',(1.,0.,0.));
#7099 = ADVANCED_FACE('',(#7100),#7119,.F.);
#7100 = FACE_BOUND('',#7101,.F.);
#7101 = EDGE_LOOP('',(#7102,#7110,#7117,#7118));
#7102 = ORIENTED_EDGE('',*,*,#7103,.T.);
#7103 = EDGE_CURVE('',#4099,#7104,#7106,.T.);
#7104 = VERTEX_POINT('',#7105);
#7105 = CARTESIAN_POINT('',(39.589928922156,-11.29998551045,1.1));
#7106 = LINE('',#7107,#7108);
#7107 = CARTESIAN_POINT('',(39.589928922156,-11.29998551045,0.));
#7108 = VECTOR('',#7109,1.);
#7109 = DIRECTION('',(0.,0.,1.));
#7110 = ORIENTED_EDGE('',*,*,#7111,.T.);
#7111 = EDGE_CURVE('',#7104,#7056,#7112,.T.);
#7112 = CIRCLE('',#7113,1.);
#7113 = AXIS2_PLACEMENT_3D('',#7114,#7115,#7116);
#7114 = CARTESIAN_POINT('',(38.589928922156,-11.29998551045,1.1));
#7115 = DIRECTION('',(0.,0.,-1.));
#7116 = DIRECTION('',(1.,0.,0.));
#7117 = ORIENTED_EDGE('',*,*,#7055,.F.);
#7118 = ORIENTED_EDGE('',*,*,#4098,.F.);
#7119 = CYLINDRICAL_SURFACE('',#7120,1.);
#7120 = AXIS2_PLACEMENT_3D('',#7121,#7122,#7123);
#7121 = CARTESIAN_POINT('',(38.589928922156,-11.29998551045,0.));
#7122 = DIRECTION('',(0.,0.,-1.));
#7123 = DIRECTION('',(1.,0.,0.));
#7124 = ADVANCED_FACE('',(#7125),#7144,.F.);
#7125 = FACE_BOUND('',#7126,.F.);
#7126 = EDGE_LOOP('',(#7127,#7128,#7137,#7143));
#7127 = ORIENTED_EDGE('',*,*,#7088,.T.);
#7128 = ORIENTED_EDGE('',*,*,#7129,.T.);
#7129 = EDGE_CURVE('',#7081,#7130,#7132,.T.);
#7130 = VERTEX_POINT('',#7131);
#7131 = CARTESIAN_POINT('',(39.589928922155,-9.799999999967,1.1));
#7132 = CIRCLE('',#7133,1.);
#7133 = AXIS2_PLACEMENT_3D('',#7134,#7135,#7136);
#7134 = CARTESIAN_POINT('',(38.589928922155,-9.800000000001,1.1));
#7135 = DIRECTION('',(0.,0.,-1.));
#7136 = DIRECTION('',(1.,0.,0.));
#7137 = ORIENTED_EDGE('',*,*,#7138,.F.);
#7138 = EDGE_CURVE('',#4108,#7130,#7139,.T.);
#7139 = LINE('',#7140,#7141);
#7140 = CARTESIAN_POINT('',(39.589928922155,-9.799999999967,0.));
#7141 = VECTOR('',#7142,1.);
#7142 = DIRECTION('',(0.,0.,1.));
#7143 = ORIENTED_EDGE('',*,*,#4115,.F.);
#7144 = CYLINDRICAL_SURFACE('',#7145,1.);
#7145 = AXIS2_PLACEMENT_3D('',#7146,#7147,#7148);
#7146 = CARTESIAN_POINT('',(38.589928922155,-9.800000000001,0.));
#7147 = DIRECTION('',(0.,0.,-1.));
#7148 = DIRECTION('',(1.,0.,0.));
#7149 = ADVANCED_FACE('',(#7150),#7161,.F.);
#7150 = FACE_BOUND('',#7151,.F.);
#7151 = EDGE_LOOP('',(#7152,#7153,#7159,#7160));
#7152 = ORIENTED_EDGE('',*,*,#7138,.T.);
#7153 = ORIENTED_EDGE('',*,*,#7154,.T.);
#7154 = EDGE_CURVE('',#7130,#7104,#7155,.T.);
#7155 = LINE('',#7156,#7157);
#7156 = CARTESIAN_POINT('',(39.589928922156,-9.799999999967,1.1));
#7157 = VECTOR('',#7158,1.);
#7158 = DIRECTION('',(0.,-1.,0.));
#7159 = ORIENTED_EDGE('',*,*,#7103,.F.);
#7160 = ORIENTED_EDGE('',*,*,#4107,.F.);
#7161 = PLANE('',#7162);
#7162 = AXIS2_PLACEMENT_3D('',#7163,#7164,#7165);
#7163 = CARTESIAN_POINT('',(39.589928922156,-9.799999999967,0.));
#7164 = DIRECTION('',(1.,0.,0.));
#7165 = DIRECTION('',(0.,-1.,0.));
#7166 = ADVANCED_FACE('',(#7167),#7177,.F.);
#7167 = FACE_BOUND('',#7168,.T.);
#7168 = EDGE_LOOP('',(#7169,#7170,#7171,#7172,#7173,#7174,#7175,#7176));
#7169 = ORIENTED_EDGE('',*,*,#4238,.T.);
#7170 = ORIENTED_EDGE('',*,*,#4287,.T.);
#7171 = ORIENTED_EDGE('',*,*,#4336,.T.);
#7172 = ORIENTED_EDGE('',*,*,#4385,.T.);
#7173 = ORIENTED_EDGE('',*,*,#4410,.T.);
#7174 = ORIENTED_EDGE('',*,*,#4367,.T.);
#7175 = ORIENTED_EDGE('',*,*,#4319,.T.);
#7176 = ORIENTED_EDGE('',*,*,#4269,.T.);
#7177 = PLANE('',#7178);
#7178 = AXIS2_PLACEMENT_3D('',#7179,#7180,#7181);
#7179 = CARTESIAN_POINT('',(118.95634720634,-38.59756509383,1.1));
#7180 = DIRECTION('',(0.,0.,1.));
#7181 = DIRECTION('',(1.,0.,0.));
#7182 = ADVANCED_FACE('',(#7183),#7193,.F.);
#7183 = FACE_BOUND('',#7184,.F.);
#7184 = EDGE_LOOP('',(#7185,#7186,#7187,#7188,#7189,#7190,#7191,#7192));
#7185 = ORIENTED_EDGE('',*,*,#4606,.T.);
#7186 = ORIENTED_EDGE('',*,*,#4588,.T.);
#7187 = ORIENTED_EDGE('',*,*,#4564,.T.);
#7188 = ORIENTED_EDGE('',*,*,#4539,.T.);
#7189 = ORIENTED_EDGE('',*,*,#4515,.T.);
#7190 = ORIENTED_EDGE('',*,*,#4490,.T.);
#7191 = ORIENTED_EDGE('',*,*,#4466,.T.);
#7192 = ORIENTED_EDGE('',*,*,#4434,.T.);
#7193 = PLANE('',#7194);
#7194 = AXIS2_PLACEMENT_3D('',#7195,#7196,#7197);
#7195 = CARTESIAN_POINT('',(119.0652905,-38.63509586363,1.));
#7196 = DIRECTION('',(0.,0.,1.));
#7197 = DIRECTION('',(1.,0.,0.));
#7198 = ADVANCED_FACE('',(#7199),#7209,.F.);
#7199 = FACE_BOUND('',#7200,.F.);
#7200 = EDGE_LOOP('',(#7201,#7202,#7203,#7204,#7205,#7206,#7207,#7208));
#7201 = ORIENTED_EDGE('',*,*,#4802,.T.);
#7202 = ORIENTED_EDGE('',*,*,#4784,.T.);
#7203 = ORIENTED_EDGE('',*,*,#4760,.T.);
#7204 = ORIENTED_EDGE('',*,*,#4735,.T.);
#7205 = ORIENTED_EDGE('',*,*,#4711,.T.);
#7206 = ORIENTED_EDGE('',*,*,#4686,.T.);
#7207 = ORIENTED_EDGE('',*,*,#4662,.T.);
#7208 = ORIENTED_EDGE('',*,*,#4630,.T.);
#7209 = PLANE('',#7210);
#7210 = AXIS2_PLACEMENT_3D('',#7211,#7212,#7213);
#7211 = CARTESIAN_POINT('',(119.0652905,-38.63509586363,1.));
#7212 = DIRECTION('',(0.,0.,1.));
#7213 = DIRECTION('',(1.,0.,0.));
#7214 = ADVANCED_FACE('',(#7215),#7225,.F.);
#7215 = FACE_BOUND('',#7216,.T.);
#7216 = EDGE_LOOP('',(#7217,#7218,#7219,#7220,#7221,#7222,#7223,#7224));
#7217 = ORIENTED_EDGE('',*,*,#4826,.T.);
#7218 = ORIENTED_EDGE('',*,*,#4875,.T.);
#7219 = ORIENTED_EDGE('',*,*,#4924,.T.);
#7220 = ORIENTED_EDGE('',*,*,#4973,.T.);
#7221 = ORIENTED_EDGE('',*,*,#4998,.T.);
#7222 = ORIENTED_EDGE('',*,*,#4955,.T.);
#7223 = ORIENTED_EDGE('',*,*,#4907,.T.);
#7224 = ORIENTED_EDGE('',*,*,#4857,.T.);
#7225 = PLANE('',#7226);
#7226 = AXIS2_PLACEMENT_3D('',#7227,#7228,#7229);
#7227 = CARTESIAN_POINT('',(118.95634720634,-38.59756509383,1.1));
#7228 = DIRECTION('',(0.,0.,1.));
#7229 = DIRECTION('',(1.,0.,0.));
#7230 = ADVANCED_FACE('',(#7231),#7241,.F.);
#7231 = FACE_BOUND('',#7232,.F.);
#7232 = EDGE_LOOP('',(#7233,#7234,#7235,#7236,#7237,#7238,#7239,#7240));
#7233 = ORIENTED_EDGE('',*,*,#5194,.T.);
#7234 = ORIENTED_EDGE('',*,*,#5176,.T.);
#7235 = ORIENTED_EDGE('',*,*,#5152,.T.);
#7236 = ORIENTED_EDGE('',*,*,#5127,.T.);
#7237 = ORIENTED_EDGE('',*,*,#5103,.T.);
#7238 = ORIENTED_EDGE('',*,*,#5078,.T.);
#7239 = ORIENTED_EDGE('',*,*,#5054,.T.);
#7240 = ORIENTED_EDGE('',*,*,#5022,.T.);
#7241 = PLANE('',#7242);
#7242 = AXIS2_PLACEMENT_3D('',#7243,#7244,#7245);
#7243 = CARTESIAN_POINT('',(119.0652905,-38.63509586363,1.));
#7244 = DIRECTION('',(0.,0.,1.));
#7245 = DIRECTION('',(1.,0.,0.));
#7246 = ADVANCED_FACE('',(#7247),#7257,.F.);
#7247 = FACE_BOUND('',#7248,.F.);
#7248 = EDGE_LOOP('',(#7249,#7250,#7251,#7252,#7253,#7254,#7255,#7256));
#7249 = ORIENTED_EDGE('',*,*,#5390,.T.);
#7250 = ORIENTED_EDGE('',*,*,#5372,.T.);
#7251 = ORIENTED_EDGE('',*,*,#5348,.T.);
#7252 = ORIENTED_EDGE('',*,*,#5323,.T.);
#7253 = ORIENTED_EDGE('',*,*,#5299,.T.);
#7254 = ORIENTED_EDGE('',*,*,#5274,.T.);
#7255 = ORIENTED_EDGE('',*,*,#5250,.T.);
#7256 = ORIENTED_EDGE('',*,*,#5218,.T.);
#7257 = PLANE('',#7258);
#7258 = AXIS2_PLACEMENT_3D('',#7259,#7260,#7261);
#7259 = CARTESIAN_POINT('',(119.0652905,-38.63509586363,1.));
#7260 = DIRECTION('',(0.,0.,1.));
#7261 = DIRECTION('',(1.,0.,0.));
#7262 = ADVANCED_FACE('',(#7263),#7273,.F.);
#7263 = FACE_BOUND('',#7264,.F.);
#7264 = EDGE_LOOP('',(#7265,#7266,#7267,#7268,#7269,#7270,#7271,#7272));
#7265 = ORIENTED_EDGE('',*,*,#5586,.T.);
#7266 = ORIENTED_EDGE('',*,*,#5568,.T.);
#7267 = ORIENTED_EDGE('',*,*,#5544,.T.);
#7268 = ORIENTED_EDGE('',*,*,#5519,.T.);
#7269 = ORIENTED_EDGE('',*,*,#5495,.T.);
#7270 = ORIENTED_EDGE('',*,*,#5470,.T.);
#7271 = ORIENTED_EDGE('',*,*,#5446,.T.);
#7272 = ORIENTED_EDGE('',*,*,#5414,.T.);
#7273 = PLANE('',#7274);
#7274 = AXIS2_PLACEMENT_3D('',#7275,#7276,#7277);
#7275 = CARTESIAN_POINT('',(119.0652905,-38.63509586363,1.));
#7276 = DIRECTION('',(0.,0.,1.));
#7277 = DIRECTION('',(1.,0.,0.));
#7278 = ADVANCED_FACE('',(#7279),#7289,.F.);
#7279 = FACE_BOUND('',#7280,.F.);
#7280 = EDGE_LOOP('',(#7281,#7282,#7283,#7284,#7285,#7286,#7287,#7288));
#7281 = ORIENTED_EDGE('',*,*,#5782,.T.);
#7282 = ORIENTED_EDGE('',*,*,#5764,.T.);
#7283 = ORIENTED_EDGE('',*,*,#5740,.T.);
#7284 = ORIENTED_EDGE('',*,*,#5715,.T.);
#7285 = ORIENTED_EDGE('',*,*,#5691,.T.);
#7286 = ORIENTED_EDGE('',*,*,#5666,.T.);
#7287 = ORIENTED_EDGE('',*,*,#5642,.T.);
#7288 = ORIENTED_EDGE('',*,*,#5610,.T.);
#7289 = PLANE('',#7290);
#7290 = AXIS2_PLACEMENT_3D('',#7291,#7292,#7293);
#7291 = CARTESIAN_POINT('',(119.0652905,-38.63509586363,1.));
#7292 = DIRECTION('',(0.,0.,1.));
#7293 = DIRECTION('',(1.,0.,0.));
#7294 = ADVANCED_FACE('',(#7295),#7305,.F.);
#7295 = FACE_BOUND('',#7296,.T.);
#7296 = EDGE_LOOP('',(#7297,#7298,#7299,#7300,#7301,#7302,#7303,#7304));
#7297 = ORIENTED_EDGE('',*,*,#5806,.T.);
#7298 = ORIENTED_EDGE('',*,*,#5855,.T.);
#7299 = ORIENTED_EDGE('',*,*,#5904,.T.);
#7300 = ORIENTED_EDGE('',*,*,#5953,.T.);
#7301 = ORIENTED_EDGE('',*,*,#5978,.T.);
#7302 = ORIENTED_EDGE('',*,*,#5935,.T.);
#7303 = ORIENTED_EDGE('',*,*,#5887,.T.);
#7304 = ORIENTED_EDGE('',*,*,#5837,.T.);
#7305 = PLANE('',#7306);
#7306 = AXIS2_PLACEMENT_3D('',#7307,#7308,#7309);
#7307 = CARTESIAN_POINT('',(118.95634720634,-38.59756509383,1.1));
#7308 = DIRECTION('',(0.,0.,1.));
#7309 = DIRECTION('',(1.,0.,0.));
#7310 = ADVANCED_FACE('',(#7311),#7321,.F.);
#7311 = FACE_BOUND('',#7312,.F.);
#7312 = EDGE_LOOP('',(#7313,#7314,#7315,#7316,#7317,#7318,#7319,#7320));
#7313 = ORIENTED_EDGE('',*,*,#6174,.T.);
#7314 = ORIENTED_EDGE('',*,*,#6156,.T.);
#7315 = ORIENTED_EDGE('',*,*,#6132,.T.);
#7316 = ORIENTED_EDGE('',*,*,#6107,.T.);
#7317 = ORIENTED_EDGE('',*,*,#6083,.T.);
#7318 = ORIENTED_EDGE('',*,*,#6058,.T.);
#7319 = ORIENTED_EDGE('',*,*,#6034,.T.);
#7320 = ORIENTED_EDGE('',*,*,#6002,.T.);
#7321 = PLANE('',#7322);
#7322 = AXIS2_PLACEMENT_3D('',#7323,#7324,#7325);
#7323 = CARTESIAN_POINT('',(119.0652905,-38.63509586363,1.));
#7324 = DIRECTION('',(0.,0.,1.));
#7325 = DIRECTION('',(1.,0.,0.));
#7326 = ADVANCED_FACE('',(#7327),#7337,.F.);
#7327 = FACE_BOUND('',#7328,.F.);
#7328 = EDGE_LOOP('',(#7329,#7330,#7331,#7332,#7333,#7334,#7335,#7336));
#7329 = ORIENTED_EDGE('',*,*,#6370,.T.);
#7330 = ORIENTED_EDGE('',*,*,#6352,.T.);
#7331 = ORIENTED_EDGE('',*,*,#6328,.T.);
#7332 = ORIENTED_EDGE('',*,*,#6303,.T.);
#7333 = ORIENTED_EDGE('',*,*,#6279,.T.);
#7334 = ORIENTED_EDGE('',*,*,#6254,.T.);
#7335 = ORIENTED_EDGE('',*,*,#6230,.T.);
#7336 = ORIENTED_EDGE('',*,*,#6198,.T.);
#7337 = PLANE('',#7338);
#7338 = AXIS2_PLACEMENT_3D('',#7339,#7340,#7341);
#7339 = CARTESIAN_POINT('',(119.0652905,-38.63509586363,1.));
#7340 = DIRECTION('',(0.,0.,1.));
#7341 = DIRECTION('',(1.,0.,0.));
#7342 = ADVANCED_FACE('',(#7343),#7353,.F.);
#7343 = FACE_BOUND('',#7344,.F.);
#7344 = EDGE_LOOP('',(#7345,#7346,#7347,#7348,#7349,#7350,#7351,#7352));
#7345 = ORIENTED_EDGE('',*,*,#6566,.T.);
#7346 = ORIENTED_EDGE('',*,*,#6548,.T.);
#7347 = ORIENTED_EDGE('',*,*,#6524,.T.);
#7348 = ORIENTED_EDGE('',*,*,#6499,.T.);
#7349 = ORIENTED_EDGE('',*,*,#6475,.T.);
#7350 = ORIENTED_EDGE('',*,*,#6450,.T.);
#7351 = ORIENTED_EDGE('',*,*,#6426,.T.);
#7352 = ORIENTED_EDGE('',*,*,#6394,.T.);
#7353 = PLANE('',#7354);
#7354 = AXIS2_PLACEMENT_3D('',#7355,#7356,#7357);
#7355 = CARTESIAN_POINT('',(119.0652905,-38.63509586363,1.));
#7356 = DIRECTION('',(0.,0.,1.));
#7357 = DIRECTION('',(1.,0.,0.));
#7358 = ADVANCED_FACE('',(#7359),#7369,.F.);
#7359 = FACE_BOUND('',#7360,.F.);
#7360 = EDGE_LOOP('',(#7361,#7362,#7363,#7364,#7365,#7366,#7367,#7368));
#7361 = ORIENTED_EDGE('',*,*,#6762,.T.);
#7362 = ORIENTED_EDGE('',*,*,#6744,.T.);
#7363 = ORIENTED_EDGE('',*,*,#6720,.T.);
#7364 = ORIENTED_EDGE('',*,*,#6695,.T.);
#7365 = ORIENTED_EDGE('',*,*,#6671,.T.);
#7366 = ORIENTED_EDGE('',*,*,#6646,.T.);
#7367 = ORIENTED_EDGE('',*,*,#6622,.T.);
#7368 = ORIENTED_EDGE('',*,*,#6590,.T.);
#7369 = PLANE('',#7370);
#7370 = AXIS2_PLACEMENT_3D('',#7371,#7372,#7373);
#7371 = CARTESIAN_POINT('',(119.0652905,-38.63509586363,1.));
#7372 = DIRECTION('',(0.,0.,1.));
#7373 = DIRECTION('',(1.,0.,0.));
#7374 = ADVANCED_FACE('',(#7375),#7385,.F.);
#7375 = FACE_BOUND('',#7376,.F.);
#7376 = EDGE_LOOP('',(#7377,#7378,#7379,#7380,#7381,#7382,#7383,#7384));
#7377 = ORIENTED_EDGE('',*,*,#6958,.T.);
#7378 = ORIENTED_EDGE('',*,*,#6940,.T.);
#7379 = ORIENTED_EDGE('',*,*,#6916,.T.);
#7380 = ORIENTED_EDGE('',*,*,#6891,.T.);
#7381 = ORIENTED_EDGE('',*,*,#6867,.T.);
#7382 = ORIENTED_EDGE('',*,*,#6842,.T.);
#7383 = ORIENTED_EDGE('',*,*,#6818,.T.);
#7384 = ORIENTED_EDGE('',*,*,#6786,.T.);
#7385 = PLANE('',#7386);
#7386 = AXIS2_PLACEMENT_3D('',#7387,#7388,#7389);
#7387 = CARTESIAN_POINT('',(119.0652905,-38.63509586363,1.));
#7388 = DIRECTION('',(0.,0.,1.));
#7389 = DIRECTION('',(1.,0.,0.));
#7390 = ADVANCED_FACE('',(#7391),#7401,.F.);
#7391 = FACE_BOUND('',#7392,.T.);
#7392 = EDGE_LOOP('',(#7393,#7394,#7395,#7396,#7397,#7398,#7399,#7400));
#7393 = ORIENTED_EDGE('',*,*,#6982,.T.);
#7394 = ORIENTED_EDGE('',*,*,#7031,.T.);
#7395 = ORIENTED_EDGE('',*,*,#7080,.T.);
#7396 = ORIENTED_EDGE('',*,*,#7129,.T.);
#7397 = ORIENTED_EDGE('',*,*,#7154,.T.);
#7398 = ORIENTED_EDGE('',*,*,#7111,.T.);
#7399 = ORIENTED_EDGE('',*,*,#7063,.T.);
#7400 = ORIENTED_EDGE('',*,*,#7013,.T.);
#7401 = PLANE('',#7402);
#7402 = AXIS2_PLACEMENT_3D('',#7403,#7404,#7405);
#7403 = CARTESIAN_POINT('',(118.95634720634,-38.59756509383,1.1));
#7404 = DIRECTION('',(0.,0.,1.));
#7405 = DIRECTION('',(1.,0.,0.));
#7406 = ( GEOMETRIC_REPRESENTATION_CONTEXT(3) 
GLOBAL_UNCERTAINTY_ASSIGNED_CONTEXT((#7410)) 
GLOBAL_UNIT_ASSIGNED_CONTEXT((#7407,#7408,#7409)) REPRESENTATION_CONTEXT
('Context #1','3D Context with UNIT and UNCERTAINTY') );
#7407 = ( LENGTH_UNIT() NAMED_UNIT(*) SI_UNIT(.MILLI.,.METRE.) );
#7408 = ( NAMED_UNIT(*) PLANE_ANGLE_UNIT() SI_UNIT($,.RADIAN.) );
#7409 = ( NAMED_UNIT(*) SI_UNIT($,.STERADIAN.) SOLID_ANGLE_UNIT() );
#7410 = UNCERTAINTY_MEASURE_WITH_UNIT(LENGTH_MEASURE(5.E-05),#7407,
  'distance_accuracy_value','confusion accuracy');
#7411 = PRODUCT_RELATED_PRODUCT_CATEGORY('part',$,(#7));
#7412 = MECHANICAL_DESIGN_GEOMETRIC_PRESENTATION_REPRESENTATION('',(
    #7413),#7406);
#7413 = STYLED_ITEM('color',(#7414),#15);
#7414 = PRESENTATION_STYLE_ASSIGNMENT((#7415,#7423));
#7415 = SURFACE_STYLE_USAGE(.BOTH.,#7416);
#7416 = SURFACE_SIDE_STYLE('',(#7417,#7421));
#7417 = SURFACE_STYLE_FILL_AREA(#7418);
#7418 = FILL_AREA_STYLE('',(#7419));
#7419 = FILL_AREA_STYLE_COLOUR('',#7420);
#7420 = COLOUR_RGB('',0.447058818107,0.474509808674,0.501960817233);
#7421 = SURFACE_STYLE_RENDERING_WITH_PROPERTIES(.NORMAL_SHADING.,#7420,(
    #7422));
#7422 = SURFACE_STYLE_TRANSPARENT(0.699999988079);
#7423 = CURVE_STYLE('',#7424,POSITIVE_LENGTH_MEASURE(0.1),#7425);
#7424 = DRAUGHTING_PRE_DEFINED_CURVE_FONT('continuous');
#7425 = COLOUR_RGB('',9.803921802644E-02,9.803921802644E-02,
  9.803921802644E-02);
ENDSEC;
END-ISO-10303-21;
